"249180010","PSZCZYNA                      ","2025","03","01",3.6,,-2.0,,1.2,,-2.9,,0.4,,"W",,"9"
"249180010","PSZCZYNA                      ","2025","03","02",5.6,,-1.5,,1.4,,-4.9,,0.7,,"W",,"9"
"249180010","PSZCZYNA                      ","2025","03","03",7.6,,-1.1,,2.5,,-4.9,,,"9",,,"9"
"249180010","PSZCZYNA                      ","2025","03","04",12.0,,-2.6,,3.8,,-5.1,,,"9",,,"9"
"249180010","PSZCZYNA                      ","2025","03","05",16.8,,-2.8,,6.1,,-5.8,,,"9",,,"9"
"249180010","PSZCZYNA                      ","2025","03","06",20.9,,-2.5,,7.6,,-4.5,,,"9",,,"9"
"249180010","PSZCZYNA                      ","2025","03","07",19.4,,0.5,,8.3,,-3.4,,,"9",,,"9"
"249180010","PSZCZYNA                      ","2025","03","08",19.6,,-2.2,,7.3,,-4.9,,,"9",,,"9"
"249180010","PSZCZYNA                      ","2025","03","09",20.1,,1.7,,9.7,,-2.1,,,"9",,,"9"
"249180010","PSZCZYNA                      ","2025","03","10",19.1,,4.4,,10.9,,-1.0,,1.2,,"W",,"9"
"249180010","PSZCZYNA                      ","2025","03","11",15.3,,7.2,,10.2,,4.4,,,"9",,,"9"
"249180010","PSZCZYNA                      ","2025","03","12",17.3,,0.8,,8.5,,-2.4,,1.2,,"W",,"9"
"249180010","PSZCZYNA                      ","2025","03","13",12.5,,0.5,,4.4,,1.0,,8.4,,"W",,"9"
"249180010","PSZCZYNA                      ","2025","03","14",4.5,,-0.5,,2.2,,-1.9,,15.1,,"W",,"9"
"249180010","PSZCZYNA                      ","2025","03","15",3.3,,-0.6,,1.0,,-1.9,,0.5,,"W",,"9"
"249180010","PSZCZYNA                      ","2025","03","16",4.5,,-3.6,,-0.1,,-5.2,,1.4,,"S",,"9"
"249180010","PSZCZYNA                      ","2025","03","17",4.2,,-4.0,,-0.9,,-6.6,,0.1,,"S",2,
"249180010","PSZCZYNA                      ","2025","03","18",5.3,,-7.2,,-0.6,,-9.3,,,"9",,,"9"
"249180010","PSZCZYNA                      ","2025","03","19",9.7,,-6.5,,1.8,,-7.8,,,"9",,,"9"
"249180010","PSZCZYNA                      ","2025","03","20",14.3,,-5.8,,3.8,,-7.4,,,"9",,,"9"
"249180010","PSZCZYNA                      ","2025","03","21",15.6,,-3.8,,5.3,,-6.3,,,"9",,,"9"
"249180010","PSZCZYNA                      ","2025","03","22",15.2,,-2.4,,6.2,,-4.7,,,"9",,,"9"
"249180010","PSZCZYNA                      ","2025","03","23",9.5,,-0.5,,5.6,,-0.5,,8.5,,"W",,"9"
"249180010","PSZCZYNA                      ","2025","03","24",14.3,,5.3,,9.2,,2.5,,1.0,,"W",,"9"
"249180010","PSZCZYNA                      ","2025","03","25",13.9,,3.5,,8.2,,-0.5,,,"9",,,"9"
"249180010","PSZCZYNA                      ","2025","03","26",16.0,,0.1,,7.8,,-2.7,,,"9",,,"9"
"249180010","PSZCZYNA                      ","2025","03","27",10.8,,4.6,,7.4,,1.7,,,"9",,,"9"
"249180010","PSZCZYNA                      ","2025","03","28",13.1,,2.0,,7.1,,-0.5,,,"9",,,"9"
"249180010","PSZCZYNA                      ","2025","03","29",16.4,,3.7,,9.3,,1.0,,,"9",,,"9"
"249180010","PSZCZYNA                      ","2025","03","30",12.9,,3.3,,8.3,,1.5,,0.6,,"W",,"9"
"249180010","PSZCZYNA                      ","2025","03","31",10.5,,3.1,,7.0,,0.5,,1.0,,"W",,"9"
"249190560","JAB£ONKA                      ","2025","03","01",4.5,,-4.5,,-0.9,,,"8",0.1,,"S",,"9"
"249190560","JAB£ONKA                      ","2025","03","02",4.5,,-1.0,,0.5,,,"8",,"9",,,"9"
"249190560","JAB£ONKA                      ","2025","03","03",8.1,,-4.5,,0.8,,,"8",,"9",,,"9"
"249190560","JAB£ONKA                      ","2025","03","04",12.8,,-8.0,,-0.7,,,"8",,"9",,,"9"
"249190560","JAB£ONKA                      ","2025","03","05",15.8,,-9.9,,-0.1,,,"8",,"9",,,"9"
"249190560","JAB£ONKA                      ","2025","03","06",18.3,,-4.9,,4.4,,,"8",,"9",,,"9"
"249190560","JAB£ONKA                      ","2025","03","07",15.7,,-3.2,,3.0,,,"8",,"9",,,"9"
"249190560","JAB£ONKA                      ","2025","03","08",18.0,,-7.0,,2.2,,,"8",,"9",,,"9"
"249190560","JAB£ONKA                      ","2025","03","09",17.1,,-5.9,,3.4,,,"8",,"9",,,"9"
"249190560","JAB£ONKA                      ","2025","03","10",16.9,,-2.2,,6.9,,,"8",2.0,,"W",,"9"
"249190560","JAB£ONKA                      ","2025","03","11",12.9,,6.4,,8.4,,,"8",,"9",,,"9"
"249190560","JAB£ONKA                      ","2025","03","12",13.9,,-2.8,,5.0,,,"8",0.0,,"W",,"9"
"249190560","JAB£ONKA                      ","2025","03","13",12.2,,4.2,,6.9,,,"8",1.8,,"W",,"9"
"249190560","JAB£ONKA                      ","2025","03","14",7.7,,2.0,,4.1,,,"8",9.2,,"S",,"9"
"249190560","JAB£ONKA                      ","2025","03","15",4.1,,-1.3,,0.5,,,"8",3.5,,"S",,"9"
"249190560","JAB£ONKA                      ","2025","03","16",-0.8,,-2.3,,-1.8,,,"8",0.1,,"S",0,
"249190560","JAB£ONKA                      ","2025","03","17",-0.5,,-7.3,,-3.8,,,"8",1.9,,"S",0,
"249190560","JAB£ONKA                      ","2025","03","18",2.9,,-15.3,,-7.2,,,"8",,"9",,2,
"249190560","JAB£ONKA                      ","2025","03","19",9.7,,-11.9,,-3.3,,,"8",,"9",,,"9"
"249190560","JAB£ONKA                      ","2025","03","20",13.3,,-9.2,,0.0,,,"8",,"9",,,"9"
"249190560","JAB£ONKA                      ","2025","03","21",14.9,,-7.2,,2.0,,,"8",,"9",,,"9"
"249190560","JAB£ONKA                      ","2025","03","22",14.5,,-7.0,,2.1,,,"8",,"9",,,"9"
"249190560","JAB£ONKA                      ","2025","03","23",10.8,,-0.5,,4.9,,,"8",0.2,,"W",,"9"
"249190560","JAB£ONKA                      ","2025","03","24",13.0,,1.4,,6.0,,,"8",6.0,,"W",,"9"
"249190560","JAB£ONKA                      ","2025","03","25",13.8,,5.2,,7.8,,,"8",,"9",,,"9"
"249190560","JAB£ONKA                      ","2025","03","26",14.0,,-1.8,,4.8,,,"8",,"9",,,"9"
"249190560","JAB£ONKA                      ","2025","03","27",8.1,,5.1,,6.1,,,"8",,"9",,,"9"
"249190560","JAB£ONKA                      ","2025","03","28",10.8,,3.8,,6.3,,,"8",,"9",,,"9"
"249190560","JAB£ONKA                      ","2025","03","29",14.4,,1.2,,7.1,,,"8",,"9",,,"9"
"249190560","JAB£ONKA                      ","2025","03","30",12.2,,2.3,,6.5,,,"8",,"9",,,"9"
"249190560","JAB£ONKA                      ","2025","03","31",8.3,,3.4,,5.1,,,"8",0.6,,"W",,"9"
"249190670","POLANA CHOCHO£OWSKA           ","2025","03","01",2.0,,-7.0,,-3.0,,,"8",4.8,,"S",10,
"249190670","POLANA CHOCHO£OWSKA           ","2025","03","02",1.3,,-6.4,,-3.7,,,"8",,"9",,9,
"249190670","POLANA CHOCHO£OWSKA           ","2025","03","03",6.6,,-7.1,,-1.6,,,"8",,"9",,7,
"249190670","POLANA CHOCHO£OWSKA           ","2025","03","04",9.6,,-5.4,,-0.1,,,"8",,"9",,,"9"
"249190670","POLANA CHOCHO£OWSKA           ","2025","03","05",13.4,,-3.6,,2.8,,,"8",,"9",,,"9"
"249190670","POLANA CHOCHO£OWSKA           ","2025","03","06",14.9,,0.9,,7.1,,,"8",,"9",,,"9"
"249190670","POLANA CHOCHO£OWSKA           ","2025","03","07",13.4,,0.7,,4.8,,,"8",,"9",,,"9"
"249190670","POLANA CHOCHO£OWSKA           ","2025","03","08",15.0,,-0.4,,5.0,,,"8",,"9",,,"9"
"249190670","POLANA CHOCHO£OWSKA           ","2025","03","09",14.6,,1.1,,6.9,,,"8",,"9",,,"9"
"249190670","POLANA CHOCHO£OWSKA           ","2025","03","10",12.2,,6.6,,8.7,,,"8",2.3,,"W",,"9"
"249190670","POLANA CHOCHO£OWSKA           ","2025","03","11",9.4,,2.3,,5.2,,,"8",,"9",,,"9"
"249190670","POLANA CHOCHO£OWSKA           ","2025","03","12",10.0,,0.8,,5.9,,,"8",3.4,,"W",,"9"
"249190670","POLANA CHOCHO£OWSKA           ","2025","03","13",8.7,,3.9,,6.0,,,"8",8.8,,"W",,"9"
"249190670","POLANA CHOCHO£OWSKA           ","2025","03","14",6.0,,-0.7,,3.3,,,"8",19.1,,"S",,"9"
"249190670","POLANA CHOCHO£OWSKA           ","2025","03","15",3.4,,-4.3,,-1.3,,,"8",5.2,,"S",1,
"249190670","POLANA CHOCHO£OWSKA           ","2025","03","16",0.0,,-4.9,,-2.4,,,"8",0.4,,"S",9,
"249190670","POLANA CHOCHO£OWSKA           ","2025","03","17",-2.0,,-8.8,,-5.8,,,"8",3.6,,"S",5,
"249190670","POLANA CHOCHO£OWSKA           ","2025","03","18",-1.8,,-14.2,,-8.9,,,"8",,"9",,9,
"249190670","POLANA CHOCHO£OWSKA           ","2025","03","19",4.0,,-9.9,,-3.3,,,"8",,"9",,7,
"249190670","POLANA CHOCHO£OWSKA           ","2025","03","20",10.4,,-5.0,,0.7,,,"8",,"9",,3,
"249190670","POLANA CHOCHO£OWSKA           ","2025","03","21",10.3,,-4.7,,1.6,,,"8",,"9",,,"9"
"249190670","POLANA CHOCHO£OWSKA           ","2025","03","22",10.6,,-2.3,,3.6,,,"8",0.3,,"W",,"9"
"249190670","POLANA CHOCHO£OWSKA           ","2025","03","23",7.1,,2.1,,5.2,,,"8",3.3,,"W",,"9"
"249190670","POLANA CHOCHO£OWSKA           ","2025","03","24",10.3,,4.1,,6.1,,,"8",3.1,,"W",,"9"
"249190670","POLANA CHOCHO£OWSKA           ","2025","03","25",9.0,,1.9,,4.4,,,"8",,"9",,,"9"
"249190670","POLANA CHOCHO£OWSKA           ","2025","03","26",9.4,,-1.2,,4.2,,,"8",2.6,,"W",,"9"
"249190670","POLANA CHOCHO£OWSKA           ","2025","03","27",6.3,,1.1,,3.1,,,"8",0.2,,"W",,"9"
"249190670","POLANA CHOCHO£OWSKA           ","2025","03","28",8.9,,-1.2,,2.9,,,"8",,"9",,,"9"
"249190670","POLANA CHOCHO£OWSKA           ","2025","03","29",10.0,,2.6,,6.1,,,"8",,"9",,,"9"
"249190670","POLANA CHOCHO£OWSKA           ","2025","03","30",7.3,,2.7,,5.0,,,"8",5.4,,"S",,"9"
"249190670","POLANA CHOCHO£OWSKA           ","2025","03","31",5.2,,-0.4,,1.6,,,"8",12.8,,"S",2,
"249190890","RADZIECHOWY                   ","2025","03","01",6.3,,-2.4,,0.9,,-4.8,,1.3,,"S",,"9"
"249190890","RADZIECHOWY                   ","2025","03","02",5.9,,0.3,,2.1,,-3.3,,0.2,,"W",,"9"
"249190890","RADZIECHOWY                   ","2025","03","03",8.3,,-2.1,,2.4,,-4.8,,,"9",,,"9"
"249190890","RADZIECHOWY                   ","2025","03","04",12.4,,-5.2,,1.4,,-7.8,,,"9",,,"9"
"249190890","RADZIECHOWY                   ","2025","03","05",17.0,,-5.7,,4.8,,-9.2,,,"9",,,"9"
"249190890","RADZIECHOWY                   ","2025","03","06",20.1,,1.7,,9.4,,-2.8,,,"9",,,"9"
"249190890","RADZIECHOWY                   ","2025","03","07",18.4,,0.1,,6.7,,-3.0,,,"9",,,"9"
"249190890","RADZIECHOWY                   ","2025","03","08",20.5,,-4.1,,5.3,,-6.8,,,"9",,,"9"
"249190890","RADZIECHOWY                   ","2025","03","09",20.7,,-2.1,,7.9,,-5.6,,,"9",,,"9"
"249190890","RADZIECHOWY                   ","2025","03","10",18.3,,4.7,,12.1,,0.1,,3.0,,"W",,"9"
"249190890","RADZIECHOWY                   ","2025","03","11",13.9,,8.4,,10.3,,7.5,,,"9",,,"9"
"249190890","RADZIECHOWY                   ","2025","03","12",16.5,,2.6,,9.1,,-0.8,,0.3,,"W",,"9"
"249190890","RADZIECHOWY                   ","2025","03","13",14.2,,3.2,,7.5,,3.1,,3.0,,"W",,"9"
"249190890","RADZIECHOWY                   ","2025","03","14",5.4,,0.8,,3.0,,0.4,,24.9,,"W",,"9"
"249190890","RADZIECHOWY                   ","2025","03","15",5.4,,0.4,,1.9,,0.4,,1.8,,"S",,"9"
"249190890","RADZIECHOWY                   ","2025","03","16",2.0,,-2.3,,-0.7,,-4.3,,0.7,,"S",,"9"
"249190890","RADZIECHOWY                   ","2025","03","17",1.5,,-5.2,,-2.0,,-7.5,,1.7,,"S",1,
"249190890","RADZIECHOWY                   ","2025","03","18",4.3,,-11.8,,-4.3,,-13.9,,,"9",,,"9"
"249190890","RADZIECHOWY                   ","2025","03","19",10.4,,-8.0,,0.4,,-9.8,,,"9",,,"9"
"249190890","RADZIECHOWY                   ","2025","03","20",13.7,,-2.4,,4.6,,-5.0,,,"9",,,"9"
"249190890","RADZIECHOWY                   ","2025","03","21",16.0,,-3.7,,4.7,,-6.6,,,"9",,,"9"
"249190890","RADZIECHOWY                   ","2025","03","22",17.0,,-3.9,,6.1,,-6.6,,,"9",,,"9"
"249190890","RADZIECHOWY                   ","2025","03","23",13.1,,5.0,,9.0,,2.2,,6.6,,"W",,"9"
"249190890","RADZIECHOWY                   ","2025","03","24",13.9,,8.0,,10.1,,5.5,,10.2,,"W",,"9"
"249190890","RADZIECHOWY                   ","2025","03","25",13.5,,6.7,,8.8,,4.6,,,"9",,,"9"
"249190890","RADZIECHOWY                   ","2025","03","26",14.6,,-1.4,,6.0,,-3.9,,0.2,,"W",,"9"
"249190890","RADZIECHOWY                   ","2025","03","27",10.9,,6.1,,7.5,,5.3,,,"9",,,"9"
"249190890","RADZIECHOWY                   ","2025","03","28",13.2,,3.3,,7.5,,0.2,,,"9",,,"9"
"249190890","RADZIECHOWY                   ","2025","03","29",14.8,,3.8,,9.3,,1.7,,,"9",,,"9"
"249190890","RADZIECHOWY                   ","2025","03","30",13.1,,5.0,,8.6,,2.3,,0.1,,"W",,"9"
"249190890","RADZIECHOWY                   ","2025","03","31",9.9,,4.5,,6.7,,2.6,,0.7,,"W",,"9"
"249200020","£AZY                          ","2025","03","01",6.6,,-2.8,,1.3,,,"8",4.2,,"S",,"9"
"249200020","£AZY                          ","2025","03","02",3.5,,0.2,,1.4,,,"8",0.3,,"W",,"9"
"249200020","£AZY                          ","2025","03","03",6.8,,-0.3,,3.0,,,"8",,"9",,,"9"
"249200020","£AZY                          ","2025","03","04",10.9,,-1.4,,4.3,,,"8",,"9",,,"9"
"249200020","£AZY                          ","2025","03","05",16.8,,-3.8,,4.4,,,"8",,"9",,,"9"
"249200020","£AZY                          ","2025","03","06",22.4,,-0.9,,9.5,,,"8",,"9",,,"9"
"249200020","£AZY                          ","2025","03","07",19.2,,2.5,,9.0,,,"8",,"9",,,"9"
"249200020","£AZY                          ","2025","03","08",18.7,,-1.5,,6.1,,,"8",,"9",,,"9"
"249200020","£AZY                          ","2025","03","09",19.5,,-1.6,,7.9,,,"8",,"9",,,"9"
"249200020","£AZY                          ","2025","03","10",21.1,,5.1,,13.0,,,"8",0.5,,"W",,"9"
"249200020","£AZY                          ","2025","03","11",16.9,,9.8,,12.1,,,"8",,"9",,,"9"
"249200020","£AZY                          ","2025","03","12",17.3,,3.9,,10.3,,,"8",0.1,,"W",,"9"
"249200020","£AZY                          ","2025","03","13",14.2,,6.4,,9.6,,,"8",2.2,,"W",,"9"
"249200020","£AZY                          ","2025","03","14",6.4,,0.0,,3.3,,,"8",11.5,,"W",,"9"
"249200020","£AZY                          ","2025","03","15",4.6,,-0.2,,1.4,,,"8",4.7,,"S",,"9"
"249200020","£AZY                          ","2025","03","16",2.4,,-1.4,,-0.1,,,"8",0.7,,"S",0,
"249200020","£AZY                          ","2025","03","17",2.7,,-2.5,,-0.1,,,"8",0.6,,"S",1,
"249200020","£AZY                          ","2025","03","18",4.8,,-8.1,,-1.5,,,"8",,"9",,,"9"
"249200020","£AZY                          ","2025","03","19",10.2,,-3.5,,2.2,,,"8",,"9",,,"9"
"249200020","£AZY                          ","2025","03","20",14.5,,-5.0,,3.4,,,"8",,"9",,,"9"
"249200020","£AZY                          ","2025","03","21",15.1,,-1.3,,6.0,,,"8",,"9",,,"9"
"249200020","£AZY                          ","2025","03","22",14.8,,-3.2,,6.1,,,"8",,"9",,,"9"
"249200020","£AZY                          ","2025","03","23",12.5,,7.2,,9.8,,,"8",1.2,,"W",,"9"
"249200020","£AZY                          ","2025","03","24",14.2,,7.8,,10.4,,,"8",1.3,,"W",,"9"
"249200020","£AZY                          ","2025","03","25",12.2,,6.3,,8.2,,,"8",0.0,,"W",,"9"
"249200020","£AZY                          ","2025","03","26",16.8,,-1.2,,7.5,,,"8",0.7,,"W",,"9"
"249200020","£AZY                          ","2025","03","27",12.6,,6.3,,8.6,,,"8",0.1,,"W",,"9"
"249200020","£AZY                          ","2025","03","28",14.2,,3.7,,8.6,,,"8",,"9",,,"9"
"249200020","£AZY                          ","2025","03","29",16.0,,3.1,,9.3,,,"8",,"9",,,"9"
"249200020","£AZY                          ","2025","03","30",13.0,,0.4,,7.3,,,"8",,"9",,,"9"
"249200020","£AZY                          ","2025","03","31",10.4,,5.8,,7.9,,,"8",0.2,,"W",,"9"
"249200130","JASTRZÊBIA                    ","2025","03","01",9.2,,-4.4,,0.7,,,"8",2.6,,"S",,"9"
"249200130","JASTRZÊBIA                    ","2025","03","02",3.6,,0.5,,1.6,,,"8",0.2,,"W",,"9"
"249200130","JASTRZÊBIA                    ","2025","03","03",7.5,,0.2,,2.5,,,"8",,"9",,,"9"
"249200130","JASTRZÊBIA                    ","2025","03","04",12.1,,-4.8,,1.1,,,"8",,"9",,,"9"
"249200130","JASTRZÊBIA                    ","2025","03","05",18.4,,-6.6,,2.4,,,"8",,"9",,,"9"
"249200130","JASTRZÊBIA                    ","2025","03","06",19.0,,-4.5,,5.8,,,"8",,"9",,,"9"
"249200130","JASTRZÊBIA                    ","2025","03","07",19.1,,-3.4,,5.1,,,"8",,"9",,,"9"
"249200130","JASTRZÊBIA                    ","2025","03","08",19.2,,-3.4,,4.6,,,"8",,"9",,,"9"
"249200130","JASTRZÊBIA                    ","2025","03","09",21.1,,-4.0,,6.5,,,"8",,"9",,,"9"
"249200130","JASTRZÊBIA                    ","2025","03","10",20.5,,0.2,,9.3,,,"8",,"9",,,"9"
"249200130","JASTRZÊBIA                    ","2025","03","11",17.4,,8.1,,11.8,,,"8",,"9",,,"9"
"249200130","JASTRZÊBIA                    ","2025","03","12",18.1,,-0.4,,7.8,,,"8",0.4,,"W",,"9"
"249200130","JASTRZÊBIA                    ","2025","03","13",15.2,,6.8,,10.7,,,"8",4.7,,"W",,"9"
"249200130","JASTRZÊBIA                    ","2025","03","14",10.4,,1.2,,4.8,,,"8",3.2,,"W",,"9"
"249200130","JASTRZÊBIA                    ","2025","03","15",5.2,,0.0,,1.7,,,"8",7.3,,"S",,"9"
"249200130","JASTRZÊBIA                    ","2025","03","16",1.1,,-1.5,,-0.6,,,"8",2.1,,"S",0,
"249200130","JASTRZÊBIA                    ","2025","03","17",2.4,,-5.4,,-1.2,,,"8",2.0,,"S",2,
"249200130","JASTRZÊBIA                    ","2025","03","18",5.1,,-11.0,,-4.1,,,"8",,"9",,,"9"
"249200130","JASTRZÊBIA                    ","2025","03","19",10.4,,-7.8,,-0.7,,,"8",,"9",,,"9"
"249200130","JASTRZÊBIA                    ","2025","03","20",14.1,,-6.8,,2.8,,,"8",,"9",,,"9"
"249200130","JASTRZÊBIA                    ","2025","03","21",15.5,,-5.6,,2.6,,,"8",,"9",,,"9"
"249200130","JASTRZÊBIA                    ","2025","03","22",15.0,,-5.2,,4.0,,,"8",,"9",,,"9"
"249200130","JASTRZÊBIA                    ","2025","03","23",12.0,,4.5,,8.6,,,"8",1.0,,"W",,"9"
"249200130","JASTRZÊBIA                    ","2025","03","24",16.4,,4.1,,9.1,,,"8",14.5,,"W",,"9"
"249200130","JASTRZÊBIA                    ","2025","03","25",10.4,,5.0,,6.8,,,"8",,"9",,,"9"
"249200130","JASTRZÊBIA                    ","2025","03","26",16.6,,-0.8,,6.3,,,"8",,"9",,,"9"
"249200130","JASTRZÊBIA                    ","2025","03","27",10.1,,6.6,,8.0,,,"8",,"9",,,"9"
"249200130","JASTRZÊBIA                    ","2025","03","28",13.2,,4.8,,8.6,,,"8",,"9",,,"9"
"249200130","JASTRZÊBIA                    ","2025","03","29",16.1,,0.4,,7.6,,,"8",,"9",,,"9"
"249200130","JASTRZÊBIA                    ","2025","03","30",13.6,,0.0,,6.5,,,"8",,"9",,,"9"
"249200130","JASTRZÊBIA                    ","2025","03","31",10.2,,5.4,,7.5,,,"8",0.3,,"W",,"9"
"249200180","LIMANOWA                      ","2025","03","01",7.4,,-1.6,,1.3,,-3.6,,1.8,,"S",,"9"
"249200180","LIMANOWA                      ","2025","03","02",4.0,,-0.9,,0.7,,-1.2,,0.7,,"S",0,
"249200180","LIMANOWA                      ","2025","03","03",6.6,,-1.4,,2.1,,-1.6,,,"9",,0,
"249200180","LIMANOWA                      ","2025","03","04",11.0,,0.0,,4.5,,-3.7,,,"9",,,"9"
"249200180","LIMANOWA                      ","2025","03","05",17.2,,1.7,,8.8,,-4.8,,,"9",,,"9"
"249200180","LIMANOWA                      ","2025","03","06",20.8,,2.8,,10.3,,-0.4,,,"9",,,"9"
"249200180","LIMANOWA                      ","2025","03","07",17.0,,5.2,,10.2,,0.4,,,"9",,,"9"
"249200180","LIMANOWA                      ","2025","03","08",18.2,,4.3,,10.1,,-2.1,,,"9",,,"9"
"249200180","LIMANOWA                      ","2025","03","09",19.6,,6.2,,11.7,,2.0,,,"9",,,"9"
"249200180","LIMANOWA                      ","2025","03","10",19.5,,6.8,,12.0,,2.0,,,"9",,,"9"
"249200180","LIMANOWA                      ","2025","03","11",14.8,,8.4,,10.9,,6.3,,,"9",,,"9"
"249200180","LIMANOWA                      ","2025","03","12",15.8,,4.3,,9.3,,0.4,,,"9",,,"9"
"249200180","LIMANOWA                      ","2025","03","13",13.6,,8.0,,10.0,,7.0,,1.1,,"W",,"9"
"249200180","LIMANOWA                      ","2025","03","14",9.2,,1.5,,4.2,,1.5,,6.1,,"S",,"9"
"249200180","LIMANOWA                      ","2025","03","15",4.0,,-1.3,,0.4,,-1.0,,6.4,,"S",,"9"
"249200180","LIMANOWA                      ","2025","03","16",-0.9,,-3.0,,-2.0,,-3.5,,0.6,,"S",7,
"249200180","LIMANOWA                      ","2025","03","17",0.0,,-4.2,,-2.0,,-6.4,,4.2,,"S",4,
"249200180","LIMANOWA                      ","2025","03","18",2.8,,-9.1,,-3.7,,-12.3,,,"9",,6,
"249200180","LIMANOWA                      ","2025","03","19",9.0,,-4.5,,1.7,,-7.4,,,"9",,5,
"249200180","LIMANOWA                      ","2025","03","20",13.8,,-1.7,,5.2,,-4.5,,,"9",,,"9"
"249200180","LIMANOWA                      ","2025","03","21",14.4,,0.2,,6.3,,-2.2,,,"9",,,"9"
"249200180","LIMANOWA                      ","2025","03","22",14.1,,0.9,,6.6,,-1.6,,,"9",,,"9"
"249200180","LIMANOWA                      ","2025","03","23",12.3,,3.6,,7.8,,1.9,,0.2,,"W",,"9"
"249200180","LIMANOWA                      ","2025","03","24",14.2,,6.2,,9.4,,3.7,,10.7,,"W",,"9"
"249200180","LIMANOWA                      ","2025","03","25",9.4,,5.5,,6.8,,4.0,,0.1,,"W",,"9"
"249200180","LIMANOWA                      ","2025","03","26",14.3,,2.1,,7.6,,-0.2,,,"9",,,"9"
"249200180","LIMANOWA                      ","2025","03","27",10.0,,4.9,,6.7,,5.0,,,"9",,,"9"
"249200180","LIMANOWA                      ","2025","03","28",8.4,,3.9,,6.0,,4.0,,,"9",,,"9"
"249200180","LIMANOWA                      ","2025","03","29",13.4,,5.3,,9.1,,3.4,,,"9",,,"9"
"249200180","LIMANOWA                      ","2025","03","30",11.5,,3.8,,7.5,,1.1,,0.6,,"W",,"9"
"249200180","LIMANOWA                      ","2025","03","31",8.9,,3.8,,5.7,,3.5,,1.1,,"W",,"9"
"249200260","£¥CKO                         ","2025","03","01",7.7,,-3.6,,1.0,,,"8",0.4,,"W",,"9"
"249200260","£¥CKO                         ","2025","03","02",7.0,,-0.4,,2.0,,,"8",0.0,,"W",0,
"249200260","£¥CKO                         ","2025","03","03",9.4,,-2.6,,2.9,,,"8",,"9",,,"9"
"249200260","£¥CKO                         ","2025","03","04",13.8,,-3.6,,2.3,,,"8",,"9",,,"9"
"249200260","£¥CKO                         ","2025","03","05",18.2,,-4.1,,4.6,,,"8",,"9",,,"9"
"249200260","£¥CKO                         ","2025","03","06",21.7,,-1.8,,7.1,,,"8",,"9",,,"9"
"249200260","£¥CKO                         ","2025","03","07",18.3,,-1.1,,6.0,,,"8",,"9",,,"9"
"249200260","£¥CKO                         ","2025","03","08",19.9,,-1.8,,6.4,,,"8",,"9",,,"9"
"249200260","£¥CKO                         ","2025","03","09",21.5,,-1.1,,7.9,,,"8",,"9",,,"9"
"249200260","£¥CKO                         ","2025","03","10",21.5,,-0.3,,9.1,,,"8",,"9",,,"9"
"249200260","£¥CKO                         ","2025","03","11",15.8,,6.5,,11.0,,,"8",,"9",,,"9"
"249200260","£¥CKO                         ","2025","03","12",17.6,,0.2,,8.1,,,"8",,"9",,,"9"
"249200260","£¥CKO                         ","2025","03","13",15.8,,5.1,,9.7,,,"8",,"9",,,"9"
"249200260","£¥CKO                         ","2025","03","14",10.4,,2.8,,5.7,,,"8",4.6,,"S",,"9"
"249200260","£¥CKO                         ","2025","03","15",6.3,,0.4,,1.9,,,"8",7.5,,"S",0,
"249200260","£¥CKO                         ","2025","03","16",0.5,,-0.6,,-0.3,,,"8",0.0,,"W",1,
"249200260","£¥CKO                         ","2025","03","17",2.5,,-3.8,,-1.2,,,"8",2.1,,"S",2,
"249200260","£¥CKO                         ","2025","03","18",4.9,,-10.4,,-3.8,,,"8",,"9",,,"9"
"249200260","£¥CKO                         ","2025","03","19",10.9,,-6.9,,0.3,,,"8",,"9",,,"9"
"249200260","£¥CKO                         ","2025","03","20",15.3,,-5.2,,3.9,,,"8",,"9",,,"9"
"249200260","£¥CKO                         ","2025","03","21",15.8,,-4.0,,4.6,,,"8",,"9",,,"9"
"249200260","£¥CKO                         ","2025","03","22",15.9,,-3.1,,5.5,,,"8",,"9",,,"9"
"249200260","£¥CKO                         ","2025","03","23",14.5,,2.4,,8.7,,,"8",,"9",,,"9"
"249200260","£¥CKO                         ","2025","03","24",16.3,,3.2,,8.6,,,"8",18.6,,"W",,"9"
"249200260","£¥CKO                         ","2025","03","25",9.3,,7.0,,7.7,,,"8",0.3,,"W",,"9"
"249200260","£¥CKO                         ","2025","03","26",15.7,,1.3,,7.5,,,"8",,"9",,,"9"
"249200260","£¥CKO                         ","2025","03","27",10.4,,7.0,,8.0,,,"8",,"9",,,"9"
"249200260","£¥CKO                         ","2025","03","28",9.1,,5.1,,6.7,,,"8",,"9",,,"9"
"249200260","£¥CKO                         ","2025","03","29",14.0,,2.3,,8.0,,,"8",,"9",,,"9"
"249200260","£¥CKO                         ","2025","03","30",12.5,,1.8,,7.8,,,"8",2.0,,"W",,"9"
"249200260","£¥CKO                         ","2025","03","31",9.7,,3.9,,6.2,,,"8",0.7,,"W",,"9"
"249200370","KROŒCIENKO                    ","2025","03","01",8.2,,-2.1,,1.8,,,"8",1.5,,"S",,"9"
"249200370","KROŒCIENKO                    ","2025","03","02",6.5,,-0.2,,1.9,,,"8",0.0,,"W",1,
"249200370","KROŒCIENKO                    ","2025","03","03",9.7,,-1.6,,2.7,,,"8",,"9",,,"9"
"249200370","KROŒCIENKO                    ","2025","03","04",13.6,,-4.1,,1.9,,,"8",,"9",,,"9"
"249200370","KROŒCIENKO                    ","2025","03","05",17.2,,-5.6,,2.9,,,"8",,"9",,,"9"
"249200370","KROŒCIENKO                    ","2025","03","06",21.3,,-4.2,,5.7,,,"8",,"9",,,"9"
"249200370","KROŒCIENKO                    ","2025","03","07",18.2,,-0.9,,5.7,,,"8",,"9",,,"9"
"249200370","KROŒCIENKO                    ","2025","03","08",20.5,,-2.8,,5.4,,,"8",,"9",,,"9"
"249200370","KROŒCIENKO                    ","2025","03","09",21.2,,-2.5,,7.3,,,"8",,"9",,,"9"
"249200370","KROŒCIENKO                    ","2025","03","10",20.2,,1.6,,9.8,,,"8",,"9",,,"9"
"249200370","KROŒCIENKO                    ","2025","03","11",16.0,,8.0,,10.7,,,"8",,"9",,,"9"
"249200370","KROŒCIENKO                    ","2025","03","12",16.2,,0.4,,7.2,,,"8",0.3,,"W",,"9"
"249200370","KROŒCIENKO                    ","2025","03","13",14.5,,7.5,,10.3,,,"8",0.0,,"W",,"9"
"249200370","KROŒCIENKO                    ","2025","03","14",10.8,,2.3,,5.8,,,"8",1.6,,"S",,"9"
"249200370","KROŒCIENKO                    ","2025","03","15",7.0,,0.4,,2.1,,,"8",8.2,,"S",1,
"249200370","KROŒCIENKO                    ","2025","03","16",0.5,,-1.3,,-0.4,,,"8",0.0,,"S",7,
"249200370","KROŒCIENKO                    ","2025","03","17",0.5,,-5.2,,-2.4,,,"8",2.0,,"S",5,
"249200370","KROŒCIENKO                    ","2025","03","18",3.5,,-12.6,,-5.7,,,"8",,"9",,6,
"249200370","KROŒCIENKO                    ","2025","03","19",10.5,,-8.9,,-1.4,,,"8",,"9",,5,
"249200370","KROŒCIENKO                    ","2025","03","20",14.5,,-5.9,,1.9,,,"8",,"9",,,"9"
"249200370","KROŒCIENKO                    ","2025","03","21",16.1,,-5.0,,3.2,,,"8",,"9",,,"9"
"249200370","KROŒCIENKO                    ","2025","03","22",16.1,,-3.0,,5.2,,,"8",,"9",,,"9"
"249200370","KROŒCIENKO                    ","2025","03","23",13.5,,5.1,,9.2,,,"8",,"9",,,"9"
"249200370","KROŒCIENKO                    ","2025","03","24",14.5,,4.7,,8.4,,,"8",10.0,,"W",,"9"
"249200370","KROŒCIENKO                    ","2025","03","25",10.5,,6.2,,7.7,,,"8",0.1,,"W",,"9"
"249200370","KROŒCIENKO                    ","2025","03","26",17.0,,1.8,,8.0,,,"8",,"9",,,"9"
"249200370","KROŒCIENKO                    ","2025","03","27",10.0,,7.0,,8.0,,,"8",,"9",,,"9"
"249200370","KROŒCIENKO                    ","2025","03","28",9.1,,3.9,,6.2,,,"8",,"9",,,"9"
"249200370","KROŒCIENKO                    ","2025","03","29",14.4,,3.0,,7.7,,,"8",,"9",,,"9"
"249200370","KROŒCIENKO                    ","2025","03","30",13.0,,2.1,,7.2,,,"8",2.4,,"W",,"9"
"249200370","KROŒCIENKO                    ","2025","03","31",9.0,,4.1,,5.9,,,"8",0.8,,"W",,"9"
"249200420","NIEDZICA                      ","2025","03","01",6.5,,-2.7,,0.6,,,"8",2.1,,"S",,"9"
"249200420","NIEDZICA                      ","2025","03","02",6.2,,-0.4,,1.6,,,"8",,"9",,2,
"249200420","NIEDZICA                      ","2025","03","03",8.9,,-1.2,,2.8,,,"8",,"9",,,"9"
"249200420","NIEDZICA                      ","2025","03","04",13.5,,-5.1,,1.7,,,"8",,"9",,,"9"
"249200420","NIEDZICA                      ","2025","03","05",17.1,,-7.0,,2.4,,,"8",,"9",,,"9"
"249200420","NIEDZICA                      ","2025","03","06",20.0,,-4.5,,4.7,,,"8",,"9",,,"9"
"249200420","NIEDZICA                      ","2025","03","07",16.7,,-3.0,,4.9,,,"8",,"9",,,"9"
"249200420","NIEDZICA                      ","2025","03","08",18.9,,-4.4,,4.7,,,"8",,"9",,,"9"
"249200420","NIEDZICA                      ","2025","03","09",19.3,,-3.6,,6.6,,,"8",,"9",,,"9"
"249200420","NIEDZICA                      ","2025","03","10",19.2,,1.0,,8.6,,,"8",,"9",,,"9"
"249200420","NIEDZICA                      ","2025","03","11",14.2,,4.2,,8.2,,,"8",,"9",,,"9"
"249200420","NIEDZICA                      ","2025","03","12",17.7,,-1.2,,6.4,,,"8",0.0,,"W",,"9"
"249200420","NIEDZICA                      ","2025","03","13",13.5,,8.1,,9.8,,,"8",0.1,,"W",,"9"
"249200420","NIEDZICA                      ","2025","03","14",11.0,,2.8,,6.1,,,"8",3.7,,"S",,"9"
"249200420","NIEDZICA                      ","2025","03","15",7.3,,-0.5,,1.7,,,"8",4.5,,"S",0,
"249200420","NIEDZICA                      ","2025","03","16",0.5,,-1.7,,-0.8,,,"8",0.1,,"S",4,
"249200420","NIEDZICA                      ","2025","03","17",0.6,,-6.5,,-2.9,,,"8",1.4,,"S",0,
"249200420","NIEDZICA                      ","2025","03","18",3.4,,-13.0,,-5.6,,,"8",,"9",,0,
"249200420","NIEDZICA                      ","2025","03","19",9.6,,-10.5,,-2.0,,,"8",,"9",,,"9"
"249200420","NIEDZICA                      ","2025","03","20",13.7,,-7.5,,1.1,,,"8",,"9",,,"9"
"249200420","NIEDZICA                      ","2025","03","21",15.1,,-6.0,,2.6,,,"8",,"9",,,"9"
"249200420","NIEDZICA                      ","2025","03","22",14.1,,-4.6,,3.8,,,"8",,"9",,,"9"
"249200420","NIEDZICA                      ","2025","03","23",11.6,,4.3,,7.3,,,"8",0.0,,"W",,"9"
"249200420","NIEDZICA                      ","2025","03","24",12.8,,3.7,,7.2,,,"8",2.2,,"W",,"9"
"249200420","NIEDZICA                      ","2025","03","25",11.5,,6.4,,8.0,,,"8",0.5,,"W",,"9"
"249200420","NIEDZICA                      ","2025","03","26",15.2,,1.2,,7.3,,,"8",,"9",,,"9"
"249200420","NIEDZICA                      ","2025","03","27",11.0,,5.9,,7.5,,,"8",,"9",,,"9"
"249200420","NIEDZICA                      ","2025","03","28",9.0,,4.3,,6.4,,,"8",,"9",,,"9"
"249200420","NIEDZICA                      ","2025","03","29",13.7,,3.3,,7.8,,,"8",,"9",,,"9"
"249200420","NIEDZICA                      ","2025","03","30",10.9,,2.3,,6.3,,,"8",0.7,,"W",,"9"
"249200420","NIEDZICA                      ","2025","03","31",8.3,,3.8,,5.3,,,"8",3.4,,"W",,"9"
"249200480","BUKOWINA TATRZAÑSKA           ","2025","03","01",2.9,,-4.4,,-1.7,,,"8",2.8,,"S",1,
"249200480","BUKOWINA TATRZAÑSKA           ","2025","03","02",2.0,,-3.0,,-1.3,,,"8",,"9",,3,
"249200480","BUKOWINA TATRZAÑSKA           ","2025","03","03",5.6,,-2.7,,0.9,,,"8",,"9",,,"9"
"249200480","BUKOWINA TATRZAÑSKA           ","2025","03","04",9.0,,-2.9,,2.0,,,"8",,"9",,,"9"
"249200480","BUKOWINA TATRZAÑSKA           ","2025","03","05",13.0,,-1.7,,4.6,,,"8",,"9",,,"9"
"249200480","BUKOWINA TATRZAÑSKA           ","2025","03","06",17.4,,2.3,,8.4,,,"8",,"9",,,"9"
"249200480","BUKOWINA TATRZAÑSKA           ","2025","03","07",14.0,,3.0,,7.4,,,"8",,"9",,,"9"
"249200480","BUKOWINA TATRZAÑSKA           ","2025","03","08",15.2,,3.9,,8.9,,,"8",,"9",,,"9"
"249200480","BUKOWINA TATRZAÑSKA           ","2025","03","09",15.3,,5.1,,9.5,,,"8",,"9",,,"9"
"249200480","BUKOWINA TATRZAÑSKA           ","2025","03","10",15.2,,6.6,,10.2,,,"8",,"9",,,"9"
"249200480","BUKOWINA TATRZAÑSKA           ","2025","03","11",11.3,,4.9,,7.2,,,"8",,"9",,,"9"
"249200480","BUKOWINA TATRZAÑSKA           ","2025","03","12",12.0,,1.9,,6.7,,,"8",0.1,,"W",,"9"
"249200480","BUKOWINA TATRZAÑSKA           ","2025","03","13",10.1,,5.2,,6.9,,,"8",0.9,,"W",,"9"
"249200480","BUKOWINA TATRZAÑSKA           ","2025","03","14",7.9,,0.8,,3.5,,,"8",7.0,,"S",,"9"
"249200480","BUKOWINA TATRZAÑSKA           ","2025","03","15",4.5,,-2.8,,-0.6,,,"8",8.1,,"S",0,
"249200480","BUKOWINA TATRZAÑSKA           ","2025","03","16",-1.1,,-3.6,,-2.6,,,"8",,"9",,8,
"249200480","BUKOWINA TATRZAÑSKA           ","2025","03","17",-2.1,,-7.0,,-4.5,,,"8",1.7,,"S",5,
"249200480","BUKOWINA TATRZAÑSKA           ","2025","03","18",-2.1,,-11.6,,-7.0,,,"8",,"9",,7,
"249200480","BUKOWINA TATRZAÑSKA           ","2025","03","19",6.0,,-8.2,,-1.4,,,"8",,"9",,5,
"249200480","BUKOWINA TATRZAÑSKA           ","2025","03","20",10.0,,-3.6,,2.4,,,"8",,"9",,,"9"
"249200480","BUKOWINA TATRZAÑSKA           ","2025","03","21",11.5,,-1.3,,4.4,,,"8",,"9",,,"9"
"249200480","BUKOWINA TATRZAÑSKA           ","2025","03","22",12.2,,1.1,,5.5,,,"8",,"9",,,"9"
"249200480","BUKOWINA TATRZAÑSKA           ","2025","03","23",9.6,,0.5,,5.1,,,"8",,"9",,,"9"
"249200480","BUKOWINA TATRZAÑSKA           ","2025","03","24",10.5,,4.2,,6.5,,,"8",4.4,,"W",,"9"
"249200480","BUKOWINA TATRZAÑSKA           ","2025","03","25",10.0,,4.2,,6.4,,,"8",0.2,,"W",,"9"
"249200480","BUKOWINA TATRZAÑSKA           ","2025","03","26",12.4,,2.0,,7.0,,,"8",,"9",,,"9"
"249200480","BUKOWINA TATRZAÑSKA           ","2025","03","27",9.3,,3.3,,5.0,,,"8",,"9",,,"9"
"249200480","BUKOWINA TATRZAÑSKA           ","2025","03","28",6.2,,2.3,,4.2,,,"8",,"9",,,"9"
"249200480","BUKOWINA TATRZAÑSKA           ","2025","03","29",12.5,,3.4,,6.9,,,"8",,"9",,,"9"
"249200480","BUKOWINA TATRZAÑSKA           ","2025","03","30",9.0,,4.7,,6.4,,,"8",0.9,,"W",,"9"
"249200480","BUKOWINA TATRZAÑSKA           ","2025","03","31",7.0,,1.5,,3.0,,,"8",5.5,,"W",,"9"
"249200550","DOLINA PIÊCIU STAWÓW          ","2025","03","01",-3.8,,-10.2,,-7.6,,,"8",6.0,,"S",85,
"249200550","DOLINA PIÊCIU STAWÓW          ","2025","03","02",-3.3,,-8.7,,-6.6,,,"8",0.0,,"S",90,
"249200550","DOLINA PIÊCIU STAWÓW          ","2025","03","03",4.4,,-9.2,,-2.1,,,"8",,"9",,88,
"249200550","DOLINA PIÊCIU STAWÓW          ","2025","03","04",4.9,,-7.2,,-0.1,,,"8",,"9",,86,
"249200550","DOLINA PIÊCIU STAWÓW          ","2025","03","05",7.0,,0.0,,2.7,,,"8",,"9",,80,
"249200550","DOLINA PIÊCIU STAWÓW          ","2025","03","06",9.0,,0.8,,5.0,,,"8",,"9",,77,
"249200550","DOLINA PIÊCIU STAWÓW          ","2025","03","07",9.6,,2.8,,4.6,,,"8",,"9",,72,
"249200550","DOLINA PIÊCIU STAWÓW          ","2025","03","08",8.0,,-0.7,,2.4,,,"8",,"9",,69,
"249200550","DOLINA PIÊCIU STAWÓW          ","2025","03","09",9.6,,0.8,,4.6,,,"8",,"9",,67,
"249200550","DOLINA PIÊCIU STAWÓW          ","2025","03","10",6.0,,2.9,,4.0,,,"8",9.7,,"W",64,
"249200550","DOLINA PIÊCIU STAWÓW          ","2025","03","11",3.9,,-0.2,,1.3,,,"8",0.1,,"S",59,
"249200550","DOLINA PIÊCIU STAWÓW          ","2025","03","12",4.4,,-1.2,,1.5,,,"8",7.7,,"W",57,
"249200550","DOLINA PIÊCIU STAWÓW          ","2025","03","13",3.9,,-0.3,,1.6,,,"8",19.2,,"S",54,
"249200550","DOLINA PIÊCIU STAWÓW          ","2025","03","14",1.2,,-1.2,,0.1,,,"8",22.0,,"S",52,
"249200550","DOLINA PIÊCIU STAWÓW          ","2025","03","15",1.8,,-5.1,,-2.8,,,"8",7.0,,"S",60,
"249200550","DOLINA PIÊCIU STAWÓW          ","2025","03","16",-0.4,,-7.7,,-4.3,,,"8",0.3,,"S",68,
"249200550","DOLINA PIÊCIU STAWÓW          ","2025","03","17",-3.5,,-12.6,,-9.0,,,"8",4.6,,"S",69,
"249200550","DOLINA PIÊCIU STAWÓW          ","2025","03","18",-5.1,,-13.8,,-11.0,,,"8",,"9",,80,
"249200550","DOLINA PIÊCIU STAWÓW          ","2025","03","19",1.6,,-11.6,,-4.9,,,"8",,"9",,79,
"249200550","DOLINA PIÊCIU STAWÓW          ","2025","03","20",5.4,,-4.2,,0.3,,,"8",,"9",,78,
"249200550","DOLINA PIÊCIU STAWÓW          ","2025","03","21",6.0,,-4.7,,-0.6,,,"8",,"9",,76,
"249200550","DOLINA PIÊCIU STAWÓW          ","2025","03","22",4.4,,-4.2,,-0.9,,,"8",0.1,,"S",72,
"249200550","DOLINA PIÊCIU STAWÓW          ","2025","03","23",2.9,,-0.7,,1.4,,,"8",12.7,,"S",68,
"249200550","DOLINA PIÊCIU STAWÓW          ","2025","03","24",4.4,,1.2,,2.2,,,"8",1.1,,"W",64,
"249200550","DOLINA PIÊCIU STAWÓW          ","2025","03","25",6.0,,-0.2,,1.8,,,"8",,"9",,60,
"249200550","DOLINA PIÊCIU STAWÓW          ","2025","03","26",5.4,,-1.2,,1.7,,,"8",5.7,,"S",58,
"249200550","DOLINA PIÊCIU STAWÓW          ","2025","03","27",2.4,,-1.7,,-0.3,,,"8",,"9",,56,
"249200550","DOLINA PIÊCIU STAWÓW          ","2025","03","28",8.5,,-3.7,,2.1,,,"8",,"9",,54,
"249200550","DOLINA PIÊCIU STAWÓW          ","2025","03","29",5.9,,1.6,,3.3,,,"8",0.1,,"W",51,
"249200550","DOLINA PIÊCIU STAWÓW          ","2025","03","30",2.4,,0.2,,1.0,,,"8",5.3,,"S",49,
"249200550","DOLINA PIÊCIU STAWÓW          ","2025","03","31",1.3,,-3.3,,-2.0,,,"8",10.7,,"S",51,
"249200920","PIWNICZNA                     ","2025","03","01",9.2,,-1.6,,2.1,,,"8",1.9,,"S",,"9"
"249200920","PIWNICZNA                     ","2025","03","02",5.6,,-0.7,,1.3,,,"8",,"9",,0,
"249200920","PIWNICZNA                     ","2025","03","03",8.5,,-2.4,,2.0,,,"8",,"9",,,"9"
"249200920","PIWNICZNA                     ","2025","03","04",13.1,,-3.8,,1.7,,,"8",,"9",,,"9"
"249200920","PIWNICZNA                     ","2025","03","05",17.7,,-5.2,,3.4,,,"8",,"9",,,"9"
"249200920","PIWNICZNA                     ","2025","03","06",18.7,,-1.8,,5.6,,,"8",,"9",,,"9"
"249200920","PIWNICZNA                     ","2025","03","07",19.4,,-0.9,,6.5,,,"8",,"9",,,"9"
"249200920","PIWNICZNA                     ","2025","03","08",20.8,,-1.8,,5.9,,,"8",,"9",,,"9"
"249200920","PIWNICZNA                     ","2025","03","09",21.1,,-1.5,,7.6,,,"8",,"9",,,"9"
"249200920","PIWNICZNA                     ","2025","03","10",19.5,,0.6,,9.2,,,"8",,"9",,,"9"
"249200920","PIWNICZNA                     ","2025","03","11",16.5,,6.6,,9.8,,,"8",0.9,,"W",,"9"
"249200920","PIWNICZNA                     ","2025","03","12",16.7,,5.1,,9.4,,,"8",0.9,,"W",,"9"
"249200920","PIWNICZNA                     ","2025","03","13",14.2,,7.9,,10.0,,,"8",3.5,,"W",,"9"
"249200920","PIWNICZNA                     ","2025","03","14",10.5,,1.4,,5.1,,,"8",3.7,,"S",,"9"
"249200920","PIWNICZNA                     ","2025","03","15",6.2,,0.1,,1.8,,,"8",5.7,,"S",0,
"249200920","PIWNICZNA                     ","2025","03","16",0.4,,-1.6,,-0.8,,,"8",0.9,,"S",2,
"249200920","PIWNICZNA                     ","2025","03","17",1.1,,-5.9,,-2.6,,,"8",3.2,,"S",2,
"249200920","PIWNICZNA                     ","2025","03","18",3.2,,-12.5,,-5.9,,,"8",,"9",,4,
"249200920","PIWNICZNA                     ","2025","03","19",9.4,,-7.9,,-1.4,,,"8",,"9",,3,
"249200920","PIWNICZNA                     ","2025","03","20",12.6,,-4.4,,1.6,,,"8",,"9",,,"9"
"249200920","PIWNICZNA                     ","2025","03","21",15.4,,-3.8,,3.5,,,"8",,"9",,,"9"
"249200920","PIWNICZNA                     ","2025","03","22",15.7,,-2.6,,5.4,,,"8",,"9",,,"9"
"249200920","PIWNICZNA                     ","2025","03","23",10.6,,7.1,,8.7,,,"8",0.2,,"W",,"9"
"249200920","PIWNICZNA                     ","2025","03","24",13.6,,6.7,,9.3,,,"8",12.1,,"W",,"9"
"249200920","PIWNICZNA                     ","2025","03","25",10.3,,6.6,,7.9,,,"8",,"9",,,"9"
"249200920","PIWNICZNA                     ","2025","03","26",17.1,,3.3,,8.3,,,"8",,"9",,,"9"
"249200920","PIWNICZNA                     ","2025","03","27",9.6,,6.9,,7.9,,,"8",,"9",,,"9"
"249200920","PIWNICZNA                     ","2025","03","28",8.6,,1.3,,5.1,,,"8",,"9",,,"9"
"249200920","PIWNICZNA                     ","2025","03","29",13.4,,3.2,,7.7,,,"8",,"9",,,"9"
"249200920","PIWNICZNA                     ","2025","03","30",11.5,,2.3,,6.2,,,"8",0.6,,"W",,"9"
"249200920","PIWNICZNA                     ","2025","03","31",8.1,,5.2,,6.3,,,"8",0.9,,"W",,"9"
"249200930","PORONIN                       ","2025","03","01",3.9,,-6.9,,-2.4,,,"8",1.0,,"S",2,
"249200930","PORONIN                       ","2025","03","02",3.1,,-2.3,,-0.8,,,"8",,"9",,4,
"249200930","PORONIN                       ","2025","03","03",6.5,,-4.3,,0.3,,,"8",,"9",,,"9"
"249200930","PORONIN                       ","2025","03","04",10.6,,-6.9,,-1.2,,,"8",,"9",,,"9"
"249200930","PORONIN                       ","2025","03","05",14.4,,-9.0,,-0.6,,,"8",,"9",,,"9"
"249200930","PORONIN                       ","2025","03","06",18.2,,-5.8,,2.6,,,"8",,"9",,,"9"
"249200930","PORONIN                       ","2025","03","07",14.9,,-4.3,,2.4,,,"8",,"9",,,"9"
"249200930","PORONIN                       ","2025","03","08",16.3,,-5.3,,2.4,,,"8",,"9",,,"9"
"249200930","PORONIN                       ","2025","03","09",15.2,,-4.3,,3.1,,,"8",,"9",,,"9"
"249200930","PORONIN                       ","2025","03","10",15.6,,2.9,,9.3,,,"8",,"9",,,"9"
"249200930","PORONIN                       ","2025","03","11",12.8,,3.4,,6.5,,,"8",0.1,,"W",,"9"
"249200930","PORONIN                       ","2025","03","12",13.8,,-3.2,,4.8,,,"8",0.3,,"W",,"9"
"249200930","PORONIN                       ","2025","03","13",11.4,,4.5,,7.1,,,"8",1.4,,"W",,"9"
"249200930","PORONIN                       ","2025","03","14",8.5,,1.4,,4.2,,,"8",10.1,,"S",,"9"
"249200930","PORONIN                       ","2025","03","15",5.2,,-2.2,,0.3,,,"8",4.8,,"S",1,
"249200930","PORONIN                       ","2025","03","16",0.5,,-3.7,,-1.7,,,"8",0.1,,"W",8,
"249200930","PORONIN                       ","2025","03","17",-0.4,,-9.0,,-5.1,,,"8",3.6,,"S",6,
"249200930","PORONIN                       ","2025","03","18",0.5,,-17.6,,-8.9,,,"8",,"9",,10,
"249200930","PORONIN                       ","2025","03","19",7.2,,-13.3,,-4.4,,,"8",,"9",,7,
"249200930","PORONIN                       ","2025","03","20",11.5,,-9.7,,-1.2,,,"8",,"9",,3,
"249200930","PORONIN                       ","2025","03","21",12.1,,-7.4,,0.6,,,"8",,"9",,,"9"
"249200930","PORONIN                       ","2025","03","22",12.9,,-5.3,,2.7,,,"8",,"9",,,"9"
"249200930","PORONIN                       ","2025","03","23",10.9,,-1.7,,4.7,,,"8",0.6,,"W",,"9"
"249200930","PORONIN                       ","2025","03","24",11.4,,1.7,,5.7,,,"8",6.3,,"W",,"9"
"249200930","PORONIN                       ","2025","03","25",12.4,,4.5,,6.9,,,"8",0.3,,"W",,"9"
"249200930","PORONIN                       ","2025","03","26",10.9,,-3.0,,,"8",,"8",0.2,,"W",,"9"
"249200930","PORONIN                       ","2025","03","27",6.8,,4.0,,5.1,,,"8",,"9",,,"9"
"249200930","PORONIN                       ","2025","03","28",7.5,,2.9,,4.8,,,"8",,"9",,,"9"
"249200930","PORONIN                       ","2025","03","29",12.6,,1.3,,6.7,,,"8",,"9",,,"9"
"249200930","PORONIN                       ","2025","03","30",9.9,,2.9,,6.9,,,"8",1.3,,"W",,"9"
"249200930","PORONIN                       ","2025","03","31",8.1,,1.4,,3.6,,,"8",8.5,,"W",,"9"
"249200980","MSZANA DOLNA                  ","2025","03","01",6.4,,-4.3,,0.0,,,"8",2.6,,"S",,"9"
"249200980","MSZANA DOLNA                  ","2025","03","02",4.8,,-1.4,,0.7,,,"8",0.9,,"S",1,
"249200980","MSZANA DOLNA                  ","2025","03","03",7.1,,-1.4,,1.4,,,"8",,"9",,1,
"249200980","MSZANA DOLNA                  ","2025","03","04",11.5,,-4.4,,1.1,,,"8",,"9",,,"9"
"249200980","MSZANA DOLNA                  ","2025","03","05",16.8,,-4.6,,4.5,,,"8",,"9",,,"9"
"249200980","MSZANA DOLNA                  ","2025","03","06",19.8,,1.3,,9.5,,,"8",,"9",,,"9"
"249200980","MSZANA DOLNA                  ","2025","03","07",18.1,,-0.4,,5.7,,,"8",,"9",,,"9"
"249200980","MSZANA DOLNA                  ","2025","03","08",20.1,,-3.1,,5.6,,,"8",,"9",,,"9"
"249200980","MSZANA DOLNA                  ","2025","03","09",20.5,,-1.6,,7.3,,,"8",,"9",,,"9"
"249200980","MSZANA DOLNA                  ","2025","03","10",19.3,,-0.1,,8.6,,,"8",0.5,,"W",,"9"
"249200980","MSZANA DOLNA                  ","2025","03","11",14.7,,8.4,,10.7,,,"8",,"9",,,"9"
"249200980","MSZANA DOLNA                  ","2025","03","12",16.0,,2.5,,8.3,,,"8",,"9",,,"9"
"249200980","MSZANA DOLNA                  ","2025","03","13",13.1,,5.1,,8.4,,,"8",1.3,,"W",,"9"
"249200980","MSZANA DOLNA                  ","2025","03","14",7.8,,2.6,,4.3,,,"8",12.5,,"W",,"9"
"249200980","MSZANA DOLNA                  ","2025","03","15",3.8,,-0.9,,0.5,,,"8",2.3,,"S",,"9"
"249200980","MSZANA DOLNA                  ","2025","03","16",0.1,,-1.7,,-1.2,,,"8",1.4,,"S",0,
"249200980","MSZANA DOLNA                  ","2025","03","17",0.5,,-5.4,,-2.8,,,"8",2.7,,"S",1,
"249200980","MSZANA DOLNA                  ","2025","03","18",3.3,,-12.3,,-6.0,,,"8",,"9",,3,
"249200980","MSZANA DOLNA                  ","2025","03","19",10.2,,-8.3,,-0.6,,,"8",,"9",,,"9"
"249200980","MSZANA DOLNA                  ","2025","03","20",14.3,,-3.9,,3.5,,,"8",,"9",,,"9"
"249200980","MSZANA DOLNA                  ","2025","03","21",15.2,,-3.2,,4.7,,,"8",,"9",,,"9"
"249200980","MSZANA DOLNA                  ","2025","03","22",15.2,,-3.4,,4.9,,,"8",,"9",,,"9"
"249200980","MSZANA DOLNA                  ","2025","03","23",12.7,,0.8,,6.6,,,"8",0.3,,"W",,"9"
"249200980","MSZANA DOLNA                  ","2025","03","24",14.3,,3.9,,8.5,,,"8",6.2,,"W",,"9"
"249200980","MSZANA DOLNA                  ","2025","03","25",12.0,,6.5,,8.0,,,"8",0.1,,"W",,"9"
"249200980","MSZANA DOLNA                  ","2025","03","26",15.2,,-0.2,,6.4,,,"8",,"9",,,"9"
"249200980","MSZANA DOLNA                  ","2025","03","27",10.1,,6.1,,7.3,,,"8",,"9",,,"9"
"249200980","MSZANA DOLNA                  ","2025","03","28",9.7,,4.9,,7.0,,,"8",,"9",,,"9"
"249200980","MSZANA DOLNA                  ","2025","03","29",14.3,,3.6,,8.5,,,"8",,"9",,,"9"
"249200980","MSZANA DOLNA                  ","2025","03","30",11.9,,1.1,,6.4,,,"8",,"9",,,"9"
"249200980","MSZANA DOLNA                  ","2025","03","31",9.6,,3.6,,5.8,,,"8",1.4,,"W",,"9"
"249220150","SOLINA-JAWOR                  ","2025","03","01",6.5,,-0.6,,2.1,,-1.0,,2.3,,"S",,"9"
"249220150","SOLINA-JAWOR                  ","2025","03","02",2.3,,-0.9,,0.2,,-1.2,,0.8,,"S",3,
"249220150","SOLINA-JAWOR                  ","2025","03","03",5.0,,-1.8,,0.9,,-2.5,,,"9",,3,
"249220150","SOLINA-JAWOR                  ","2025","03","04",9.6,,-1.5,,3.6,,-4.2,,,"9",,,"9"
"249220150","SOLINA-JAWOR                  ","2025","03","05",13.9,,-2.9,,4.7,,-6.5,,,"9",,,"9"
"249220150","SOLINA-JAWOR                  ","2025","03","06",17.6,,0.7,,8.0,,-2.6,,,"9",,,"9"
"249220150","SOLINA-JAWOR                  ","2025","03","07",19.7,,-0.3,,7.3,,-3.4,,,"9",,,"9"
"249220150","SOLINA-JAWOR                  ","2025","03","08",19.4,,-2.3,,7.0,,-6.6,,,"9",,,"9"
"249220150","SOLINA-JAWOR                  ","2025","03","09",19.0,,-1.6,,7.3,,-5.8,,,"9",,,"9"
"249220150","SOLINA-JAWOR                  ","2025","03","10",16.4,,2.8,,11.3,,-1.0,,,"9",,,"9"
"249220150","SOLINA-JAWOR                  ","2025","03","11",14.6,,8.9,,11.1,,7.6,,3.5,,"W",,"9"
"249220150","SOLINA-JAWOR                  ","2025","03","12",14.0,,5.0,,9.9,,3.7,,2.1,,"W",,"9"
"249220150","SOLINA-JAWOR                  ","2025","03","13",12.9,,6.9,,9.7,,4.9,,4.1,,"W",,"9"
"249220150","SOLINA-JAWOR                  ","2025","03","14",12.3,,2.9,,7.0,,2.4,,6.9,,"S",,"9"
"249220150","SOLINA-JAWOR                  ","2025","03","15",11.2,,-1.0,,2.6,,-1.2,,8.5,,"S",,"9"
"249220150","SOLINA-JAWOR                  ","2025","03","16",0.4,,-2.1,,-0.9,,-2.4,,0.3,,"S",7,
"249220150","SOLINA-JAWOR                  ","2025","03","17",-0.3,,-3.5,,-2.3,,-4.2,,0.4,,"S",4,
"249220150","SOLINA-JAWOR                  ","2025","03","18",2.4,,-9.2,,-3.5,,-12.0,,,"9",,3,
"249220150","SOLINA-JAWOR                  ","2025","03","19",8.0,,-6.6,,-0.1,,-9.4,,,"9",,,"9"
"249220150","SOLINA-JAWOR                  ","2025","03","20",11.6,,-4.0,,3.3,,-7.0,,,"9",,,"9"
"249220150","SOLINA-JAWOR                  ","2025","03","21",13.4,,-2.9,,4.0,,-5.8,,,"9",,,"9"
"249220150","SOLINA-JAWOR                  ","2025","03","22",14.9,,-3.6,,5.3,,-6.5,,0.5,,"W",,"9"
"249220150","SOLINA-JAWOR                  ","2025","03","23",11.5,,4.3,,7.6,,3.7,,1.3,,"W",,"9"
"249220150","SOLINA-JAWOR                  ","2025","03","24",12.0,,8.7,,10.1,,7.1,,1.0,,"W",,"9"
"249220150","SOLINA-JAWOR                  ","2025","03","25",10.2,,5.3,,6.9,,2.7,,,"9",,,"9"
"249220150","SOLINA-JAWOR                  ","2025","03","26",16.2,,-0.9,,6.9,,-2.1,,,"9",,,"9"
"249220150","SOLINA-JAWOR                  ","2025","03","27",11.3,,-0.9,,4.9,,-2.8,,,"9",,,"9"
"249220150","SOLINA-JAWOR                  ","2025","03","28",12.0,,4.6,,8.1,,4.5,,,"9",,,"9"
"249220150","SOLINA-JAWOR                  ","2025","03","29",14.4,,2.5,,7.9,,-0.8,,,"9",,,"9"
"249220150","SOLINA-JAWOR                  ","2025","03","30",12.4,,2.5,,7.1,,0.1,,6.8,,"W",,"9"
"249220150","SOLINA-JAWOR                  ","2025","03","31",9.1,,3.9,,6.0,,3.7,,0.7,,"W",,"9"
"249220180","KOMAÑCZA                      ","2025","03","01",7.1,,-2.0,,1.5,,,"8",1.9,,"S",0,
"249220180","KOMAÑCZA                      ","2025","03","02",1.8,,-1.0,,0.3,,,"8",1.1,,"S",3,
"249220180","KOMAÑCZA                      ","2025","03","03",6.8,,-2.5,,0.9,,,"8",,"9",,3,
"249220180","KOMAÑCZA                      ","2025","03","04",9.8,,-4.7,,1.1,,,"8",,"9",,,"9"
"249220180","KOMAÑCZA                      ","2025","03","05",11.7,,-5.0,,2.3,,,"8",,"9",,,"9"
"249220180","KOMAÑCZA                      ","2025","03","06",16.3,,-4.0,,5.2,,,"8",,"9",,,"9"
"249220180","KOMAÑCZA                      ","2025","03","07",17.5,,-1.9,,4.9,,,"8",,"9",,,"9"
"249220180","KOMAÑCZA                      ","2025","03","08",20.3,,-6.0,,3.4,,,"8",,"9",,,"9"
"249220180","KOMAÑCZA                      ","2025","03","09",17.7,,-6.0,,3.2,,,"8",,"9",,,"9"
"249220180","KOMAÑCZA                      ","2025","03","10",16.8,,-1.0,,9.7,,,"8",0.0,,"W",,"9"
"249220180","KOMAÑCZA                      ","2025","03","11",14.8,,6.8,,10.0,,,"8",2.6,,"W",,"9"
"249220180","KOMAÑCZA                      ","2025","03","12",11.8,,6.1,,8.8,,,"8",4.1,,"W",,"9"
"249220180","KOMAÑCZA                      ","2025","03","13",11.3,,4.0,,8.3,,,"8",17.6,,"W",,"9"
"249220180","KOMAÑCZA                      ","2025","03","14",11.8,,3.0,,6.8,,,"8",12.8,,"S",,"9"
"249220180","KOMAÑCZA                      ","2025","03","15",10.8,,-1.5,,2.4,,,"8",7.2,,"S",1,
"249220180","KOMAÑCZA                      ","2025","03","16",0.2,,-2.0,,-1.2,,,"8",0.3,,"S",5,
"249220180","KOMAÑCZA                      ","2025","03","17",0.7,,-8.0,,-3.9,,,"8",1.3,,"S",4,
"249220180","KOMAÑCZA                      ","2025","03","18",2.7,,-14.1,,-6.6,,,"8",,"9",,5,
"249220180","KOMAÑCZA                      ","2025","03","19",8.3,,-10.4,,-3.0,,,"8",,"9",,,"9"
"249220180","KOMAÑCZA                      ","2025","03","20",9.8,,-8.0,,1.1,,,"8",,"9",,,"9"
"249220180","KOMAÑCZA                      ","2025","03","21",12.8,,-6.0,,1.3,,,"8",,"9",,,"9"
"249220180","KOMAÑCZA                      ","2025","03","22",14.8,,-8.0,,2.0,,,"8",,"9",,,"9"
"249220180","KOMAÑCZA                      ","2025","03","23",10.8,,3.9,,7.5,,,"8",4.1,,"W",,"9"
"249220180","KOMAÑCZA                      ","2025","03","24",9.8,,6.4,,8.4,,,"8",2.1,,"W",,"9"
"249220180","KOMAÑCZA                      ","2025","03","25",10.8,,4.8,,6.7,,,"8",0.6,,"W",,"9"
"249220180","KOMAÑCZA                      ","2025","03","26",15.8,,-1.0,,5.3,,,"8",,"9",,,"9"
"249220180","KOMAÑCZA                      ","2025","03","27",9.8,,-3.0,,3.1,,,"8",,"9",,,"9"
"249220180","KOMAÑCZA                      ","2025","03","28",13.3,,4.4,,8.2,,,"8",,"9",,,"9"
"249220180","KOMAÑCZA                      ","2025","03","29",14.8,,0.0,,5.9,,,"8",,"9",,,"9"
"249220180","KOMAÑCZA                      ","2025","03","30",12.8,,1.0,,6.2,,,"8",3.6,,"W",,"9"
"249220180","KOMAÑCZA                      ","2025","03","31",8.3,,3.9,,5.8,,,"8",1.9,,"W",,"9"
"250180580","DRONIOWICE                    ","2025","03","01",2.7,,-1.8,,0.8,,-3.2,,0.8,,"S",,"9"
"250180580","DRONIOWICE                    ","2025","03","02",4.5,,-0.7,,1.3,,-0.4,,0.0,,"W",,"9"
"250180580","DRONIOWICE                    ","2025","03","03",5.8,,-0.4,,2.0,,-0.8,,,"9",,,"9"
"250180580","DRONIOWICE                    ","2025","03","04",11.1,,-2.2,,2.8,,-3.4,,,"9",,,"9"
"250180580","DRONIOWICE                    ","2025","03","05",15.7,,-1.5,,4.6,,-4.0,,,"9",,,"9"
"250180580","DRONIOWICE                    ","2025","03","06",19.8,,0.3,,9.6,,-2.5,,,"9",,,"9"
"250180580","DRONIOWICE                    ","2025","03","07",18.7,,-1.0,,6.5,,-2.6,,,"9",,,"9"
"250180580","DRONIOWICE                    ","2025","03","08",20.7,,-1.5,,6.7,,-2.7,,,"9",,,"9"
"250180580","DRONIOWICE                    ","2025","03","09",19.9,,0.4,,8.7,,-1.8,,,"9",,,"9"
"250180580","DRONIOWICE                    ","2025","03","10",18.5,,6.4,,12.2,,1.9,,,"9",,,"9"
"250180580","DRONIOWICE                    ","2025","03","11",14.9,,8.6,,10.6,,7.8,,,"9",,,"9"
"250180580","DRONIOWICE                    ","2025","03","12",18.1,,5.2,,10.1,,2.6,,13.8,,"W",,"9"
"250180580","DRONIOWICE                    ","2025","03","13",9.0,,1.6,,4.8,,1.3,,8.0,,"W",,"9"
"250180580","DRONIOWICE                    ","2025","03","14",5.5,,-0.8,,1.7,,-1.8,,3.7,,"W",,"9"
"250180580","DRONIOWICE                    ","2025","03","15",6.6,,-1.2,,1.6,,0.6,,,"9",,,"9"
"250180580","DRONIOWICE                    ","2025","03","16",9.0,,-4.2,,0.8,,-5.0,,0.2,,"S",,"9"
"250180580","DRONIOWICE                    ","2025","03","17",3.0,,-2.0,,-0.6,,-3.4,,0.0,,"S",1,
"250180580","DRONIOWICE                    ","2025","03","18",6.0,,-7.0,,-1.5,,-7.1,,,"9",,,"9"
"250180580","DRONIOWICE                    ","2025","03","19",10.7,,-5.5,,1.5,,-6.3,,,"9",,,"9"
"250180580","DRONIOWICE                    ","2025","03","20",13.6,,-1.7,,5.2,,-4.2,,,"9",,,"9"
"250180580","DRONIOWICE                    ","2025","03","21",16.6,,-1.5,,6.4,,-3.2,,,"9",,,"9"
"250180580","DRONIOWICE                    ","2025","03","22",15.9,,-1.6,,6.8,,-3.0,,,"9",,,"9"
"250180580","DRONIOWICE                    ","2025","03","23",12.2,,3.0,,7.4,,-0.8,,9.4,,"W",,"9"
"250180580","DRONIOWICE                    ","2025","03","24",10.5,,7.3,,8.4,,5.8,,0.1,,"W",,"9"
"250180580","DRONIOWICE                    ","2025","03","25",14.6,,3.6,,7.4,,2.4,,,"9",,,"9"
"250180580","DRONIOWICE                    ","2025","03","26",13.3,,1.1,,6.6,,-0.7,,,"9",,,"9"
"250180580","DRONIOWICE                    ","2025","03","27",8.5,,5.3,,6.8,,3.2,,,"9",,,"9"
"250180580","DRONIOWICE                    ","2025","03","28",15.4,,-0.5,,7.7,,-0.8,,,"9",,,"9"
"250180580","DRONIOWICE                    ","2025","03","29",17.7,,3.4,,9.5,,1.0,,,"9",,,"9"
"250180580","DRONIOWICE                    ","2025","03","30",10.9,,0.5,,6.1,,0.0,,0.0,,"W",,"9"
"250180580","DRONIOWICE                    ","2025","03","31",10.1,,4.3,,7.1,,0.5,,0.0,,"W",,"9"
"250190390","KRAKÓW-OBSERWATORIUM          ","2025","03","01",6.3,,0.3,,2.7,,-1.8,,0.3,,"W",,"9"
"250190390","KRAKÓW-OBSERWATORIUM          ","2025","03","02",4.5,,1.7,,2.7,,-1.1,,0.3,,"S",,"9"
"250190390","KRAKÓW-OBSERWATORIUM          ","2025","03","03",8.1,,1.1,,3.8,,0.6,,,"9",,,"9"
"250190390","KRAKÓW-OBSERWATORIUM          ","2025","03","04",12.1,,-1.3,,4.2,,-3.4,,,"9",,,"9"
"250190390","KRAKÓW-OBSERWATORIUM          ","2025","03","05",17.9,,-1.7,,6.2,,-4.6,,,"9",,,"9"
"250190390","KRAKÓW-OBSERWATORIUM          ","2025","03","06",24.0,,-0.3,,9.4,,-3.1,,,"9",,,"9"
"250190390","KRAKÓW-OBSERWATORIUM          ","2025","03","07",20.9,,1.6,,9.3,,-1.2,,,"9",,,"9"
"250190390","KRAKÓW-OBSERWATORIUM          ","2025","03","08",20.2,,0.7,,8.6,,-3.2,,,"9",,,"9"
"250190390","KRAKÓW-OBSERWATORIUM          ","2025","03","09",20.7,,1.9,,9.7,,-0.8,,,"9",,,"9"
"250190390","KRAKÓW-OBSERWATORIUM          ","2025","03","10",21.7,,5.0,,12.4,,2.1,,3.5,,"W",,"9"
"250190390","KRAKÓW-OBSERWATORIUM          ","2025","03","11",16.7,,9.7,,12.1,,8.4,,,"9",,,"9"
"250190390","KRAKÓW-OBSERWATORIUM          ","2025","03","12",17.1,,3.7,,9.6,,1.2,,0.0,,"W",,"9"
"250190390","KRAKÓW-OBSERWATORIUM          ","2025","03","13",13.5,,4.6,,8.3,,4.4,,3.9,,"W",,"9"
"250190390","KRAKÓW-OBSERWATORIUM          ","2025","03","14",5.3,,1.6,,3.5,,-0.3,,19.4,,"S",,"9"
"250190390","KRAKÓW-OBSERWATORIUM          ","2025","03","15",4.4,,1.2,,2.3,,0.1,,0.8,,"S",,"9"
"250190390","KRAKÓW-OBSERWATORIUM          ","2025","03","16",5.8,,-0.5,,1.5,,-1.4,,0.9,,"S",,"9"
"250190390","KRAKÓW-OBSERWATORIUM          ","2025","03","17",4.5,,-0.8,,1.1,,-3.3,,0.0,,"S",1,
"250190390","KRAKÓW-OBSERWATORIUM          ","2025","03","18",6.3,,-4.6,,0.1,,-6.5,,,"9",,,"9"
"250190390","KRAKÓW-OBSERWATORIUM          ","2025","03","19",11.7,,-3.6,,2.8,,-6.3,,,"9",,,"9"
"250190390","KRAKÓW-OBSERWATORIUM          ","2025","03","20",16.2,,-3.1,,5.1,,-6.2,,,"9",,,"9"
"250190390","KRAKÓW-OBSERWATORIUM          ","2025","03","21",17.3,,-1.2,,6.8,,-4.1,,,"9",,,"9"
"250190390","KRAKÓW-OBSERWATORIUM          ","2025","03","22",15.9,,-0.4,,7.3,,-3.7,,,"9",,,"9"
"250190390","KRAKÓW-OBSERWATORIUM          ","2025","03","23",11.9,,7.3,,9.4,,3.1,,3.4,,"W",,"9"
"250190390","KRAKÓW-OBSERWATORIUM          ","2025","03","24",15.2,,7.4,,10.5,,4.4,,2.1,,"W",,"9"
"250190390","KRAKÓW-OBSERWATORIUM          ","2025","03","25",14.4,,7.4,,9.8,,5.1,,,"9",,,"9"
"250190390","KRAKÓW-OBSERWATORIUM          ","2025","03","26",18.0,,2.4,,9.1,,-0.3,,,"9",,,"9"
"250190390","KRAKÓW-OBSERWATORIUM          ","2025","03","27",12.2,,7.5,,9.2,,5.3,,0.0,,"W",,"9"
"250190390","KRAKÓW-OBSERWATORIUM          ","2025","03","28",15.1,,5.9,,9.5,,4.3,,,"9",,,"9"
"250190390","KRAKÓW-OBSERWATORIUM          ","2025","03","29",17.9,,7.0,,11.7,,4.6,,,"9",,,"9"
"250190390","KRAKÓW-OBSERWATORIUM          ","2025","03","30",15.0,,5.0,,9.6,,0.8,,1.5,,"W",,"9"
"250190390","KRAKÓW-OBSERWATORIUM          ","2025","03","31",10.7,,6.3,,8.2,,2.7,,1.3,,"W",,"9"
"250210050","ŒWIÊTY KRZY¯                  ","2025","03","01",1.6,,-0.8,,-0.2,,-0.9,,3.8,,"W",,"8"
"250210050","ŒWIÊTY KRZY¯                  ","2025","03","02",-0.6,,-2.2,,-1.5,,-1.7,,0.1,,"W",,"8"
"250210050","ŒWIÊTY KRZY¯                  ","2025","03","03",2.1,,-1.5,,0.6,,-1.4,,,"9",,,"8"
"250210050","ŒWIÊTY KRZY¯                  ","2025","03","04",7.2,,-0.6,,3.4,,-0.8,,,"9",,,"8"
"250210050","ŒWIÊTY KRZY¯                  ","2025","03","05",12.3,,1.7,,6.5,,1.1,,,"9",,,"8"
"250210050","ŒWIÊTY KRZY¯                  ","2025","03","06",16.5,,6.9,,10.8,,5.5,,,"9",,,"8"
"250210050","ŒWIÊTY KRZY¯                  ","2025","03","07",15.1,,8.5,,11.1,,5.1,,,"9",,,"8"
"250210050","ŒWIÊTY KRZY¯                  ","2025","03","08",16.2,,10.4,,12.2,,1.9,,,"9",,,"8"
"250210050","ŒWIÊTY KRZY¯                  ","2025","03","09",16.8,,10.0,,12.4,,2.3,,,"9",,,"8"
"250210050","ŒWIÊTY KRZY¯                  ","2025","03","10",15.7,,8.5,,11.6,,7.3,,1.9,,"W",,"8"
"250210050","ŒWIÊTY KRZY¯                  ","2025","03","11",13.5,,7.0,,9.2,,7.1,,,"9",,,"8"
"250210050","ŒWIÊTY KRZY¯                  ","2025","03","12",14.0,,6.1,,9.1,,5.1,,,"9",,,"8"
"250210050","ŒWIÊTY KRZY¯                  ","2025","03","13",9.9,,5.6,,7.3,,5.7,,5.7,,"W",,"8"
"250210050","ŒWIÊTY KRZY¯                  ","2025","03","14",5.6,,-0.5,,1.3,,-0.5,,15.1,,"W",,"8"
"250210050","ŒWIÊTY KRZY¯                  ","2025","03","15",-0.5,,-2.7,,-1.9,,-4.7,,,"9",,,"8"
"250210050","ŒWIÊTY KRZY¯                  ","2025","03","16",3.8,,-5.1,,-1.7,,-8.4,,0.5,,"W",,"8"
"250210050","ŒWIÊTY KRZY¯                  ","2025","03","17",1.0,,-4.3,,-2.7,,-6.2,,,"9",,,"8"
"250210050","ŒWIÊTY KRZY¯                  ","2025","03","18",2.6,,-6.5,,-1.7,,-11.5,,,"9",,,"8"
"250210050","ŒWIÊTY KRZY¯                  ","2025","03","19",7.0,,-0.7,,2.7,,-1.7,,,"9",,,"8"
"250210050","ŒWIÊTY KRZY¯                  ","2025","03","20",10.4,,1.0,,5.4,,-0.3,,,"9",,,"8"
"250210050","ŒWIÊTY KRZY¯                  ","2025","03","21",12.7,,3.2,,7.2,,2.0,,,"9",,,"8"
"250210050","ŒWIÊTY KRZY¯                  ","2025","03","22",12.9,,3.2,,7.3,,0.3,,,"9",,,"8"
"250210050","ŒWIÊTY KRZY¯                  ","2025","03","23",8.2,,3.9,,5.5,,3.1,,8.1,,"W",,"8"
"250210050","ŒWIÊTY KRZY¯                  ","2025","03","24",9.6,,5.5,,7.0,,5.5,,,"9",,,"8"
"250210050","ŒWIÊTY KRZY¯                  ","2025","03","25",10.4,,1.9,,5.6,,-0.1,,0.1,,"W",,"8"
"250210050","ŒWIÊTY KRZY¯                  ","2025","03","26",13.1,,5.6,,8.5,,1.0,,0.1,,"W",,"8"
"250210050","ŒWIÊTY KRZY¯                  ","2025","03","27",8.9,,4.4,,5.7,,4.1,,0.5,,"W",,"8"
"250210050","ŒWIÊTY KRZY¯                  ","2025","03","28",12.2,,2.4,,6.7,,1.9,,,"9",,,"8"
"250210050","ŒWIÊTY KRZY¯                  ","2025","03","29",14.6,,5.4,,9.0,,4.6,,,"9",,,"8"
"250210050","ŒWIÊTY KRZY¯                  ","2025","03","30",11.0,,7.0,,8.4,,3.7,,0.7,,"W",,"8"
"250210050","ŒWIÊTY KRZY¯                  ","2025","03","31",8.4,,3.4,,5.6,,3.3,,,"9",,,"8"
"250210130","STASZÓW                       ","2025","03","01",5.6,,-4.9,,-0.5,,,"8",2.7,,"W",,"9"
"250210130","STASZÓW                       ","2025","03","02",2.3,,0.5,,1.1,,,"8",0.1,,"W",,"9"
"250210130","STASZÓW                       ","2025","03","03",7.8,,0.6,,3.7,,,"8",,"9",,,"9"
"250210130","STASZÓW                       ","2025","03","04",11.0,,-4.0,,2.6,,,"8",,"9",,,"9"
"250210130","STASZÓW                       ","2025","03","05",16.3,,-4.5,,3.4,,,"8",,"9",,,"9"
"250210130","STASZÓW                       ","2025","03","06",20.2,,-4.8,,5.8,,,"8",,"9",,,"9"
"250210130","STASZÓW                       ","2025","03","07",19.7,,-3.2,,5.6,,,"8",,"9",,,"9"
"250210130","STASZÓW                       ","2025","03","08",20.2,,-3.1,,5.5,,,"8",,"9",,,"9"
"250210130","STASZÓW                       ","2025","03","09",19.7,,-2.9,,6.6,,,"8",,"9",,,"9"
"250210130","STASZÓW                       ","2025","03","10",19.5,,0.4,,9.4,,,"8",1.5,,"W",,"9"
"250210130","STASZÓW                       ","2025","03","11",14.9,,8.5,,10.6,,,"8",,"9",,,"9"
"250210130","STASZÓW                       ","2025","03","12",17.7,,0.4,,7.9,,,"8",1.0,,"W",,"9"
"250210130","STASZÓW                       ","2025","03","13",12.3,,6.5,,9.1,,,"8",6.6,,"W",,"9"
"250210130","STASZÓW                       ","2025","03","14",8.6,,1.7,,3.6,,,"8",18.5,,"W",,"9"
"250210130","STASZÓW                       ","2025","03","15",2.1,,0.6,,1.0,,,"8",,"9",,,"9"
"250210130","STASZÓW                       ","2025","03","16",7.5,,-5.1,,-0.2,,,"8",0.1,,"S",,"9"
"250210130","STASZÓW                       ","2025","03","17",2.9,,-4.1,,-1.0,,,"8",,"9",,0,
"250210130","STASZÓW                       ","2025","03","18",7.0,,-9.7,,-1.6,,,"8",,"9",,,"9"
"250210130","STASZÓW                       ","2025","03","19",10.6,,-7.2,,0.1,,,"8",,"9",,,"9"
"250210130","STASZÓW                       ","2025","03","20",13.7,,-6.9,,1.7,,,"8",,"9",,,"9"
"250210130","STASZÓW                       ","2025","03","21",15.3,,-5.2,,3.2,,,"8",,"9",,,"9"
"250210130","STASZÓW                       ","2025","03","22",16.1,,-3.1,,5.5,,,"8",,"9",,,"9"
"250210130","STASZÓW                       ","2025","03","23",11.0,,3.8,,6.8,,,"8",3.8,,"W",,"9"
"250210130","STASZÓW                       ","2025","03","24",13.9,,7.0,,9.4,,,"8",0.0,,"W",,"9"
"250210130","STASZÓW                       ","2025","03","25",13.7,,1.4,,6.1,,,"8",,"9",,,"9"
"250210130","STASZÓW                       ","2025","03","26",16.8,,-3.4,,6.0,,,"8",,"9",,,"9"
"250210130","STASZÓW                       ","2025","03","27",11.0,,5.4,,7.8,,,"8",,"9",,,"9"
"250210130","STASZÓW                       ","2025","03","28",16.8,,1.2,,8.8,,,"8",,"9",,,"9"
"250210130","STASZÓW                       ","2025","03","29",17.3,,6.8,,11.0,,,"8",,"9",,,"9"
"250210130","STASZÓW                       ","2025","03","30",13.9,,1.9,,7.8,,,"8",,"9",,,"9"
"250210130","STASZÓW                       ","2025","03","31",12.4,,5.2,,8.1,,,"8",0.2,,"W",,"9"
"250220120","JAROCIN                       ","2025","03","01",7.6,,-2.2,,1.5,,,"8",4.7,,"W",,"9"
"250220120","JAROCIN                       ","2025","03","02",2.1,,0.8,,1.4,,,"8",0.0,,"W",,"9"
"250220120","JAROCIN                       ","2025","03","03",7.6,,0.8,,3.9,,,"8",,"9",,,"9"
"250220120","JAROCIN                       ","2025","03","04",10.6,,-0.2,,4.5,,,"8",,"9",,,"9"
"250220120","JAROCIN                       ","2025","03","05",15.6,,0.3,,6.8,,,"8",,"9",,,"9"
"250220120","JAROCIN                       ","2025","03","06",20.1,,-2.2,,7.4,,,"8",,"9",,,"9"
"250220120","JAROCIN                       ","2025","03","07",20.6,,-2.7,,6.7,,,"8",,"9",,,"9"
"250220120","JAROCIN                       ","2025","03","08",19.6,,-2.2,,5.8,,,"8",,"9",,,"9"
"250220120","JAROCIN                       ","2025","03","09",19.1,,-3.2,,6.3,,,"8",,"9",,,"9"
"250220120","JAROCIN                       ","2025","03","10",20.1,,1.8,,10.8,,,"8",0.0,,"W",,"9"
"250220120","JAROCIN                       ","2025","03","11",16.6,,7.8,,11.4,,,"8",,"9",,,"9"
"250220120","JAROCIN                       ","2025","03","12",17.1,,5.2,,10.2,,,"8",,"9",,,"9"
"250220120","JAROCIN                       ","2025","03","13",12.1,,8.1,,10.0,,,"8",7.0,,"W",,"9"
"250220120","JAROCIN                       ","2025","03","14",11.2,,3.2,,5.7,,,"8",11.6,,"W",,"9"
"250220120","JAROCIN                       ","2025","03","15",4.6,,0.3,,1.8,,,"8",,"9",,,"9"
"250220120","JAROCIN                       ","2025","03","16",8.1,,-4.7,,0.1,,,"8",1.0,,"S",,"9"
"250220120","JAROCIN                       ","2025","03","17",3.1,,-3.7,,-0.2,,,"8",,"9",,2,
"250220120","JAROCIN                       ","2025","03","18",5.6,,-10.3,,-2.1,,,"8",,"9",,,"9"
"250220120","JAROCIN                       ","2025","03","19",10.1,,-5.8,,1.5,,,"8",,"9",,,"9"
"250220120","JAROCIN                       ","2025","03","20",14.6,,-6.3,,3.1,,,"8",,"9",,,"9"
"250220120","JAROCIN                       ","2025","03","21",15.6,,-4.7,,4.1,,,"8",,"9",,,"9"
"250220120","JAROCIN                       ","2025","03","22",16.2,,-4.2,,5.7,,,"8",,"9",,,"9"
"250220120","JAROCIN                       ","2025","03","23",10.6,,1.3,,6.4,,,"8",4.1,,"W",,"9"
"250220120","JAROCIN                       ","2025","03","24",15.1,,6.6,,9.8,,,"8",0.0,,"W",,"9"
"250220120","JAROCIN                       ","2025","03","25",12.6,,1.8,,5.8,,,"8",,"9",,,"9"
"250220120","JAROCIN                       ","2025","03","26",16.6,,-2.7,,6.0,,,"8",,"9",,,"9"
"250220120","JAROCIN                       ","2025","03","27",11.1,,4.2,,7.9,,,"8",,"9",,,"9"
"250220120","JAROCIN                       ","2025","03","28",16.6,,-2.2,,7.1,,,"8",,"9",,,"9"
"250220120","JAROCIN                       ","2025","03","29",16.6,,6.1,,10.6,,,"8",,"9",,,"9"
"250220120","JAROCIN                       ","2025","03","30",15.1,,0.8,,7.9,,,"8",3.7,,"W",,"9"
"250220120","JAROCIN                       ","2025","03","31",10.1,,5.2,,7.3,,,"8",0.5,,"W",,"9"
"250240010","STRZY¯ÓW                      ","2025","03","01",6.5,,-1.8,,1.6,,-3.9,,3.6,,"W",,"9"
"250240010","STRZY¯ÓW                      ","2025","03","02",3.4,,0.1,,1.0,,0.2,,0.0,,"W",,"9"
"250240010","STRZY¯ÓW                      ","2025","03","03",6.5,,0.1,,2.6,,-0.3,,,"9",,,"9"
"250240010","STRZY¯ÓW                      ","2025","03","04",10.5,,0.6,,4.5,,0.7,,,"9",,,"9"
"250240010","STRZY¯ÓW                      ","2025","03","05",15.0,,0.6,,5.3,,-2.9,,,"9",,,"9"
"250240010","STRZY¯ÓW                      ","2025","03","06",18.4,,2.7,,8.2,,0.2,,,"9",,,"9"
"250240010","STRZY¯ÓW                      ","2025","03","07",18.4,,0.6,,7.4,,-0.3,,,"9",,,"9"
"250240010","STRZY¯ÓW                      ","2025","03","08",18.4,,-2.3,,5.5,,-4.9,,,"9",,,"9"
"250240010","STRZY¯ÓW                      ","2025","03","09",17.9,,-3.3,,4.9,,-6.4,,,"9",,,"9"
"250240010","STRZY¯ÓW                      ","2025","03","10",19.9,,1.6,,9.2,,-3.4,,,"9",,,"9"
"250240010","STRZY¯ÓW                      ","2025","03","11",17.4,,6.3,,10.4,,2.6,,1.9,,"W",,"9"
"250240010","STRZY¯ÓW                      ","2025","03","12",16.9,,6.8,,10.4,,4.6,,,"9",,,"9"
"250240010","STRZY¯ÓW                      ","2025","03","13",14.0,,6.8,,10.2,,3.6,,1.9,,"W",,"9"
"250240010","STRZY¯ÓW                      ","2025","03","14",11.5,,3.7,,6.2,,2.6,,13.4,,"S",,"9"
"250240010","STRZY¯ÓW                      ","2025","03","15",5.0,,-0.4,,1.3,,-0.3,,0.0,,"S",,"9"
"250240010","STRZY¯ÓW                      ","2025","03","16",7.5,,-3.3,,0.5,,-5.4,,0.8,,"S",,"9"
"250240010","STRZY¯ÓW                      ","2025","03","17",2.4,,-3.8,,-0.8,,-5.9,,0.1,,"S",1,
"250240010","STRZY¯ÓW                      ","2025","03","18",5.5,,-7.1,,-0.8,,-10.5,,,"9",,,"9"
"250240010","STRZY¯ÓW                      ","2025","03","19",9.5,,-4.3,,2.6,,-6.4,,,"9",,,"9"
"250240010","STRZY¯ÓW                      ","2025","03","20",9.5,,-5.2,,1.1,,-7.0,,,"9",,,"9"
"250240010","STRZY¯ÓW                      ","2025","03","21",14.0,,-2.8,,3.4,,-6.4,,,"9",,,"9"
"250240010","STRZY¯ÓW                      ","2025","03","22",14.0,,-1.8,,5.3,,-4.4,,,"9",,,"9"
"250240010","STRZY¯ÓW                      ","2025","03","23",10.5,,0.6,,5.2,,-1.9,,9.2,,"W",,"9"
"250240010","STRZY¯ÓW                      ","2025","03","24",15.0,,3.7,,8.4,,3.1,,3.2,,"W",,"9"
"250240010","STRZY¯ÓW                      ","2025","03","25",10.5,,4.2,,6.2,,0.2,,,"9",,,"9"
"250240010","STRZY¯ÓW                      ","2025","03","26",15.0,,-2.8,,4.6,,-4.4,,,"9",,,"9"
"250240010","STRZY¯ÓW                      ","2025","03","27",11.5,,1.1,,6.2,,-1.2,,,"9",,,"9"
"250240010","STRZY¯ÓW                      ","2025","03","28",16.4,,-0.9,,6.5,,-1.3,,,"9",,,"9"
"250240010","STRZY¯ÓW                      ","2025","03","29",16.9,,2.2,,9.1,,0.2,,,"9",,,"9"
"250240010","STRZY¯ÓW                      ","2025","03","30",16.4,,0.6,,7.3,,-2.9,,2.4,,"W",,"9"
"250240010","STRZY¯ÓW                      ","2025","03","31",10.5,,7.3,,8.5,,6.5,,0.3,,"W",,"9"
"251150060","CEBER                         ","2025","03","01",6.6,,1.3,,3.6,,-1.2,,,"9",,,"9"
"251150060","CEBER                         ","2025","03","02",5.4,,-1.6,,2.1,,-5.0,,,"9",,,"9"
"251150060","CEBER                         ","2025","03","03",10.1,,3.0,,5.7,,-0.7,,,"9",,,"9"
"251150060","CEBER                         ","2025","03","04",12.4,,-3.5,,3.0,,-7.0,,,"9",,,"9"
"251150060","CEBER                         ","2025","03","05",16.8,,-3.4,,6.0,,-6.4,,,"9",,,"9"
"251150060","CEBER                         ","2025","03","06",18.8,,-2.9,,5.4,,-6.9,,,"9",,,"9"
"251150060","CEBER                         ","2025","03","07",18.1,,-2.4,,6.6,,-6.4,,,"9",,,"9"
"251150060","CEBER                         ","2025","03","08",17.6,,-3.1,,6.0,,-6.8,,,"9",,,"9"
"251150060","CEBER                         ","2025","03","09",19.8,,0.5,,8.9,,-2.8,,,"9",,,"9"
"251150060","CEBER                         ","2025","03","10",18.2,,-0.5,,7.2,,-3.4,,,"9",,,"9"
"251150060","CEBER                         ","2025","03","11",13.6,,0.0,,6.1,,-3.4,,,"9",,,"9"
"251150060","CEBER                         ","2025","03","12",11.6,,-0.2,,4.5,,-2.9,,,"9",,,"9"
"251150060","CEBER                         ","2025","03","13",6.1,,2.7,,3.9,,1.8,,11.9,,"W",,"9"
"251150060","CEBER                         ","2025","03","14",7.1,,-1.2,,3.2,,-3.4,,,"9",,,"9"
"251150060","CEBER                         ","2025","03","15",8.1,,-1.7,,2.6,,-5.4,,,"9",,,"9"
"251150060","CEBER                         ","2025","03","16",10.2,,-6.2,,1.9,,-9.9,,,"9",,,"9"
"251150060","CEBER                         ","2025","03","17",5.0,,-1.6,,0.6,,-7.2,,,"9",,,"9"
"251150060","CEBER                         ","2025","03","18",8.3,,-8.2,,-1.5,,-12.3,,,"9",,,"9"
"251150060","CEBER                         ","2025","03","19",13.3,,-7.3,,1.2,,-11.1,,,"9",,,"9"
"251150060","CEBER                         ","2025","03","20",17.3,,-5.3,,4.7,,-9.5,,,"9",,,"9"
"251150060","CEBER                         ","2025","03","21",16.9,,-2.9,,5.9,,-7.2,,,"9",,,"9"
"251150060","CEBER                         ","2025","03","22",14.3,,-0.9,,6.3,,-6.8,,,"9",,,"9"
"251150060","CEBER                         ","2025","03","23",13.1,,2.0,,7.3,,-2.4,,0.5,,"W",,"9"
"251150060","CEBER                         ","2025","03","24",10.6,,5.0,,7.1,,-3.2,,,"9",,,"9"
"251150060","CEBER                         ","2025","03","25",16.9,,-1.4,,6.7,,-5.9,,,"9",,,"9"
"251150060","CEBER                         ","2025","03","26",11.6,,4.0,,7.1,,-0.2,,1.2,,"W",,"9"
"251150060","CEBER                         ","2025","03","27",13.1,,1.0,,6.4,,-4.9,,,"9",,,"9"
"251150060","CEBER                         ","2025","03","28",15.0,,-2.6,,4.8,,-8.0,,0.1,,"W",,"9"
"251150060","CEBER                         ","2025","03","29",16.6,,2.0,,9.8,,-3.2,,,"9",,,"9"
"251150060","CEBER                         ","2025","03","30",14.1,,5.0,,8.5,,-0.2,,0.7,,"W",,"9"
"251150060","CEBER                         ","2025","03","31",11.3,,5.0,,7.8,,1.3,,1.1,,"W",,"9"
"251160320","RADZYÑ                        ","2025","03","01",6.3,,1.7,,3.5,,-0.7,,0.0,,"W",,"9"
"251160320","RADZYÑ                        ","2025","03","02",5.7,,-1.8,,2.5,,-4.3,,,"9",,,"9"
"251160320","RADZYÑ                        ","2025","03","03",9.9,,4.2,,6.1,,0.7,,,"9",,,"9"
"251160320","RADZYÑ                        ","2025","03","04",12.4,,-1.6,,3.8,,-5.1,,,"9",,,"9"
"251160320","RADZYÑ                        ","2025","03","05",17.1,,-0.7,,6.4,,-5.1,,,"9",,,"9"
"251160320","RADZYÑ                        ","2025","03","06",18.7,,-1.7,,6.1,,-5.8,,,"9",,,"9"
"251160320","RADZYÑ                        ","2025","03","07",17.0,,-1.1,,6.1,,-4.8,,,"9",,,"9"
"251160320","RADZYÑ                        ","2025","03","08",15.6,,-2.0,,5.7,,-5.5,,,"9",,,"9"
"251160320","RADZYÑ                        ","2025","03","09",19.3,,0.7,,8.9,,-2.3,,,"9",,,"9"
"251160320","RADZYÑ                        ","2025","03","10",18.5,,0.2,,7.5,,-2.9,,,"9",,,"9"
"251160320","RADZYÑ                        ","2025","03","11",12.2,,1.8,,6.5,,-2.2,,,"9",,,"9"
"251160320","RADZYÑ                        ","2025","03","12",10.4,,0.8,,5.2,,-2.6,,0.1,,"W",,"9"
"251160320","RADZYÑ                        ","2025","03","13",6.9,,2.3,,4.1,,2.2,,11.6,,"S",,"9"
"251160320","RADZYÑ                        ","2025","03","14",7.3,,-0.2,,3.1,,-2.3,,0.1,,"W",,"9"
"251160320","RADZYÑ                        ","2025","03","15",7.6,,0.3,,3.6,,-2.5,,,"9",,,"9"
"251160320","RADZYÑ                        ","2025","03","16",9.5,,-4.8,,1.2,,-7.9,,0.5,,"S",,"9"
"251160320","RADZYÑ                        ","2025","03","17",4.9,,-0.7,,1.3,,-4.7,,0.0,,"S",,"9"
"251160320","RADZYÑ                        ","2025","03","18",8.3,,-7.1,,-0.6,,-10.5,,,"9",,,"9"
"251160320","RADZYÑ                        ","2025","03","19",12.6,,-5.9,,2.0,,-9.6,,,"9",,,"9"
"251160320","RADZYÑ                        ","2025","03","20",17.2,,-4.1,,4.8,,-7.8,,,"9",,,"9"
"251160320","RADZYÑ                        ","2025","03","21",16.1,,-1.7,,6.4,,-5.3,,,"9",,,"9"
"251160320","RADZYÑ                        ","2025","03","22",13.4,,1.8,,7.3,,-1.3,,,"9",,,"9"
"251160320","RADZYÑ                        ","2025","03","23",12.5,,5.0,,8.2,,2.6,,,"9",,,"9"
"251160320","RADZYÑ                        ","2025","03","24",11.3,,6.7,,8.1,,-2.1,,,"9",,,"9"
"251160320","RADZYÑ                        ","2025","03","25",17.1,,0.6,,7.8,,-2.5,,0.4,,"W",,"9"
"251160320","RADZYÑ                        ","2025","03","26",11.3,,4.3,,7.3,,2.6,,1.4,,"W",,"9"
"251160320","RADZYÑ                        ","2025","03","27",12.5,,2.3,,6.4,,-1.0,,,"9",,,"9"
"251160320","RADZYÑ                        ","2025","03","28",14.9,,-1.3,,6.5,,-3.7,,,"9",,,"9"
"251160320","RADZYÑ                        ","2025","03","29",15.5,,2.7,,9.5,,0.2,,,"9",,,"9"
"251160320","RADZYÑ                        ","2025","03","30",14.3,,5.5,,8.8,,2.7,,0.9,,"W",,"9"
"251160320","RADZYÑ                        ","2025","03","31",12.0,,5.7,,8.3,,5.5,,0.7,,"W",,"9"
"251190050","PUCZNIEW                      ","2025","03","01",3.8,,0.4,,2.1,,-2.8,,2.1,,"S",,"9"
"251190050","PUCZNIEW                      ","2025","03","02",4.6,,-0.5,,1.4,,-3.8,,0.1,,"W",,"9"
"251190050","PUCZNIEW                      ","2025","03","03",8.6,,1.4,,4.2,,-1.1,,,"9",,,"9"
"251190050","PUCZNIEW                      ","2025","03","04",12.1,,0.4,,4.7,,-3.5,,,"9",,,"9"
"251190050","PUCZNIEW                      ","2025","03","05",15.7,,1.4,,7.1,,-4.8,,,"9",,,"9"
"251190050","PUCZNIEW                      ","2025","03","06",19.8,,1.1,,8.2,,-6.1,,,"9",,,"9"
"251190050","PUCZNIEW                      ","2025","03","07",19.3,,1.8,,8.8,,-3.8,,,"9",,,"9"
"251190050","PUCZNIEW                      ","2025","03","08",19.4,,-1.6,,7.6,,-5.8,,,"9",,,"9"
"251190050","PUCZNIEW                      ","2025","03","09",18.1,,5.1,,10.7,,-0.8,,,"9",,,"9"
"251190050","PUCZNIEW                      ","2025","03","10",20.3,,4.9,,10.5,,1.9,,,"9",,,"9"
"251190050","PUCZNIEW                      ","2025","03","11",16.4,,4.7,,9.0,,-0.4,,,"9",,,"9"
"251190050","PUCZNIEW                      ","2025","03","12",17.3,,2.4,,8.4,,-2.9,,5.2,,"W",,"9"
"251190050","PUCZNIEW                      ","2025","03","13",11.2,,3.4,,6.1,,2.9,,17.7,,"S",,"9"
"251190050","PUCZNIEW                      ","2025","03","14",7.7,,0.3,,3.4,,-0.3,,0.1,,"W",,"9"
"251190050","PUCZNIEW                      ","2025","03","15",8.4,,-1.2,,2.1,,-3.9,,,"9",,,"9"
"251190050","PUCZNIEW                      ","2025","03","16",9.3,,-5.3,,1.0,,-9.2,,1.0,,"S",,"9"
"251190050","PUCZNIEW                      ","2025","03","17",4.7,,-1.4,,0.6,,-3.3,,0.1,,"S",0,
"251190050","PUCZNIEW                      ","2025","03","18",8.5,,-6.0,,-0.1,,-10.5,,,"9",,,"9"
"251190050","PUCZNIEW                      ","2025","03","19",12.7,,-3.3,,3.0,,-9.1,,,"9",,,"9"
"251190050","PUCZNIEW                      ","2025","03","20",15.7,,-2.2,,5.4,,-7.3,,,"9",,,"9"
"251190050","PUCZNIEW                      ","2025","03","21",18.4,,-0.1,,7.5,,-5.8,,,"9",,,"9"
"251190050","PUCZNIEW                      ","2025","03","22",15.4,,2.4,,8.0,,1.9,,,"9",,,"9"
"251190050","PUCZNIEW                      ","2025","03","23",16.1,,5.1,,8.4,,3.4,,4.6,,"W",,"9"
"251190050","PUCZNIEW                      ","2025","03","24",9.6,,5.4,,6.9,,2.4,,,"9",,,"9"
"251190050","PUCZNIEW                      ","2025","03","25",15.1,,-1.4,,5.3,,-2.0,,,"9",,,"9"
"251190050","PUCZNIEW                      ","2025","03","26",12.6,,2.5,,6.8,,-1.8,,0.5,,"W",,"9"
"251190050","PUCZNIEW                      ","2025","03","27",10.2,,4.9,,6.5,,-1.3,,0.0,,"W",,"9"
"251190050","PUCZNIEW                      ","2025","03","28",16.3,,-1.4,,6.5,,-5.6,,,"9",,,"9"
"251190050","PUCZNIEW                      ","2025","03","29",17.3,,6.9,,11.3,,1.6,,,"9",,,"9"
"251190050","PUCZNIEW                      ","2025","03","30",13.7,,1.8,,7.1,,-2.7,,0.5,,"W",,"9"
"251190050","PUCZNIEW                      ","2025","03","31",12.1,,2.8,,7.5,,-3.2,,0.5,,"W",,"9"
"251200030","SKIERNIEWICE                  ","2025","03","01",4.7,,0.4,,2.5,,-1.1,,6.7,,"S",,"9"
"251200030","SKIERNIEWICE                  ","2025","03","02",2.4,,-1.2,,0.8,,-2.9,,,"9",,,"9"
"251200030","SKIERNIEWICE                  ","2025","03","03",8.0,,1.4,,4.7,,0.7,,,"9",,,"9"
"251200030","SKIERNIEWICE                  ","2025","03","04",11.2,,1.9,,5.8,,-1.1,,,"9",,,"9"
"251200030","SKIERNIEWICE                  ","2025","03","05",15.7,,2.2,,7.6,,-0.9,,,"9",,,"9"
"251200030","SKIERNIEWICE                  ","2025","03","06",18.3,,2.4,,8.0,,-3.2,,,"9",,,"9"
"251200030","SKIERNIEWICE                  ","2025","03","07",16.7,,-0.6,,5.8,,-4.7,,,"9",,,"9"
"251200030","SKIERNIEWICE                  ","2025","03","08",19.3,,-2.5,,5.8,,-5.8,,,"9",,,"9"
"251200030","SKIERNIEWICE                  ","2025","03","09",17.3,,-1.6,,6.7,,-4.9,,,"9",,,"9"
"251200030","SKIERNIEWICE                  ","2025","03","10",20.1,,3.2,,10.0,,-2.6,,,"9",,,"9"
"251200030","SKIERNIEWICE                  ","2025","03","11",16.4,,7.7,,10.5,,3.1,,,"9",,,"9"
"251200030","SKIERNIEWICE                  ","2025","03","12",16.3,,0.4,,7.0,,-3.1,,8.0,,"W",,"9"
"251200030","SKIERNIEWICE                  ","2025","03","13",10.7,,3.8,,6.7,,3.1,,15.4,,"W",,"9"
"251200030","SKIERNIEWICE                  ","2025","03","14",6.1,,0.1,,2.7,,-2.2,,0.7,,"W",,"9"
"251200030","SKIERNIEWICE                  ","2025","03","15",6.3,,-1.7,,0.9,,-5.2,,,"9",,,"9"
"251200030","SKIERNIEWICE                  ","2025","03","16",8.2,,-5.3,,1.2,,-9.2,,1.0,,"W",,"9"
"251200030","SKIERNIEWICE                  ","2025","03","17",4.4,,-1.8,,0.5,,-5.2,,,"9",,,"9"
"251200030","SKIERNIEWICE                  ","2025","03","18",7.6,,-4.8,,1.1,,-8.2,,,"9",,,"9"
"251200030","SKIERNIEWICE                  ","2025","03","19",10.7,,-2.7,,2.6,,-7.7,,,"9",,,"9"
"251200030","SKIERNIEWICE                  ","2025","03","20",13.3,,-3.5,,4.3,,-7.3,,,"9",,,"9"
"251200030","SKIERNIEWICE                  ","2025","03","21",16.3,,-2.6,,5.8,,-6.7,,,"9",,,"9"
"251200030","SKIERNIEWICE                  ","2025","03","22",14.8,,1.4,,7.1,,-1.9,,,"9",,,"9"
"251200030","SKIERNIEWICE                  ","2025","03","23",13.8,,4.0,,7.5,,2.1,,3.7,,"W",,"9"
"251200030","SKIERNIEWICE                  ","2025","03","24",8.2,,4.5,,5.9,,0.0,,,"9",,,"9"
"251200030","SKIERNIEWICE                  ","2025","03","25",13.7,,-2.2,,4.9,,-5.6,,,"9",,,"9"
"251200030","SKIERNIEWICE                  ","2025","03","26",13.8,,0.5,,7.0,,-2.4,,0.3,,"W",,"9"
"251200030","SKIERNIEWICE                  ","2025","03","27",8.3,,2.4,,5.0,,-2.2,,,"9",,,"9"
"251200030","SKIERNIEWICE                  ","2025","03","28",14.5,,-3.2,,5.5,,-6.7,,,"9",,,"9"
"251200030","SKIERNIEWICE                  ","2025","03","29",17.2,,1.7,,9.5,,-3.1,,,"9",,,"9"
"251200030","SKIERNIEWICE                  ","2025","03","30",16.6,,0.8,,8.2,,-3.7,,,"9",,,"9"
"251200030","SKIERNIEWICE                  ","2025","03","31",12.7,,3.4,,7.5,,0.7,,0.2,,"W",,"9"
"251210040","JARCZEW                       ","2025","03","01",3.9,,-2.2,,0.9,,-4.3,,1.0,,"S",,"9"
"251210040","JARCZEW                       ","2025","03","02",1.6,,-3.2,,0.2,,-5.0,,0.1,,"W",,"9"
"251210040","JARCZEW                       ","2025","03","03",7.4,,-3.2,,3.1,,-2.0,,,"9",,,"9"
"251210040","JARCZEW                       ","2025","03","04",11.0,,-0.3,,5.2,,-1.0,,,"9",,,"9"
"251210040","JARCZEW                       ","2025","03","05",14.4,,-0.7,,6.5,,-3.0,,,"9",,,"9"
"251210040","JARCZEW                       ","2025","03","06",18.8,,-3.7,,7.0,,-2.8,,,"9",,,"9"
"251210040","JARCZEW                       ","2025","03","07",15.8,,-1.2,,6.5,,-6.1,,,"9",,,"9"
"251210040","JARCZEW                       ","2025","03","08",18.5,,-3.9,,6.2,,-7.5,,,"9",,,"9"
"251210040","JARCZEW                       ","2025","03","09",17.2,,-2.2,,6.8,,-6.9,,,"9",,,"9"
"251210040","JARCZEW                       ","2025","03","10",19.2,,2.8,,10.8,,-1.5,,0.1,,"W",,"9"
"251210040","JARCZEW                       ","2025","03","11",15.3,,6.4,,10.6,,3.4,,,"9",,,"9"
"251210040","JARCZEW                       ","2025","03","12",15.3,,1.8,,8.6,,1.6,,,"9",,,"9"
"251210040","JARCZEW                       ","2025","03","13",13.3,,4.9,,9.3,,2.2,,9.4,,"W",,"9"
"251210040","JARCZEW                       ","2025","03","14",10.3,,-1.6,,3.3,,-1.9,,3.9,,"S",,"9"
"251210040","JARCZEW                       ","2025","03","15",4.4,,-3.2,,0.3,,-6.5,,,"9",,0,
"251210040","JARCZEW                       ","2025","03","16",6.9,,-8.1,,-0.7,,-9.5,,0.1,,"S",,"9"
"251210040","JARCZEW                       ","2025","03","17",3.1,,-4.7,,-1.2,,-8.4,,,"9",,,"9"
"251210040","JARCZEW                       ","2025","03","18",5.9,,-9.6,,-0.6,,-11.0,,,"9",,,"9"
"251210040","JARCZEW                       ","2025","03","19",9.7,,-5.2,,1.8,,-7.5,,,"9",,,"9"
"251210040","JARCZEW                       ","2025","03","20",13.4,,-5.0,,3.6,,-6.7,,,"9",,,"9"
"251210040","JARCZEW                       ","2025","03","21",14.8,,-4.1,,5.2,,-5.9,,,"9",,,"9"
"251210040","JARCZEW                       ","2025","03","22",14.6,,0.8,,7.0,,-1.6,,,"9",,,"9"
"251210040","JARCZEW                       ","2025","03","23",12.0,,-0.3,,5.3,,-2.0,,14.2,,"W",,"9"
"251210040","JARCZEW                       ","2025","03","24",7.9,,2.0,,5.8,,1.5,,0.8,,"W",,"9"
"251210040","JARCZEW                       ","2025","03","25",11.5,,-3.2,,4.2,,-5.0,,,"9",,,"9"
"251210040","JARCZEW                       ","2025","03","26",15.3,,-0.7,,7.2,,-4.8,,,"9",,,"9"
"251210040","JARCZEW                       ","2025","03","27",9.8,,3.4,,6.8,,0.0,,,"9",,,"9"
"251210040","JARCZEW                       ","2025","03","28",13.9,,-4.2,,4.8,,-5.5,,,"9",,,"9"
"251210040","JARCZEW                       ","2025","03","29",15.8,,0.6,,7.9,,-2.5,,,"9",,,"9"
"251210040","JARCZEW                       ","2025","03","30",14.8,,-2.1,,7.2,,-5.3,,7.1,,"W",,"9"
"251210040","JARCZEW                       ","2025","03","31",10.1,,2.2,,6.3,,1.0,,0.4,,"W",,"9"
"252150120","GORZYÑ                        ","2025","03","01",5.8,,1.9,,3.0,,0.6,,0.1,,"W",,"9"
"252150120","GORZYÑ                        ","2025","03","02",5.6,,0.5,,3.0,,-0.4,,,"9",,,"9"
"252150120","GORZYÑ                        ","2025","03","03",10.0,,4.2,,6.6,,1.1,,,"9",,,"9"
"252150120","GORZYÑ                        ","2025","03","04",11.6,,1.6,,5.7,,-2.3,,,"9",,,"9"
"252150120","GORZYÑ                        ","2025","03","05",15.3,,1.0,,6.7,,-3.4,,,"9",,,"9"
"252150120","GORZYÑ                        ","2025","03","06",17.9,,2.6,,7.5,,-2.4,,,"9",,,"9"
"252150120","GORZYÑ                        ","2025","03","07",18.7,,-0.6,,7.3,,-3.7,,,"9",,,"9"
"252150120","GORZYÑ                        ","2025","03","08",16.7,,-1.8,,8.3,,-4.4,,,"9",,,"9"
"252150120","GORZYÑ                        ","2025","03","09",19.1,,6.3,,10.8,,-2.4,,,"9",,,"9"
"252150120","GORZYÑ                        ","2025","03","10",18.3,,0.5,,7.5,,-2.7,,,"9",,,"9"
"252150120","GORZYÑ                        ","2025","03","11",9.3,,1.6,,3.8,,-2.9,,,"9",,,"9"
"252150120","GORZYÑ                        ","2025","03","12",8.2,,-0.6,,3.8,,-2.9,,5.4,,"W",,"9"
"252150120","GORZYÑ                        ","2025","03","13",8.2,,2.6,,4.1,,-0.9,,1.6,,"W",,"9"
"252150120","GORZYÑ                        ","2025","03","14",7.3,,0.0,,3.0,,-3.1,,0.3,,"W",,"9"
"252150120","GORZYÑ                        ","2025","03","15",8.5,,2.6,,4.2,,-1.9,,,"9",,,"9"
"252150120","GORZYÑ                        ","2025","03","16",9.3,,-4.5,,2.1,,-6.9,,0.5,,"W",,"9"
"252150120","GORZYÑ                        ","2025","03","17",7.8,,-1.8,,1.4,,-4.7,,,"9",,,"9"
"252150120","GORZYÑ                        ","2025","03","18",8.3,,-4.0,,0.6,,-8.3,,,"9",,,"9"
"252150120","GORZYÑ                        ","2025","03","19",12.6,,-4.0,,2.5,,-7.7,,,"9",,,"9"
"252150120","GORZYÑ                        ","2025","03","20",16.7,,-3.2,,4.5,,-6.4,,,"9",,,"9"
"252150120","GORZYÑ                        ","2025","03","21",17.2,,-1.8,,5.6,,-4.5,,,"9",,,"9"
"252150120","GORZYÑ                        ","2025","03","22",17.5,,1.6,,9.0,,-1.2,,,"9",,,"9"
"252150120","GORZYÑ                        ","2025","03","23",15.3,,3.7,,9.5,,2.0,,,"9",,,"9"
"252150120","GORZYÑ                        ","2025","03","24",14.7,,6.3,,8.6,,2.0,,,"9",,,"9"
"252150120","GORZYÑ                        ","2025","03","25",16.7,,1.5,,7.5,,-1.9,,0.4,,"W",,"9"
"252150120","GORZYÑ                        ","2025","03","26",10.1,,5.5,,7.2,,1.5,,0.7,,"W",,"9"
"252150120","GORZYÑ                        ","2025","03","27",14.8,,2.6,,7.1,,-1.4,,,"9",,,"9"
"252150120","GORZYÑ                        ","2025","03","28",16.2,,0.5,,6.6,,-3.4,,,"9",,,"9"
"252150120","GORZYÑ                        ","2025","03","29",17.7,,2.3,,8.5,,-0.9,,,"9",,,"9"
"252150120","GORZYÑ                        ","2025","03","30",12.8,,4.6,,7.6,,0.6,,0.2,,"W",,"9"
"252150120","GORZYÑ                        ","2025","03","31",11.8,,6.8,,8.3,,5.0,,,"9",,,"9"
"252150270","BABIMOST                      ","2025","03","01",6.7,,2.2,,3.4,,,"8",0.0,,"W",,"9"
"252150270","BABIMOST                      ","2025","03","02",6.4,,-2.6,,2.3,,,"8",,"9",,,"9"
"252150270","BABIMOST                      ","2025","03","03",10.5,,4.3,,6.5,,,"8",,"9",,,"9"
"252150270","BABIMOST                      ","2025","03","04",12.1,,-1.6,,3.9,,,"8",,"9",,,"9"
"252150270","BABIMOST                      ","2025","03","05",16.0,,-2.5,,5.6,,,"8",,"9",,,"9"
"252150270","BABIMOST                      ","2025","03","06",18.0,,-3.5,,4.7,,,"8",,"9",,,"9"
"252150270","BABIMOST                      ","2025","03","07",18.4,,-2.7,,5.1,,,"8",,"9",,,"9"
"252150270","BABIMOST                      ","2025","03","08",17.3,,-2.6,,5.5,,,"8",,"9",,,"9"
"252150270","BABIMOST                      ","2025","03","09",19.6,,-0.6,,8.0,,,"8",,"9",,,"9"
"252150270","BABIMOST                      ","2025","03","10",18.0,,-2.0,,6.7,,,"8",,"9",,,"9"
"252150270","BABIMOST                      ","2025","03","11",12.5,,-0.1,,4.7,,,"8",,"9",,,"9"
"252150270","BABIMOST                      ","2025","03","12",7.5,,-2.2,,3.1,,,"8",0.9,,"W",,"9"
"252150270","BABIMOST                      ","2025","03","13",6.3,,2.4,,3.7,,,"8",5.2,,"W",,"9"
"252150270","BABIMOST                      ","2025","03","14",7.9,,-1.7,,2.5,,,"8",0.2,,"W",,"9"
"252150270","BABIMOST                      ","2025","03","15",8.4,,2.4,,4.1,,,"8",,"9",,,"9"
"252150270","BABIMOST                      ","2025","03","16",8.8,,-5.8,,0.1,,,"8",0.7,,"W",,"9"
"252150270","BABIMOST                      ","2025","03","17",5.8,,-0.7,,1.6,,,"8",,"9",,,"9"
"252150270","BABIMOST                      ","2025","03","18",8.3,,-7.4,,-0.8,,,"8",,"9",,,"9"
"252150270","BABIMOST                      ","2025","03","19",12.7,,-7.6,,0.6,,,"8",,"9",,,"9"
"252150270","BABIMOST                      ","2025","03","20",17.2,,-5.6,,3.7,,,"8",,"9",,,"9"
"252150270","BABIMOST                      ","2025","03","21",16.7,,-3.2,,5.5,,,"8",,"9",,,"9"
"252150270","BABIMOST                      ","2025","03","22",13.8,,-2.8,,6.4,,,"8",,"9",,,"9"
"252150270","BABIMOST                      ","2025","03","23",13.6,,4.6,,8.4,,,"8",,"9",,,"9"
"252150270","BABIMOST                      ","2025","03","24",12.7,,7.3,,8.8,,,"8",,"9",,,"9"
"252150270","BABIMOST                      ","2025","03","25",16.6,,-0.2,,7.1,,,"8",0.0,,"W",,"9"
"252150270","BABIMOST                      ","2025","03","26",10.7,,3.7,,6.9,,,"8",1.4,,"W",,"9"
"252150270","BABIMOST                      ","2025","03","27",13.7,,1.5,,6.4,,,"8",,"9",,,"9"
"252150270","BABIMOST                      ","2025","03","28",14.9,,-1.2,,5.9,,,"8",,"9",,,"9"
"252150270","BABIMOST                      ","2025","03","29",16.4,,1.2,,8.6,,,"8",,"9",,,"9"
"252150270","BABIMOST                      ","2025","03","30",13.1,,3.8,,7.5,,,"8",1.5,,"W",,"9"
"252150270","BABIMOST                      ","2025","03","31",11.7,,6.3,,8.0,,,"8",0.3,,"W",,"9"
"252160230","WIELICHOWO                    ","2025","03","01",6.7,,2.0,,3.3,,0.0,,,"9",,,"9"
"252160230","WIELICHOWO                    ","2025","03","02",5.2,,-0.8,,2.6,,-4.0,,,"9",,,"9"
"252160230","WIELICHOWO                    ","2025","03","03",9.8,,4.3,,6.0,,-1.0,,,"9",,,"9"
"252160230","WIELICHOWO                    ","2025","03","04",11.8,,-1.4,,3.9,,-2.9,,,"9",,,"9"
"252160230","WIELICHOWO                    ","2025","03","05",16.4,,-1.9,,6.1,,-5.0,,,"9",,,"9"
"252160230","WIELICHOWO                    ","2025","03","06",18.4,,-3.4,,5.8,,-6.0,,,"9",,,"9"
"252160230","WIELICHOWO                    ","2025","03","07",17.3,,-2.7,,5.4,,-4.6,,,"9",,,"9"
"252160230","WIELICHOWO                    ","2025","03","08",17.0,,-1.1,,7.8,,-4.0,,,"9",,,"9"
"252160230","WIELICHOWO                    ","2025","03","09",19.3,,4.1,,10.0,,2.6,,,"9",,,"9"
"252160230","WIELICHOWO                    ","2025","03","10",18.4,,-0.2,,7.0,,-3.3,,,"9",,,"9"
"252160230","WIELICHOWO                    ","2025","03","11",10.8,,-1.0,,4.3,,-3.5,,,"9",,,"9"
"252160230","WIELICHOWO                    ","2025","03","12",9.8,,-1.3,,4.1,,-3.5,,,"9",,,"9"
"252160230","WIELICHOWO                    ","2025","03","13",6.2,,2.7,,4.1,,2.7,,11.5,,"W",,"9"
"252160230","WIELICHOWO                    ","2025","03","14",7.8,,-2.1,,2.4,,-4.0,,,"9",,,"9"
"252160230","WIELICHOWO                    ","2025","03","15",7.7,,0.3,,3.2,,-1.5,,,"9",,,"9"
"252160230","WIELICHOWO                    ","2025","03","16",9.2,,-6.2,,0.6,,-7.5,,0.6,,"S",,"9"
"252160230","WIELICHOWO                    ","2025","03","17",4.7,,-1.0,,1.1,,-2.5,,0.1,,"S",1,
"252160230","WIELICHOWO                    ","2025","03","18",8.2,,-8.3,,-0.5,,-9.5,,,"9",,,"9"
"252160230","WIELICHOWO                    ","2025","03","19",12.3,,-7.8,,1.4,,-9.0,,,"9",,,"9"
"252160230","WIELICHOWO                    ","2025","03","20",16.7,,-5.6,,4.4,,-7.5,,,"9",,,"9"
"252160230","WIELICHOWO                    ","2025","03","21",16.7,,-3.1,,5.9,,-5.5,,,"9",,,"9"
"252160230","WIELICHOWO                    ","2025","03","22",13.1,,1.3,,6.9,,0.1,,,"9",,,"9"
"252160230","WIELICHOWO                    ","2025","03","23",13.0,,4.0,,8.1,,2.5,,0.0,,"W",,"9"
"252160230","WIELICHOWO                    ","2025","03","24",11.8,,5.5,,7.6,,0.7,,,"9",,,"9"
"252160230","WIELICHOWO                    ","2025","03","25",16.8,,-1.9,,6.5,,-2.0,,,"9",,,"9"
"252160230","WIELICHOWO                    ","2025","03","26",11.1,,4.0,,6.9,,0.7,,0.8,,"W",,"9"
"252160230","WIELICHOWO                    ","2025","03","27",13.1,,3.7,,7.6,,0.6,,,"9",,,"9"
"252160230","WIELICHOWO                    ","2025","03","28",14.9,,-3.2,,5.6,,-4.5,,,"9",,,"9"
"252160230","WIELICHOWO                    ","2025","03","29",16.4,,4.1,,10.4,,2.0,,,"9",,,"9"
"252160230","WIELICHOWO                    ","2025","03","30",14.5,,4.4,,8.3,,1.2,,0.2,,"W",,"9"
"252160230","WIELICHOWO                    ","2025","03","31",11.9,,5.6,,8.2,,5.4,,,"9",,,"9"
"252180080","KO£UDA WIELKA                 ","2025","03","01",5.9,,0.4,,2.2,,-1.5,,,"9",,,"9"
"252180080","KO£UDA WIELKA                 ","2025","03","02",3.8,,0.4,,2.1,,0.4,,,"9",,,"9"
"252180080","KO£UDA WIELKA                 ","2025","03","03",8.9,,1.3,,4.8,,-0.5,,,"9",,,"9"
"252180080","KO£UDA WIELKA                 ","2025","03","04",11.3,,1.9,,5.6,,0.5,,,"9",,,"9"
"252180080","KO£UDA WIELKA                 ","2025","03","05",14.8,,1.3,,7.0,,0.2,,,"9",,,"9"
"252180080","KO£UDA WIELKA                 ","2025","03","06",16.8,,1.7,,7.7,,-1.0,,,"9",,,"9"
"252180080","KO£UDA WIELKA                 ","2025","03","07",16.8,,1.1,,6.6,,-4.0,,,"9",,,"9"
"252180080","KO£UDA WIELKA                 ","2025","03","08",16.2,,-1.2,,5.0,,-4.5,,,"9",,,"9"
"252180080","KO£UDA WIELKA                 ","2025","03","09",16.3,,2.4,,7.9,,-2.0,,,"9",,,"9"
"252180080","KO£UDA WIELKA                 ","2025","03","10",18.2,,3.8,,8.4,,-0.5,,,"9",,,"9"
"252180080","KO£UDA WIELKA                 ","2025","03","11",8.9,,0.4,,3.1,,-1.0,,,"9",,,"9"
"252180080","KO£UDA WIELKA                 ","2025","03","12",12.0,,-1.8,,4.1,,-3.0,,,"9",,,"9"
"252180080","KO£UDA WIELKA                 ","2025","03","13",7.4,,0.4,,3.0,,0.2,,15.8,,"S",,"9"
"252180080","KO£UDA WIELKA                 ","2025","03","14",5.3,,-1.0,,2.0,,-4.2,,,"9",,0,
"252180080","KO£UDA WIELKA                 ","2025","03","15",7.7,,-0.6,,3.7,,-2.0,,,"9",,,"9"
"252180080","KO£UDA WIELKA                 ","2025","03","16",8.7,,-3.2,,1.8,,-7.0,,0.3,,"S",,"9"
"252180080","KO£UDA WIELKA                 ","2025","03","17",4.9,,-1.6,,0.9,,-5.2,,,"9",,,"9"
"252180080","KO£UDA WIELKA                 ","2025","03","18",7.9,,-4.5,,0.5,,-7.0,,,"9",,,"9"
"252180080","KO£UDA WIELKA                 ","2025","03","19",11.0,,-4.5,,2.5,,-6.3,,,"9",,,"9"
"252180080","KO£UDA WIELKA                 ","2025","03","20",13.6,,-1.6,,4.6,,-5.5,,,"9",,,"9"
"252180080","KO£UDA WIELKA                 ","2025","03","21",16.8,,-1.0,,6.2,,-4.8,,,"9",,,"9"
"252180080","KO£UDA WIELKA                 ","2025","03","22",12.8,,-0.2,,5.3,,-2.8,,,"9",,,"9"
"252180080","KO£UDA WIELKA                 ","2025","03","23",14.3,,4.7,,8.5,,3.5,,,"9",,,"9"
"252180080","KO£UDA WIELKA                 ","2025","03","24",11.3,,5.8,,7.3,,0.0,,,"9",,,"9"
"252180080","KO£UDA WIELKA                 ","2025","03","25",15.3,,0.0,,6.9,,-3.5,,,"9",,,"9"
"252180080","KO£UDA WIELKA                 ","2025","03","26",9.8,,5.0,,6.9,,3.5,,0.3,,"W",,"9"
"252180080","KO£UDA WIELKA                 ","2025","03","27",12.6,,5.2,,8.0,,3.0,,,"9",,,"9"
"252180080","KO£UDA WIELKA                 ","2025","03","28",14.8,,0.4,,6.3,,-2.6,,,"9",,,"9"
"252180080","KO£UDA WIELKA                 ","2025","03","29",17.8,,3.5,,10.2,,1.4,,,"9",,,"9"
"252180080","KO£UDA WIELKA                 ","2025","03","30",12.8,,3.4,,7.4,,0.3,,,"9",,,"9"
"252180080","KO£UDA WIELKA                 ","2025","03","31",12.3,,2.4,,6.9,,-1.5,,,"9",,,"9"
"252200120","LEGIONOWO                     ","2025","03","01",3.8,,1.6,,2.5,,1.1,,3.0,,"W",,"8"
"252200120","LEGIONOWO                     ","2025","03","02",2.6,,-0.1,,1.2,,-0.6,,0.0,,"W",,"8"
"252200120","LEGIONOWO                     ","2025","03","03",8.3,,2.3,,5.1,,1.8,,,"9",,,"8"
"252200120","LEGIONOWO                     ","2025","03","04",11.5,,3.6,,6.8,,3.3,,,"9",,,"8"
"252200120","LEGIONOWO                     ","2025","03","05",15.1,,3.4,,8.6,,2.1,,,"9",,,"8"
"252200120","LEGIONOWO                     ","2025","03","06",18.8,,4.3,,9.6,,1.7,,,"9",,,"8"
"252200120","LEGIONOWO                     ","2025","03","07",18.0,,-1.1,,6.6,,-3.1,,,"9",,,"8"
"252200120","LEGIONOWO                     ","2025","03","08",19.3,,-1.2,,7.1,,-3.0,,,"9",,,"8"
"252200120","LEGIONOWO                     ","2025","03","09",16.9,,1.1,,7.9,,-0.4,,,"9",,,"8"
"252200120","LEGIONOWO                     ","2025","03","10",21.3,,2.8,,10.5,,0.6,,,"9",,,"8"
"252200120","LEGIONOWO                     ","2025","03","11",15.5,,6.9,,10.0,,4.1,,,"9",,,"8"
"252200120","LEGIONOWO                     ","2025","03","12",16.2,,0.3,,7.1,,-1.4,,5.7,,"W",,"8"
"252200120","LEGIONOWO                     ","2025","03","13",11.1,,6.7,,8.4,,5.4,,12.8,,"S",,"8"
"252200120","LEGIONOWO                     ","2025","03","14",8.9,,0.6,,3.8,,0.0,,,"9",,,"8"
"252200120","LEGIONOWO                     ","2025","03","15",8.1,,-1.6,,2.0,,-4.4,,,"9",,,"8"
"252200120","LEGIONOWO                     ","2025","03","16",8.5,,-5.6,,1.0,,-8.5,,1.0,,"W",,"8"
"252200120","LEGIONOWO                     ","2025","03","17",5.1,,-1.5,,0.8,,-2.7,,,"9",,,"8"
"252200120","LEGIONOWO                     ","2025","03","18",7.2,,-5.5,,0.8,,-7.2,,,"9",,,"8"
"252200120","LEGIONOWO                     ","2025","03","19",10.9,,-1.9,,3.6,,-3.3,,,"9",,,"8"
"252200120","LEGIONOWO                     ","2025","03","20",14.6,,-3.9,,4.6,,-6.3,,,"9",,,"8"
"252200120","LEGIONOWO                     ","2025","03","21",17.1,,-2.5,,6.2,,-4.4,,,"9",,,"8"
"252200120","LEGIONOWO                     ","2025","03","22",15.3,,1.2,,7.4,,-0.7,,,"9",,,"8"
"252200120","LEGIONOWO                     ","2025","03","23",15.0,,3.9,,8.2,,2.3,,0.5,,"W",,"8"
"252200120","LEGIONOWO                     ","2025","03","24",8.7,,4.6,,5.9,,1.4,,,"9",,,"8"
"252200120","LEGIONOWO                     ","2025","03","25",13.8,,-1.5,,5.1,,-4.1,,,"9",,,"8"
"252200120","LEGIONOWO                     ","2025","03","26",13.5,,2.7,,7.8,,0.5,,0.1,,"W",,"8"
"252200120","LEGIONOWO                     ","2025","03","27",11.0,,6.5,,7.8,,2.2,,,"9",,,"8"
"252200120","LEGIONOWO                     ","2025","03","28",15.9,,-2.9,,5.5,,-5.5,,,"9",,,"8"
"252200120","LEGIONOWO                     ","2025","03","29",18.3,,2.3,,9.7,,0.5,,,"9",,,"8"
"252200120","LEGIONOWO                     ","2025","03","30",17.1,,1.0,,8.0,,-0.9,,0.1,,"W",,"8"
"252200120","LEGIONOWO                     ","2025","03","31",13.6,,5.1,,8.0,,4.0,,0.0,,"W",,"8"
"252200230","WARSZAWA-FILTRY               ","2025","03","01",4.1,,0.9,,2.2,,0.8,,3.9,,"W",,"9"
"252200230","WARSZAWA-FILTRY               ","2025","03","02",2.6,,-0.2,,1.3,,-0.2,,0.0,,"W",,"9"
"252200230","WARSZAWA-FILTRY               ","2025","03","03",7.7,,2.1,,4.8,,1.9,,,"9",,,"9"
"252200230","WARSZAWA-FILTRY               ","2025","03","04",11.2,,3.2,,6.3,,2.7,,,"9",,,"9"
"252200230","WARSZAWA-FILTRY               ","2025","03","05",15.3,,3.8,,8.8,,2.6,,,"9",,,"9"
"252200230","WARSZAWA-FILTRY               ","2025","03","06",19.5,,5.8,,10.4,,2.5,,,"9",,,"9"
"252200230","WARSZAWA-FILTRY               ","2025","03","07",17.0,,2.4,,7.6,,-1.7,,,"9",,,"9"
"252200230","WARSZAWA-FILTRY               ","2025","03","08",19.9,,1.4,,9.5,,-2.5,,,"9",,,"9"
"252200230","WARSZAWA-FILTRY               ","2025","03","09",18.3,,5.8,,11.2,,0.8,,,"9",,,"9"
"252200230","WARSZAWA-FILTRY               ","2025","03","10",21.6,,4.5,,11.7,,0.2,,,"9",,,"9"
"252200230","WARSZAWA-FILTRY               ","2025","03","11",16.1,,8.2,,10.7,,5.3,,,"9",,,"9"
"252200230","WARSZAWA-FILTRY               ","2025","03","12",16.6,,4.3,,9.8,,0.4,,5.5,,"W",,"9"
"252200230","WARSZAWA-FILTRY               ","2025","03","13",13.1,,7.6,,9.5,,4.9,,12.4,,"S",,"9"
"252200230","WARSZAWA-FILTRY               ","2025","03","14",9.1,,0.8,,4.0,,0.6,,0.0,,"W",,"9"
"252200230","WARSZAWA-FILTRY               ","2025","03","15",7.2,,-0.1,,3.1,,-1.0,,,"9",,,"9"
"252200230","WARSZAWA-FILTRY               ","2025","03","16",8.9,,-3.1,,2.8,,-5.8,,,"9",,,"9"
"252200230","WARSZAWA-FILTRY               ","2025","03","17",5.9,,-1.3,,1.2,,-2.1,,,"9",,,"9"
"252200230","WARSZAWA-FILTRY               ","2025","03","18",7.4,,-3.8,,1.4,,-4.7,,,"9",,,"9"
"252200230","WARSZAWA-FILTRY               ","2025","03","19",10.7,,-1.1,,4.1,,-2.0,,,"9",,,"9"
"252200230","WARSZAWA-FILTRY               ","2025","03","20",14.9,,-2.1,,5.7,,-5.6,,,"9",,,"9"
"252200230","WARSZAWA-FILTRY               ","2025","03","21",16.3,,-0.5,,7.8,,-4.4,,,"9",,,"9"
"252200230","WARSZAWA-FILTRY               ","2025","03","22",15.6,,2.5,,8.1,,1.2,,,"9",,,"9"
"252200230","WARSZAWA-FILTRY               ","2025","03","23",15.0,,5.0,,8.2,,3.2,,2.4,,"W",,"9"
"252200230","WARSZAWA-FILTRY               ","2025","03","24",7.6,,5.0,,6.1,,5.2,,,"9",,,"9"
"252200230","WARSZAWA-FILTRY               ","2025","03","25",14.0,,0.3,,6.0,,-2.8,,,"9",,,"9"
"252200230","WARSZAWA-FILTRY               ","2025","03","26",14.1,,3.2,,8.5,,-0.2,,0.2,,"W",,"9"
"252200230","WARSZAWA-FILTRY               ","2025","03","27",10.9,,6.9,,8.2,,6.9,,,"9",,,"9"
"252200230","WARSZAWA-FILTRY               ","2025","03","28",15.9,,0.6,,8.1,,-3.0,,,"9",,,"9"
"252200230","WARSZAWA-FILTRY               ","2025","03","29",17.7,,6.3,,11.3,,4.4,,,"9",,,"9"
"252200230","WARSZAWA-FILTRY               ","2025","03","30",17.1,,4.9,,10.0,,0.6,,0.4,,"W",,"9"
"252200230","WARSZAWA-FILTRY               ","2025","03","31",12.7,,6.3,,8.5,,5.6,,,"9",,,"9"
"252210050","PU£TUSK                       ","2025","03","01",4.1,,1.4,,2.5,,1.5,,0.7,,"W",,"8"
"252210050","PU£TUSK                       ","2025","03","02",2.8,,-0.4,,1.2,,-1.2,,,"9",,,"8"
"252210050","PU£TUSK                       ","2025","03","03",8.3,,2.3,,5.1,,2.1,,,"9",,,"8"
"252210050","PU£TUSK                       ","2025","03","04",10.4,,5.0,,7.1,,4.7,,,"9",,,"8"
"252210050","PU£TUSK                       ","2025","03","05",14.4,,2.5,,7.2,,0.7,,,"9",,,"8"
"252210050","PU£TUSK                       ","2025","03","06",17.9,,3.8,,9.3,,1.3,,,"9",,,"8"
"252210050","PU£TUSK                       ","2025","03","07",17.0,,-1.3,,5.9,,-3.2,,,"9",,,"8"
"252210050","PU£TUSK                       ","2025","03","08",19.0,,-1.8,,6.6,,-3.8,,,"9",,,"8"
"252210050","PU£TUSK                       ","2025","03","09",17.3,,1.2,,7.7,,-2.1,,,"9",,,"8"
"252210050","PU£TUSK                       ","2025","03","10",20.2,,-0.1,,8.4,,-1.8,,,"9",,,"8"
"252210050","PU£TUSK                       ","2025","03","11",14.4,,5.4,,8.3,,2.4,,,"9",,,"8"
"252210050","PU£TUSK                       ","2025","03","12",14.5,,-0.4,,5.7,,-2.0,,0.8,,"W",,"8"
"252210050","PU£TUSK                       ","2025","03","13",10.7,,7.0,,8.4,,5.3,,5.9,,"W",,"8"
"252210050","PU£TUSK                       ","2025","03","14",8.6,,0.5,,3.7,,0.3,,,"9",,,"8"
"252210050","PU£TUSK                       ","2025","03","15",8.5,,-2.2,,1.8,,-4.7,,,"9",,,"8"
"252210050","PU£TUSK                       ","2025","03","16",8.5,,-6.4,,0.2,,-7.6,,,"9",,,"8"
"252210050","PU£TUSK                       ","2025","03","17",5.5,,-2.4,,0.2,,-4.7,,,"9",,,"8"
"252210050","PU£TUSK                       ","2025","03","18",6.8,,-5.4,,0.6,,-7.6,,,"9",,,"8"
"252210050","PU£TUSK                       ","2025","03","19",10.1,,-2.3,,2.9,,-5.2,,,"9",,,"8"
"252210050","PU£TUSK                       ","2025","03","20",14.1,,-4.0,,3.8,,-6.1,,,"9",,,"8"
"252210050","PU£TUSK                       ","2025","03","21",16.1,,-2.1,,5.9,,-3.8,,,"9",,,"8"
"252210050","PU£TUSK                       ","2025","03","22",15.2,,0.0,,6.8,,-2.6,,,"9",,,"8"
"252210050","PU£TUSK                       ","2025","03","23",14.5,,3.4,,8.2,,2.4,,0.1,,"W",,"8"
"252210050","PU£TUSK                       ","2025","03","24",10.3,,3.9,,5.7,,0.6,,,"9",,,"8"
"252210050","PU£TUSK                       ","2025","03","25",13.5,,-1.8,,5.1,,-3.3,,,"9",,,"8"
"252210050","PU£TUSK                       ","2025","03","26",12.1,,2.4,,7.1,,0.1,,,"9",,,"8"
"252210050","PU£TUSK                       ","2025","03","27",9.8,,5.7,,6.8,,1.8,,,"9",,,"8"
"252210050","PU£TUSK                       ","2025","03","28",15.1,,-2.5,,5.6,,-3.8,,,"9",,,"8"
"252210050","PU£TUSK                       ","2025","03","29",17.4,,2.1,,9.1,,-0.6,,,"9",,,"8"
"252210050","PU£TUSK                       ","2025","03","30",16.2,,-0.9,,6.5,,-2.5,,,"9",,,"8"
"252210050","PU£TUSK                       ","2025","03","31",12.7,,4.0,,7.3,,2.6,,,"9",,,"8"
"252210170","WARSZAWA-OBSERWATORIUM II     ","2025","03","01",3.8,,1.2,,2.3,,,"8",,"8",,,"8"
"252210170","WARSZAWA-OBSERWATORIUM II     ","2025","03","02",2.5,,-0.1,,1.1,,,"8",,"8",,,"8"
"252210170","WARSZAWA-OBSERWATORIUM II     ","2025","03","03",7.4,,2.0,,4.6,,,"8",,"8",,,"8"
"252210170","WARSZAWA-OBSERWATORIUM II     ","2025","03","04",10.6,,3.1,,6.1,,,"8",,"8",,,"8"
"252210170","WARSZAWA-OBSERWATORIUM II     ","2025","03","05",14.5,,3.8,,8.6,,,"8",,"8",,,"8"
"252210170","WARSZAWA-OBSERWATORIUM II     ","2025","03","06",18.5,,6.4,,10.9,,,"8",,"8",,,"8"
"252210170","WARSZAWA-OBSERWATORIUM II     ","2025","03","07",15.7,,1.8,,7.4,,,"8",,"8",,,"8"
"252210170","WARSZAWA-OBSERWATORIUM II     ","2025","03","08",18.4,,1.9,,8.6,,,"8",,"8",,,"8"
"252210170","WARSZAWA-OBSERWATORIUM II     ","2025","03","09",17.3,,3.6,,9.1,,,"8",,"8",,,"8"
"252210170","WARSZAWA-OBSERWATORIUM II     ","2025","03","10",20.4,,3.9,,10.6,,,"8",,"8",,,"8"
"252210170","WARSZAWA-OBSERWATORIUM II     ","2025","03","11",15.3,,8.3,,10.7,,,"8",,"8",,,"8"
"252210170","WARSZAWA-OBSERWATORIUM II     ","2025","03","12",16.0,,3.9,,8.9,,,"8",,"8",,,"8"
"252210170","WARSZAWA-OBSERWATORIUM II     ","2025","03","13",11.3,,6.7,,8.3,,,"8",,"8",,,"8"
"252210170","WARSZAWA-OBSERWATORIUM II     ","2025","03","14",8.3,,0.7,,3.7,,,"8",,"8",,,"8"
"252210170","WARSZAWA-OBSERWATORIUM II     ","2025","03","15",6.7,,-0.6,,2.1,,,"8",,"8",,,"8"
"252210170","WARSZAWA-OBSERWATORIUM II     ","2025","03","16",8.0,,-2.5,,2.3,,,"8",,"8",,,"8"
"252210170","WARSZAWA-OBSERWATORIUM II     ","2025","03","17",5.4,,-1.3,,0.8,,,"8",,"8",,,"8"
"252210170","WARSZAWA-OBSERWATORIUM II     ","2025","03","18",7.0,,-3.5,,1.4,,,"8",,"8",,,"8"
"252210170","WARSZAWA-OBSERWATORIUM II     ","2025","03","19",10.1,,-0.9,,3.9,,,"8",,"8",,,"8"
"252210170","WARSZAWA-OBSERWATORIUM II     ","2025","03","20",14.1,,-1.9,,5.1,,,"8",,"8",,,"8"
"252210170","WARSZAWA-OBSERWATORIUM II     ","2025","03","21",15.7,,-1.1,,6.5,,,"8",,"8",,,"8"
"252210170","WARSZAWA-OBSERWATORIUM II     ","2025","03","22",14.9,,2.0,,7.5,,,"8",,"8",,,"8"
"252210170","WARSZAWA-OBSERWATORIUM II     ","2025","03","23",14.3,,4.3,,7.6,,,"8",,"8",,,"8"
"252210170","WARSZAWA-OBSERWATORIUM II     ","2025","03","24",7.2,,4.9,,5.9,,,"8",,"8",,,"8"
"252210170","WARSZAWA-OBSERWATORIUM II     ","2025","03","25",13.2,,0.9,,6.2,,,"8",,"8",,,"8"
"252210170","WARSZAWA-OBSERWATORIUM II     ","2025","03","26",13.9,,2.9,,8.0,,,"8",,"8",,,"8"
"252210170","WARSZAWA-OBSERWATORIUM II     ","2025","03","27",10.5,,6.8,,8.0,,,"8",,"8",,,"8"
"252210170","WARSZAWA-OBSERWATORIUM II     ","2025","03","28",14.7,,0.0,,6.6,,,"8",,"8",,,"8"
"252210170","WARSZAWA-OBSERWATORIUM II     ","2025","03","29",16.7,,4.0,,9.8,,,"8",,"8",,,"8"
"252210170","WARSZAWA-OBSERWATORIUM II     ","2025","03","30",15.9,,3.3,,8.0,,,"8",,"8",,,"8"
"252210170","WARSZAWA-OBSERWATORIUM II     ","2025","03","31",12.6,,6.3,,8.5,,,"8",,"8",,,"8"
"252220030","SZEPIETOWO                    ","2025","03","01",3.7,,1.5,,2.4,,0.0,,2.2,,"W",,"9"
"252220030","SZEPIETOWO                    ","2025","03","02",2.7,,0.2,,1.2,,-1.0,,0.1,,"W",,"9"
"252220030","SZEPIETOWO                    ","2025","03","03",10.7,,0.5,,5.0,,0.5,,,"9",,,"9"
"252220030","SZEPIETOWO                    ","2025","03","04",8.7,,4.4,,6.2,,2.4,,,"9",,,"9"
"252220030","SZEPIETOWO                    ","2025","03","05",13.1,,2.5,,7.5,,0.5,,,"9",,,"9"
"252220030","SZEPIETOWO                    ","2025","03","06",17.1,,4.4,,9.1,,1.0,,,"9",,,"9"
"252220030","SZEPIETOWO                    ","2025","03","07",14.1,,0.5,,6.3,,-5.0,,,"9",,,"9"
"252220030","SZEPIETOWO                    ","2025","03","08",17.1,,-1.5,,5.8,,-6.5,,,"9",,,"9"
"252220030","SZEPIETOWO                    ","2025","03","09",16.6,,0.5,,6.9,,-5.0,,,"9",,,"9"
"252220030","SZEPIETOWO                    ","2025","03","10",17.1,,2.5,,8.8,,-3.5,,,"9",,,"9"
"252220030","SZEPIETOWO                    ","2025","03","11",14.6,,4.4,,8.8,,-2.0,,,"9",,,"9"
"252220030","SZEPIETOWO                    ","2025","03","12",14.1,,-1.0,,5.2,,-4.0,,2.5,,"W",,"9"
"252220030","SZEPIETOWO                    ","2025","03","13",13.6,,3.9,,8.1,,-0.5,,9.1,,"W",,"9"
"252220030","SZEPIETOWO                    ","2025","03","14",9.5,,0.5,,3.6,,-1.0,,,"9",,,"9"
"252220030","SZEPIETOWO                    ","2025","03","15",6.7,,-1.5,,1.3,,-5.0,,,"9",,,"9"
"252220030","SZEPIETOWO                    ","2025","03","16",7.7,,-5.0,,0.8,,-9.5,,,"9",,,"9"
"252220030","SZEPIETOWO                    ","2025","03","17",3.7,,-3.0,,-0.8,,-5.5,,,"9",,,"9"
"252220030","SZEPIETOWO                    ","2025","03","18",5.7,,-5.0,,0.4,,-10.0,,,"9",,,"9"
"252220030","SZEPIETOWO                    ","2025","03","19",9.7,,-1.5,,3.5,,-5.0,,,"9",,,"9"
"252220030","SZEPIETOWO                    ","2025","03","20",13.1,,-2.0,,4.4,,-7.5,,,"9",,,"9"
"252220030","SZEPIETOWO                    ","2025","03","21",15.1,,-1.5,,6.7,,-7.5,,,"9",,,"9"
"252220030","SZEPIETOWO                    ","2025","03","22",14.1,,-0.5,,6.4,,-5.5,,,"9",,,"9"
"252220030","SZEPIETOWO                    ","2025","03","23",12.6,,2.0,,6.9,,-1.0,,4.4,,"W",,"9"
"252220030","SZEPIETOWO                    ","2025","03","24",9.1,,3.3,,5.3,,1.9,,0.3,,"W",,"9"
"252220030","SZEPIETOWO                    ","2025","03","25",11.6,,3.9,,7.1,,1.4,,,"9",,,"9"
"252220030","SZEPIETOWO                    ","2025","03","26",11.6,,2.0,,7.0,,-2.0,,0.9,,"W",,"9"
"252220030","SZEPIETOWO                    ","2025","03","27",9.5,,4.9,,6.9,,2.4,,,"9",,,"9"
"252220030","SZEPIETOWO                    ","2025","03","28",13.1,,-2.0,,5.5,,-6.5,,,"9",,,"9"
"252220030","SZEPIETOWO                    ","2025","03","29",16.1,,1.5,,8.8,,-4.5,,,"9",,,"9"
"252220030","SZEPIETOWO                    ","2025","03","30",15.6,,1.0,,8.0,,-5.0,,3.5,,"W",,"9"
"252220030","SZEPIETOWO                    ","2025","03","31",11.3,,4.9,,7.3,,2.9,,3.3,,"W",,"9"
"253140060","GOLENIÓW                      ","2025","03","01",3.4,,1.1,,2.3,,,"8",0.0,,"W",,"9"
"253140060","GOLENIÓW                      ","2025","03","02",6.0,,1.3,,3.5,,,"8",0.0,,"W",,"9"
"253140060","GOLENIÓW                      ","2025","03","03",9.6,,3.2,,6.0,,,"8",,"9",,,"9"
"253140060","GOLENIÓW                      ","2025","03","04",12.5,,3.5,,7.1,,,"8",,"9",,,"9"
"253140060","GOLENIÓW                      ","2025","03","05",15.3,,0.2,,7.3,,,"8",,"9",,,"9"
"253140060","GOLENIÓW                      ","2025","03","06",16.7,,-0.4,,5.7,,,"8",,"9",,,"9"
"253140060","GOLENIÓW                      ","2025","03","07",18.0,,-0.3,,6.3,,,"8",,"9",,,"9"
"253140060","GOLENIÓW                      ","2025","03","08",18.1,,-1.8,,6.7,,,"8",,"9",,,"9"
"253140060","GOLENIÓW                      ","2025","03","09",18.2,,1.2,,9.1,,,"8",,"9",,,"9"
"253140060","GOLENIÓW                      ","2025","03","10",15.6,,-1.4,,5.0,,,"8",,"9",,,"9"
"253140060","GOLENIÓW                      ","2025","03","11",6.9,,2.4,,4.2,,,"8",0.1,,"W",,"9"
"253140060","GOLENIÓW                      ","2025","03","12",9.3,,3.0,,5.3,,,"8",1.0,,"W",,"9"
"253140060","GOLENIÓW                      ","2025","03","13",6.3,,-0.2,,2.3,,,"8",,"9",,,"9"
"253140060","GOLENIÓW                      ","2025","03","14",7.5,,-0.1,,3.1,,,"8",0.0,,"W",,"9"
"253140060","GOLENIÓW                      ","2025","03","15",8.6,,-0.7,,3.3,,,"8",,"9",,,"9"
"253140060","GOLENIÓW                      ","2025","03","16",8.6,,-3.7,,2.5,,,"8",0.4,,"S",,"9"
"253140060","GOLENIÓW                      ","2025","03","17",5.2,,-3.3,,-0.2,,,"8",,"9",,,"9"
"253140060","GOLENIÓW                      ","2025","03","18",8.8,,-6.2,,0.0,,,"8",,"9",,,"9"
"253140060","GOLENIÓW                      ","2025","03","19",11.8,,-5.4,,2.0,,,"8",,"9",,,"9"
"253140060","GOLENIÓW                      ","2025","03","20",16.5,,-2.8,,5.4,,,"8",,"9",,,"9"
"253140060","GOLENIÓW                      ","2025","03","21",18.4,,-0.5,,7.7,,,"8",,"9",,,"9"
"253140060","GOLENIÓW                      ","2025","03","22",13.9,,3.5,,7.8,,,"8",,"9",,,"9"
"253140060","GOLENIÓW                      ","2025","03","23",15.9,,6.4,,10.3,,,"8",,"9",,,"9"
"253140060","GOLENIÓW                      ","2025","03","24",14.8,,2.6,,7.1,,,"8",,"9",,,"9"
"253140060","GOLENIÓW                      ","2025","03","25",16.5,,-2.4,,5.8,,,"8",0.4,,"W",,"9"
"253140060","GOLENIÓW                      ","2025","03","26",11.0,,6.0,,7.8,,,"8",0.1,,"W",,"9"
"253140060","GOLENIÓW                      ","2025","03","27",11.8,,-2.0,,4.2,,,"8",,"9",,,"9"
"253140060","GOLENIÓW                      ","2025","03","28",15.2,,0.5,,6.3,,,"8",,"9",,,"9"
"253140060","GOLENIÓW                      ","2025","03","29",16.0,,0.8,,7.7,,,"8",,"9",,,"9"
"253140060","GOLENIÓW                      ","2025","03","30",9.9,,-0.7,,4.7,,,"8",1.3,,"W",,"9"
"253140060","GOLENIÓW                      ","2025","03","31",8.0,,5.3,,6.2,,,"8",,"9",,,"9"
"253170210","CHRZ¥STOWO                    ","2025","03","01",4.8,,0.5,,2.3,,-0.2,,0.1,,"W",,"9"
"253170210","CHRZ¥STOWO                    ","2025","03","02",3.5,,0.5,,2.2,,0.0,,,"9",,,"9"
"253170210","CHRZ¥STOWO                    ","2025","03","03",7.8,,2.5,,5.1,,1.8,,,"9",,,"9"
"253170210","CHRZ¥STOWO                    ","2025","03","04",10.6,,2.1,,5.7,,0.1,,,"9",,,"9"
"253170210","CHRZ¥STOWO                    ","2025","03","05",13.7,,0.9,,6.2,,-1.6,,,"9",,,"9"
"253170210","CHRZ¥STOWO                    ","2025","03","06",16.8,,1.2,,7.6,,-4.0,,,"9",,,"9"
"253170210","CHRZ¥STOWO                    ","2025","03","07",18.6,,0.7,,7.7,,-4.6,,,"9",,,"9"
"253170210","CHRZ¥STOWO                    ","2025","03","08",16.3,,0.7,,7.6,,-3.0,,,"9",,,"9"
"253170210","CHRZ¥STOWO                    ","2025","03","09",15.7,,2.6,,7.5,,1.4,,,"9",,,"9"
"253170210","CHRZ¥STOWO                    ","2025","03","10",17.6,,3.3,,9.1,,1.1,,,"9",,,"9"
"253170210","CHRZ¥STOWO                    ","2025","03","11",12.0,,0.7,,4.4,,-1.5,,,"9",,,"9"
"253170210","CHRZ¥STOWO                    ","2025","03","12",8.5,,2.6,,4.9,,1.6,,0.5,,"W",,"9"
"253170210","CHRZ¥STOWO                    ","2025","03","13",5.8,,2.1,,3.3,,0.4,,8.1,,"W",,"9"
"253170210","CHRZ¥STOWO                    ","2025","03","14",4.8,,-1.5,,1.6,,-4.0,,,"9",,,"9"
"253170210","CHRZ¥STOWO                    ","2025","03","15",7.5,,0.3,,3.2,,-0.5,,,"9",,,"9"
"253170210","CHRZ¥STOWO                    ","2025","03","16",7.8,,-3.5,,1.9,,-7.0,,1.3,,"W",,"9"
"253170210","CHRZ¥STOWO                    ","2025","03","17",4.9,,-2.0,,0.3,,-4.5,,,"9",,,"9"
"253170210","CHRZ¥STOWO                    ","2025","03","18",7.7,,-4.8,,0.4,,-8.6,,,"9",,,"9"
"253170210","CHRZ¥STOWO                    ","2025","03","19",10.7,,-4.0,,2.7,,-8.2,,,"9",,,"9"
"253170210","CHRZ¥STOWO                    ","2025","03","20",14.8,,-2.8,,5.5,,-6.5,,,"9",,,"9"
"253170210","CHRZ¥STOWO                    ","2025","03","21",16.5,,-1.0,,6.7,,-5.5,,,"9",,,"9"
"253170210","CHRZ¥STOWO                    ","2025","03","22",11.6,,-0.7,,5.3,,-3.0,,,"9",,,"9"
"253170210","CHRZ¥STOWO                    ","2025","03","23",14.1,,3.8,,8.6,,0.9,,,"9",,,"9"
"253170210","CHRZ¥STOWO                    ","2025","03","24",12.2,,1.4,,6.1,,-1.0,,,"9",,,"9"
"253170210","CHRZ¥STOWO                    ","2025","03","25",15.6,,0.1,,7.4,,-3.5,,0.4,,"W",,"9"
"253170210","CHRZ¥STOWO                    ","2025","03","26",10.5,,4.8,,7.1,,0.3,,0.3,,"W",,"9"
"253170210","CHRZ¥STOWO                    ","2025","03","27",13.5,,4.5,,8.4,,2.2,,,"9",,,"9"
"253170210","CHRZ¥STOWO                    ","2025","03","28",15.5,,-1.6,,5.9,,-4.4,,,"9",,,"9"
"253170210","CHRZ¥STOWO                    ","2025","03","29",18.4,,3.0,,10.2,,0.2,,,"9",,,"9"
"253170210","CHRZ¥STOWO                    ","2025","03","30",14.1,,5.6,,8.2,,1.5,,0.0,,"W",,"9"
"253170210","CHRZ¥STOWO                    ","2025","03","31",12.2,,4.2,,7.8,,0.3,,,"9",,,"9"
"253220330","MARIANOWO II                  ","2025","03","01",2.3,,0.8,,1.5,,0.3,,2.0,,"W",,"9"
"253220330","MARIANOWO II                  ","2025","03","02",2.6,,0.0,,1.2,,-1.0,,,"9",,,"9"
"253220330","MARIANOWO II                  ","2025","03","03",8.0,,2.0,,4.6,,1.5,,,"9",,,"9"
"253220330","MARIANOWO II                  ","2025","03","04",8.7,,3.1,,5.8,,2.8,,,"9",,,"9"
"253220330","MARIANOWO II                  ","2025","03","05",12.9,,2.5,,7.0,,0.1,,,"9",,,"9"
"253220330","MARIANOWO II                  ","2025","03","06",16.6,,3.6,,9.2,,-0.1,,,"9",,,"9"
"253220330","MARIANOWO II                  ","2025","03","07",15.5,,1.6,,7.5,,-3.4,,,"9",,,"9"
"253220330","MARIANOWO II                  ","2025","03","08",16.5,,0.5,,6.9,,-3.0,,,"9",,,"9"
"253220330","MARIANOWO II                  ","2025","03","09",14.9,,1.5,,7.0,,-2.5,,,"9",,,"9"
"253220330","MARIANOWO II                  ","2025","03","10",16.8,,3.5,,9.5,,1.1,,,"9",,,"9"
"253220330","MARIANOWO II                  ","2025","03","11",13.7,,5.2,,8.4,,0.6,,,"9",,,"9"
"253220330","MARIANOWO II                  ","2025","03","12",11.7,,1.0,,5.3,,-1.2,,1.7,,"W",,"9"
"253220330","MARIANOWO II                  ","2025","03","13",11.0,,6.3,,8.6,,4.4,,16.3,,"S",,"9"
"253220330","MARIANOWO II                  ","2025","03","14",9.4,,0.9,,3.5,,-0.3,,,"9",,1,
"253220330","MARIANOWO II                  ","2025","03","15",5.5,,-2.1,,0.8,,-3.0,,,"9",,,"9"
"253220330","MARIANOWO II                  ","2025","03","16",6.9,,-5.3,,0.7,,-7.0,,1.4,,"W",,"9"
"253220330","MARIANOWO II                  ","2025","03","17",4.0,,-2.9,,-0.5,,-4.2,,,"9",,,"9"
"253220330","MARIANOWO II                  ","2025","03","18",6.3,,-5.0,,0.9,,-6.9,,,"9",,,"9"
"253220330","MARIANOWO II                  ","2025","03","19",9.5,,-2.1,,2.8,,-3.5,,,"9",,,"9"
"253220330","MARIANOWO II                  ","2025","03","20",12.2,,-0.9,,5.1,,-4.0,,,"9",,,"9"
"253220330","MARIANOWO II                  ","2025","03","21",14.1,,0.6,,6.3,,-2.2,,,"9",,,"9"
"253220330","MARIANOWO II                  ","2025","03","22",13.2,,1.0,,6.2,,-0.5,,,"9",,,"9"
"253220330","MARIANOWO II                  ","2025","03","23",11.5,,2.0,,6.3,,1.0,,0.8,,"W",,"9"
"253220330","MARIANOWO II                  ","2025","03","24",8.8,,3.0,,5.0,,2.7,,,"9",,,"9"
"253220330","MARIANOWO II                  ","2025","03","25",12.3,,3.0,,7.0,,3.0,,,"9",,,"9"
"253220330","MARIANOWO II                  ","2025","03","26",10.5,,4.5,,7.0,,1.8,,1.3,,"W",,"9"
"253220330","MARIANOWO II                  ","2025","03","27",8.0,,5.0,,5.9,,1.4,,,"9",,,"9"
"253220330","MARIANOWO II                  ","2025","03","28",13.1,,1.2,,6.6,,-2.7,,,"9",,,"9"
"253220330","MARIANOWO II                  ","2025","03","29",15.8,,2.9,,8.4,,0.5,,,"9",,,"9"
"253220330","MARIANOWO II                  ","2025","03","30",15.0,,4.4,,8.9,,2.0,,4.8,,"W",,"9"
"253220330","MARIANOWO II                  ","2025","03","31",11.1,,5.4,,7.1,,5.1,,1.6,,"W",,"9"
"254180090","GDAÑSK-RÊBIECHOWO             ","2025","03","01",4.0,,0.3,,1.7,,,"8",0.0,,"W",,"9"
"254180090","GDAÑSK-RÊBIECHOWO             ","2025","03","02",5.1,,-0.3,,2.9,,,"8",0.0,,"W",,"9"
"254180090","GDAÑSK-RÊBIECHOWO             ","2025","03","03",7.9,,3.4,,5.2,,,"8",,"9",,,"9"
"254180090","GDAÑSK-RÊBIECHOWO             ","2025","03","04",8.7,,4.4,,6.2,,,"8",,"9",,,"9"
"254180090","GDAÑSK-RÊBIECHOWO             ","2025","03","05",12.2,,5.3,,8.6,,,"8",,"9",,,"9"
"254180090","GDAÑSK-RÊBIECHOWO             ","2025","03","06",17.1,,7.5,,10.7,,,"8",,"9",,,"9"
"254180090","GDAÑSK-RÊBIECHOWO             ","2025","03","07",16.1,,0.8,,7.0,,,"8",,"9",,,"9"
"254180090","GDAÑSK-RÊBIECHOWO             ","2025","03","08",16.6,,0.6,,6.4,,,"8",,"9",,,"9"
"254180090","GDAÑSK-RÊBIECHOWO             ","2025","03","09",13.5,,-1.5,,4.7,,,"8",,"9",,,"9"
"254180090","GDAÑSK-RÊBIECHOWO             ","2025","03","10",16.5,,2.0,,8.1,,,"8",,"9",,,"9"
"254180090","GDAÑSK-RÊBIECHOWO             ","2025","03","11",11.1,,1.1,,4.2,,,"8",0.0,,"W",,"9"
"254180090","GDAÑSK-RÊBIECHOWO             ","2025","03","12",7.4,,1.7,,4.1,,,"8",0.4,,"W",,"9"
"254180090","GDAÑSK-RÊBIECHOWO             ","2025","03","13",5.3,,1.2,,2.4,,,"8",5.9,,"S",,"9"
"254180090","GDAÑSK-RÊBIECHOWO             ","2025","03","14",4.6,,-0.1,,1.5,,,"8",,"9",,0,
"254180090","GDAÑSK-RÊBIECHOWO             ","2025","03","15",5.9,,-2.4,,0.5,,,"8",,"9",,,"9"
"254180090","GDAÑSK-RÊBIECHOWO             ","2025","03","16",4.9,,-3.3,,0.4,,,"8",3.0,,"S",,"9"
"254180090","GDAÑSK-RÊBIECHOWO             ","2025","03","17",2.2,,-1.7,,-0.3,,,"8",0.0,,"S",1,
"254180090","GDAÑSK-RÊBIECHOWO             ","2025","03","18",6.8,,-2.2,,2.0,,,"8",,"9",,,"9"
"254180090","GDAÑSK-RÊBIECHOWO             ","2025","03","19",10.2,,-0.6,,4.2,,,"8",,"9",,,"9"
"254180090","GDAÑSK-RÊBIECHOWO             ","2025","03","20",14.7,,-1.9,,5.1,,,"8",,"9",,,"9"
"254180090","GDAÑSK-RÊBIECHOWO             ","2025","03","21",10.5,,1.6,,4.2,,,"8",,"9",,,"9"
"254180090","GDAÑSK-RÊBIECHOWO             ","2025","03","22",9.4,,-0.9,,4.9,,,"8",,"9",,,"9"
"254180090","GDAÑSK-RÊBIECHOWO             ","2025","03","23",11.3,,3.5,,6.8,,,"8",,"9",,,"9"
"254180090","GDAÑSK-RÊBIECHOWO             ","2025","03","24",8.7,,0.3,,3.5,,,"8",,"9",,,"9"
"254180090","GDAÑSK-RÊBIECHOWO             ","2025","03","25",14.8,,-2.4,,5.8,,,"8",0.5,,"W",,"9"
"254180090","GDAÑSK-RÊBIECHOWO             ","2025","03","26",11.4,,5.5,,7.2,,,"8",0.0,,"W",,"9"
"254180090","GDAÑSK-RÊBIECHOWO             ","2025","03","27",12.7,,4.7,,7.3,,,"8",,"9",,,"9"
"254180090","GDAÑSK-RÊBIECHOWO             ","2025","03","28",16.4,,1.0,,8.1,,,"8",,"9",,,"9"
"254180090","GDAÑSK-RÊBIECHOWO             ","2025","03","29",16.6,,3.3,,9.3,,,"8",0.0,,"W",,"9"
"254180090","GDAÑSK-RÊBIECHOWO             ","2025","03","30",10.8,,5.6,,7.6,,,"8",,"9",,,"9"
"254180090","GDAÑSK-RÊBIECHOWO             ","2025","03","31",10.2,,2.8,,5.6,,,"8",,"9",,,"9"
"254200080","LIDZBARK WARMIÑSKI            ","2025","03","01",3.4,,-0.2,,1.6,,0.2,,0.8,,"S",0,
"254200080","LIDZBARK WARMIÑSKI            ","2025","03","02",4.4,,-0.2,,2.6,,-1.3,,0.0,,"W",,"9"
"254200080","LIDZBARK WARMIÑSKI            ","2025","03","03",7.0,,1.7,,4.7,,0.7,,,"9",,,"9"
"254200080","LIDZBARK WARMIÑSKI            ","2025","03","04",9.5,,4.5,,6.7,,3.1,,,"9",,,"9"
"254200080","LIDZBARK WARMIÑSKI            ","2025","03","05",13.0,,3.6,,8.0,,2.6,,,"9",,,"9"
"254200080","LIDZBARK WARMIÑSKI            ","2025","03","06",18.0,,5.4,,10.6,,3.1,,,"9",,,"9"
"254200080","LIDZBARK WARMIÑSKI            ","2025","03","07",16.5,,-1.2,,5.8,,-5.9,,,"9",,,"9"
"254200080","LIDZBARK WARMIÑSKI            ","2025","03","08",16.5,,-2.7,,5.4,,-5.9,,,"9",,,"9"
"254200080","LIDZBARK WARMIÑSKI            ","2025","03","09",15.0,,-3.2,,5.0,,-6.9,,,"9",,,"9"
"254200080","LIDZBARK WARMIÑSKI            ","2025","03","10",19.0,,-1.2,,8.0,,-4.9,,,"9",,,"9"
"254200080","LIDZBARK WARMIÑSKI            ","2025","03","11",14.0,,1.7,,5.4,,-2.9,,,"9",,,"9"
"254200080","LIDZBARK WARMIÑSKI            ","2025","03","12",9.0,,2.2,,5.3,,1.6,,,"9",,,"9"
"254200080","LIDZBARK WARMIÑSKI            ","2025","03","13",6.5,,1.7,,3.9,,0.2,,16.2,,"S",,"9"
"254200080","LIDZBARK WARMIÑSKI            ","2025","03","14",3.9,,0.3,,2.2,,-0.3,,,"9",,0,
"254200080","LIDZBARK WARMIÑSKI            ","2025","03","15",5.9,,-5.8,,-0.5,,-10.0,,,"9",,,"9"
"254200080","LIDZBARK WARMIÑSKI            ","2025","03","16",7.0,,-5.3,,1.2,,-9.0,,1.3,,"S",,"9"
"254200080","LIDZBARK WARMIÑSKI            ","2025","03","17",3.4,,-4.7,,-1.0,,-7.1,,0.0,,"S",0,
"254200080","LIDZBARK WARMIÑSKI            ","2025","03","18",7.0,,-3.2,,2.0,,-5.9,,,"9",,,"9"
"254200080","LIDZBARK WARMIÑSKI            ","2025","03","19",10.0,,-1.7,,3.9,,-3.4,,,"9",,,"9"
"254200080","LIDZBARK WARMIÑSKI            ","2025","03","20",13.5,,-3.7,,4.6,,-9.0,,,"9",,,"9"
"254200080","LIDZBARK WARMIÑSKI            ","2025","03","21",13.5,,-0.7,,5.3,,-5.4,,,"9",,,"9"
"254200080","LIDZBARK WARMIÑSKI            ","2025","03","22",15.0,,-2.2,,5.7,,-7.4,,,"9",,,"9"
"254200080","LIDZBARK WARMIÑSKI            ","2025","03","23",14.0,,2.2,,7.0,,0.2,,,"9",,,"9"
"254200080","LIDZBARK WARMIÑSKI            ","2025","03","24",8.5,,1.7,,5.3,,-0.8,,,"9",,,"9"
"254200080","LIDZBARK WARMIÑSKI            ","2025","03","25",13.5,,-3.2,,5.1,,-6.9,,1.4,,"W",,"9"
"254200080","LIDZBARK WARMIÑSKI            ","2025","03","26",11.0,,5.0,,7.2,,4.5,,1.6,,"W",,"9"
"254200080","LIDZBARK WARMIÑSKI            ","2025","03","27",11.0,,4.0,,6.9,,1.3,,,"9",,,"9"
"254200080","LIDZBARK WARMIÑSKI            ","2025","03","28",15.5,,-1.2,,7.4,,-5.4,,,"9",,,"9"
"254200080","LIDZBARK WARMIÑSKI            ","2025","03","29",17.5,,-1.2,,8.7,,-4.4,,,"9",,,"9"
"254200080","LIDZBARK WARMIÑSKI            ","2025","03","30",14.5,,3.6,,7.7,,-1.8,,1.9,,"W",,"9"
"254200080","LIDZBARK WARMIÑSKI            ","2025","03","31",9.5,,2.6,,6.0,,0.7,,,"9",,,"9"
"254220090","OLECKO                        ","2025","03","01",2.8,,0.0,,1.2,,-0.7,,0.6,,"S",,"9"
"254220090","OLECKO                        ","2025","03","02",3.3,,-0.5,,1.4,,-0.6,,,"9",,,"9"
"254220090","OLECKO                        ","2025","03","03",5.4,,2.3,,4.0,,1.9,,,"9",,,"9"
"254220090","OLECKO                        ","2025","03","04",7.9,,4.2,,6.0,,3.9,,,"9",,,"9"
"254220090","OLECKO                        ","2025","03","05",12.2,,3.6,,7.5,,3.3,,,"9",,,"9"
"254220090","OLECKO                        ","2025","03","06",16.7,,3.9,,9.1,,2.2,,,"9",,,"9"
"254220090","OLECKO                        ","2025","03","07",15.1,,-0.2,,5.8,,-2.2,,,"9",,,"9"
"254220090","OLECKO                        ","2025","03","08",15.5,,-1.2,,5.7,,-2.6,,,"9",,,"9"
"254220090","OLECKO                        ","2025","03","09",15.3,,-0.4,,6.6,,-2.1,,,"9",,,"9"
"254220090","OLECKO                        ","2025","03","10",16.7,,3.3,,8.9,,1.5,,,"9",,,"9"
"254220090","OLECKO                        ","2025","03","11",13.1,,3.2,,6.2,,1.7,,,"9",,,"9"
"254220090","OLECKO                        ","2025","03","12",9.5,,1.3,,4.6,,1.6,,1.3,,"W",,"9"
"254220090","OLECKO                        ","2025","03","13",9.7,,4.2,,6.8,,2.2,,19.0,,"W",,"9"
"254220090","OLECKO                        ","2025","03","14",8.0,,-0.5,,2.1,,-0.6,,,"9",,,"9"
"254220090","OLECKO                        ","2025","03","15",5.2,,-3.2,,0.2,,-3.8,,,"9",,,"9"
"254220090","OLECKO                        ","2025","03","16",6.5,,-4.0,,0.8,,-5.8,,0.6,,"S",,"9"
"254220090","OLECKO                        ","2025","03","17",2.9,,-4.0,,-1.3,,-4.3,,,"9",,0,
"254220090","OLECKO                        ","2025","03","18",5.0,,-4.1,,0.7,,-5.2,,0.1,,"S",,"9"
"254220090","OLECKO                        ","2025","03","19",8.4,,-1.8,,2.8,,-2.2,,,"9",,,"9"
"254220090","OLECKO                        ","2025","03","20",12.9,,-2.6,,4.2,,-4.5,,,"9",,,"9"
"254220090","OLECKO                        ","2025","03","21",12.5,,0.1,,5.4,,-2.0,,,"9",,,"9"
"254220090","OLECKO                        ","2025","03","22",13.4,,0.6,,6.1,,-0.6,,,"9",,,"9"
"254220090","OLECKO                        ","2025","03","23",11.0,,0.7,,5.3,,0.0,,0.4,,"W",,"9"
"254220090","OLECKO                        ","2025","03","24",7.7,,2.6,,4.5,,2.3,,,"9",,,"9"
"254220090","OLECKO                        ","2025","03","25",12.0,,2.6,,6.6,,1.9,,0.1,,"W",,"9"
"254220090","OLECKO                        ","2025","03","26",8.3,,4.5,,6.2,,3.7,,0.6,,"W",,"9"
"254220090","OLECKO                        ","2025","03","27",7.8,,4.3,,5.6,,2.0,,,"9",,,"9"
"254220090","OLECKO                        ","2025","03","28",13.6,,0.8,,6.8,,-0.6,,,"9",,,"9"
"254220090","OLECKO                        ","2025","03","29",15.8,,1.5,,8.6,,0.0,,,"9",,,"9"
"254220090","OLECKO                        ","2025","03","30",14.6,,2.2,,7.9,,0.4,,3.1,,"W",,"9"
"254220090","OLECKO                        ","2025","03","31",10.7,,5.5,,7.4,,5.0,,0.6,,"W",,"9"
