"249190560",JAB£ONKA                      ,"2025","12","01",-0.4,,-7.0,,-4.0,,,"8",,"9",,16,
"249190560",JAB£ONKA                      ,"2025","12","02",0.1,,-4.7,,-3.1,,,"8",,"9",,14,
"249190560",JAB£ONKA                      ,"2025","12","03",-0.9,,-4.4,,-2.2,,,"8",,"9",,14,
"249190560",JAB£ONKA                      ,"2025","12","04",-0.8,,-6.3,,-3.8,,,"8",,"9",,12,
"249190560",JAB£ONKA                      ,"2025","12","05",1.2,,-2.0,,-0.3,,,"8",,"9",,11,
"249190560",JAB£ONKA                      ,"2025","12","06",1.6,,-1.0,,0.0,,,"8",,"9",,9,
"249190560",JAB£ONKA                      ,"2025","12","07",5.8,,-0.7,,1.7,,,"8",,"9",,8,
"249190560",JAB£ONKA                      ,"2025","12","08",5.4,,-1.1,,1.9,,,"8",,"9",,6,
"249190560",JAB£ONKA                      ,"2025","12","09",8.7,,1.4,,4.8,,,"8",,"9",,,"9"
"249190560",JAB£ONKA                      ,"2025","12","10",12.4,,-0.4,,3.9,,,"8",,"9",,,"9"
"249190560",JAB£ONKA                      ,"2025","12","11",6.9,,-2.6,,1.7,,,"8",,"9",,,"9"
"249190560",JAB£ONKA                      ,"2025","12","12",9.7,,-2.6,,1.2,,,"8",,"9",,,"9"
"249190560",JAB£ONKA                      ,"2025","12","13",7.0,,-8.2,,-2.9,,,"8",,"9",,,"9"
"249190560",JAB£ONKA                      ,"2025","12","14",4.7,,-4.5,,-1.0,,,"8",,"9",,,"9"
"249190560",JAB£ONKA                      ,"2025","12","15",4.7,,-6.1,,-1.7,,,"8",,"9",,,"9"
"249190560",JAB£ONKA                      ,"2025","12","16",0.6,,-2.9,,-1.5,,,"8",,"9",,,"9"
"249190560",JAB£ONKA                      ,"2025","12","17",8.2,,-2.7,,2.0,,,"8",,"9",,,"9"
"249190560",JAB£ONKA                      ,"2025","12","18",8.6,,-1.9,,1.2,,,"8",,"9",,,"9"
"249190560",JAB£ONKA                      ,"2025","12","19",2.0,,-6.0,,-2.7,,,"8",,"9",,,"9"
"249190560",JAB£ONKA                      ,"2025","12","20",2.1,,-3.9,,-0.3,,,"8",0.0,,W,,"9"
"249190560",JAB£ONKA                      ,"2025","12","21",2.7,,-1.7,,0.2,,,"8",,"9",,,"9"
"249190560",JAB£ONKA                      ,"2025","12","22",1.3,,-0.5,,0.1,,,"8",0.0,,W,,"9"
"249190560",JAB£ONKA                      ,"2025","12","23",0.4,,-1.6,,-1.0,,,"8",0.1,,S,,"9"
"249190560",JAB£ONKA                      ,"2025","12","24",-1.4,,-6.0,,-3.9,,,"8",0.5,,S,0,
"249190560",JAB£ONKA                      ,"2025","12","25",-3.8,,-6.4,,-5.4,,,"8",,"9",,1,
"249190560",JAB£ONKA                      ,"2025","12","26",-0.8,,-6.9,,-4.0,,,"8",,"9",,1,
"249190560",JAB£ONKA                      ,"2025","12","27",3.1,,-5.3,,-1.1,,,"8",0.1,,S,,"9"
"249190560",JAB£ONKA                      ,"2025","12","28",4.0,,-5.1,,-1.8,,,"8",0.0,,S,0,
"249190560",JAB£ONKA                      ,"2025","12","29",1.3,,-8.2,,-3.7,,,"8",1.1,,S,0,
"249190560",JAB£ONKA                      ,"2025","12","30",-2.2,,-5.8,,-4.5,,,"8",2.1,,S,2,
"249190560",JAB£ONKA                      ,"2025","12","31",-4.4,,-6.9,,-5.9,,,"8",1.9,,S,4,
"249190670",POLANA CHOCHO£OWSKA           ,"2025","12","01",4.4,,-3.4,,-0.4,,,"8",,"9",,25,
"249190670",POLANA CHOCHO£OWSKA           ,"2025","12","02",5.4,,-3.8,,-0.3,,,"8",,"9",,24,
"249190670",POLANA CHOCHO£OWSKA           ,"2025","12","03",7.0,,-3.1,,1.0,,,"8",,"9",,22,
"249190670",POLANA CHOCHO£OWSKA           ,"2025","12","04",5.2,,0.6,,3.6,,,"8",0.3,,W,20,
"249190670",POLANA CHOCHO£OWSKA           ,"2025","12","05",7.3,,3.9,,5.1,,,"8",1.6,,W,12,
"249190670",POLANA CHOCHO£OWSKA           ,"2025","12","06",7.4,,-0.1,,2.6,,,"8",0.1,,W,8,
"249190670",POLANA CHOCHO£OWSKA           ,"2025","12","07",5.0,,0.3,,2.5,,,"8",,"9",,5,
"249190670",POLANA CHOCHO£OWSKA           ,"2025","12","08",5.9,,-1.3,,2.4,,,"8",,"9",,,"9"
"249190670",POLANA CHOCHO£OWSKA           ,"2025","12","09",10.8,,0.5,,6.6,,,"8",,"9",,,"9"
"249190670",POLANA CHOCHO£OWSKA           ,"2025","12","10",12.6,,3.2,,6.4,,,"8",,"9",,,"9"
"249190670",POLANA CHOCHO£OWSKA           ,"2025","12","11",6.1,,-0.3,,2.9,,,"8",3.7,,W,,"9"
"249190670",POLANA CHOCHO£OWSKA           ,"2025","12","12",5.1,,-1.9,,0.6,,,"8",,"9",,,"9"
"249190670",POLANA CHOCHO£OWSKA           ,"2025","12","13",9.3,,-2.8,,1.7,,,"8",,"9",,,"9"
"249190670",POLANA CHOCHO£OWSKA           ,"2025","12","14",2.6,,-3.2,,-0.4,,,"8",,"9",,,"9"
"249190670",POLANA CHOCHO£OWSKA           ,"2025","12","15",8.1,,-3.0,,1.9,,,"8",,"9",,,"9"
"249190670",POLANA CHOCHO£OWSKA           ,"2025","12","16",13.3,,-0.1,,7.3,,,"8",,"9",,,"9"
"249190670",POLANA CHOCHO£OWSKA           ,"2025","12","17",12.4,,3.8,,7.4,,,"8",0.3,,W,,"9"
"249190670",POLANA CHOCHO£OWSKA           ,"2025","12","18",8.0,,0.8,,3.4,,,"8",,"9",,,"9"
"249190670",POLANA CHOCHO£OWSKA           ,"2025","12","19",7.1,,0.7,,3.7,,,"8",,"9",,,"9"
"249190670",POLANA CHOCHO£OWSKA           ,"2025","12","20",7.8,,-1.4,,1.6,,,"8",,"9",,,"9"
"249190670",POLANA CHOCHO£OWSKA           ,"2025","12","21",6.3,,-2.2,,2.0,,,"8",,"9",,,"9"
"249190670",POLANA CHOCHO£OWSKA           ,"2025","12","22",5.6,,-2.1,,0.6,,,"8",,"9",,,"9"
"249190670",POLANA CHOCHO£OWSKA           ,"2025","12","23",-0.4,,-4.6,,-2.1,,,"8",1.1,,S,,"9"
"249190670",POLANA CHOCHO£OWSKA           ,"2025","12","24",-1.5,,-9.0,,-6.1,,,"8",1.6,,S,0,
"249190670",POLANA CHOCHO£OWSKA           ,"2025","12","25",-0.6,,-12.2,,-5.8,,,"8",,"9",,1,
"249190670",POLANA CHOCHO£OWSKA           ,"2025","12","26",2.2,,-6.4,,-2.3,,,"8",,"9",,1,
"249190670",POLANA CHOCHO£OWSKA           ,"2025","12","27",6.6,,-6.0,,0.2,,,"8",0.5,,W,,"9"
"249190670",POLANA CHOCHO£OWSKA           ,"2025","12","28",3.7,,-8.0,,-4.3,,,"8",1.2,,S,1,
"249190670",POLANA CHOCHO£OWSKA           ,"2025","12","29",-0.9,,-9.7,,-6.6,,,"8",6.0,,S,4,
"249190670",POLANA CHOCHO£OWSKA           ,"2025","12","30",-4.6,,-10.4,,-8.2,,,"8",7.4,,S,14,
"249190670",POLANA CHOCHO£OWSKA           ,"2025","12","31",-8.3,,-11.2,,-10.0,,,"8",6.7,,S,28,
"249190890",RADZIECHOWY                   ,"2025","12","01",2.4,,-9.2,,-3.2,,-10.4,,,"9",,4,
"249190890",RADZIECHOWY                   ,"2025","12","02",4.3,,-3.1,,-0.6,,-5.0,,,"9",,4,
"249190890",RADZIECHOWY                   ,"2025","12","03",2.0,,-5.2,,-1.9,,-6.0,,,"9",,4,
"249190890",RADZIECHOWY                   ,"2025","12","04",6.2,,-4.0,,-0.2,,-6.0,,0.6,,W,4,
"249190890",RADZIECHOWY                   ,"2025","12","05",5.3,,-0.7,,2.2,,-1.0,,,"9",,3,
"249190890",RADZIECHOWY                   ,"2025","12","06",8.9,,1.1,,4.1,,0.0,,,"9",,2,
"249190890",RADZIECHOWY                   ,"2025","12","07",9.7,,3.2,,6.7,,2.7,,,"9",,,"9"
"249190890",RADZIECHOWY                   ,"2025","12","08",9.4,,1.7,,5.9,,-1.0,,,"9",,,"9"
"249190890",RADZIECHOWY                   ,"2025","12","09",10.9,,6.1,,8.8,,5.2,,,"9",,,"9"
"249190890",RADZIECHOWY                   ,"2025","12","10",12.7,,6.1,,8.7,,4.8,,,"9",,,"9"
"249190890",RADZIECHOWY                   ,"2025","12","11",8.7,,3.7,,6.1,,0.0,,1.6,,W,,"9"
"249190890",RADZIECHOWY                   ,"2025","12","12",8.3,,-0.7,,3.0,,-4.0,,,"9",,,"9"
"249190890",RADZIECHOWY                   ,"2025","12","13",5.3,,-6.5,,-1.8,,-8.2,,,"9",,,"9"
"249190890",RADZIECHOWY                   ,"2025","12","14",4.9,,-2.0,,1.2,,-4.5,,,"9",,,"9"
"249190890",RADZIECHOWY                   ,"2025","12","15",6.9,,-2.7,,1.6,,-4.0,,,"9",,,"9"
"249190890",RADZIECHOWY                   ,"2025","12","16",10.4,,-3.7,,3.6,,-5.5,,,"9",,,"9"
"249190890",RADZIECHOWY                   ,"2025","12","17",11.9,,6.1,,9.2,,2.4,,,"9",,,"9"
"249190890",RADZIECHOWY                   ,"2025","12","18",10.4,,2.7,,5.2,,1.4,,,"9",,,"9"
"249190890",RADZIECHOWY                   ,"2025","12","19",11.9,,-3.2,,3.2,,-5.5,,,"9",,,"9"
"249190890",RADZIECHOWY                   ,"2025","12","20",7.4,,-1.2,,1.5,,-4.0,,,"9",,,"9"
"249190890",RADZIECHOWY                   ,"2025","12","21",5.2,,-3.7,,1.2,,-4.5,,,"9",,,"9"
"249190890",RADZIECHOWY                   ,"2025","12","22",3.9,,-0.9,,1.1,,-2.7,,,"9",,,"9"
"249190890",RADZIECHOWY                   ,"2025","12","23",1.8,,-1.7,,-0.2,,-2.0,,0.1,,W,,"9"
"249190890",RADZIECHOWY                   ,"2025","12","24",0.0,,-5.2,,-2.6,,-4.5,,,"9",,,"9"
"249190890",RADZIECHOWY                   ,"2025","12","25",-3.0,,-6.1,,-4.5,,-5.5,,,"9",,,"9"
"249190890",RADZIECHOWY                   ,"2025","12","26",0.8,,-8.6,,-3.9,,-9.5,,,"9",,,"9"
"249190890",RADZIECHOWY                   ,"2025","12","27",4.4,,-3.7,,0.5,,-3.3,,,"9",,,"9"
"249190890",RADZIECHOWY                   ,"2025","12","28",4.3,,-1.2,,0.5,,-1.5,,,"9",,,"9"
"249190890",RADZIECHOWY                   ,"2025","12","29",0.0,,-6.9,,-2.5,,-10.0,,0.3,,S,,"9"
"249190890",RADZIECHOWY                   ,"2025","12","30",0.0,,-4.3,,-2.4,,-5.5,,1.5,,S,0,
"249190890",RADZIECHOWY                   ,"2025","12","31",-2.0,,-5.7,,-4.0,,-6.5,,0.6,,S,2,
"249200020",£AZY                          ,"2025","12","01",2.2,,-2.3,,0.0,,,"8",0.0,,W,6,
"249200020",£AZY                          ,"2025","12","02",5.1,,-1.8,,0.6,,,"8",,"9",,4,
"249200020",£AZY                          ,"2025","12","03",0.0,,-4.9,,-2.6,,,"8",,"9",,2,
"249200020",£AZY                          ,"2025","12","04",1.4,,-3.9,,-1.9,,,"8",0.2,,W,2,
"249200020",£AZY                          ,"2025","12","05",5.3,,-3.2,,1.6,,,"8",0.0,,W,2,
"249200020",£AZY                          ,"2025","12","06",7.3,,-1.3,,1.3,,,"8",,"9",,2,
"249200020",£AZY                          ,"2025","12","07",5.7,,-0.8,,2.6,,,"8",,"9",,,"9"
"249200020",£AZY                          ,"2025","12","08",8.7,,0.9,,4.9,,,"8",,"9",,,"9"
"249200020",£AZY                          ,"2025","12","09",12.8,,2.5,,8.4,,,"8",0.0,,W,,"9"
"249200020",£AZY                          ,"2025","12","10",12.8,,4.2,,7.5,,,"8",0.3,,W,,"9"
"249200020",£AZY                          ,"2025","12","11",8.6,,1.7,,5.8,,,"8",2.7,,W,,"9"
"249200020",£AZY                          ,"2025","12","12",8.4,,4.0,,6.0,,,"8",,"9",,,"9"
"249200020",£AZY                          ,"2025","12","13",5.9,,-1.7,,1.7,,,"8",0.1,,W,,"9"
"249200020",£AZY                          ,"2025","12","14",4.9,,0.2,,2.6,,,"8",,"9",,,"9"
"249200020",£AZY                          ,"2025","12","15",1.4,,-3.9,,-1.9,,,"8",,"9",,,"9"
"249200020",£AZY                          ,"2025","12","16",-0.5,,-5.5,,-3.2,,,"8",0.3,,W,,"9"
"249200020",£AZY                          ,"2025","12","17",6.5,,-4.3,,1.6,,,"8",,"9",,,"9"
"249200020",£AZY                          ,"2025","12","18",7.9,,-0.8,,3.0,,,"8",,"9",,,"9"
"249200020",£AZY                          ,"2025","12","19",9.4,,-1.8,,2.0,,,"8",0.1,,W,,"9"
"249200020",£AZY                          ,"2025","12","20",1.7,,-2.2,,-0.3,,,"8",,"9",,,"9"
"249200020",£AZY                          ,"2025","12","21",4.7,,0.3,,2.8,,,"8",0.5,,W,,"9"
"249200020",£AZY                          ,"2025","12","22",4.0,,2.1,,2.9,,,"8",,"9",,,"9"
"249200020",£AZY                          ,"2025","12","23",2.9,,-0.5,,0.8,,,"8",0.3,,S,,"9"
"249200020",£AZY                          ,"2025","12","24",0.5,,-5.5,,-2.7,,,"8",0.0,,S,0,
"249200020",£AZY                          ,"2025","12","25",-4.6,,-6.8,,-5.4,,,"8",0.0,,S,0,
"249200020",£AZY                          ,"2025","12","26",-0.1,,-5.5,,-3.0,,,"8",0.0,,W,,"9"
"249200020",£AZY                          ,"2025","12","27",3.8,,-2.7,,0.9,,,"8",0.0,,S,0,
"249200020",£AZY                          ,"2025","12","28",4.0,,-0.8,,1.0,,,"8",0.1,,S,,"9"
"249200020",£AZY                          ,"2025","12","29",0.5,,-2.5,,-0.8,,,"8",0.3,,S,0,
"249200020",£AZY                          ,"2025","12","30",0.5,,-2.7,,-1.5,,,"8",0.0,,S,1,
"249200020",£AZY                          ,"2025","12","31",-2.0,,-4.6,,-3.3,,,"8",0.0,,W,1,
"249200130",JASTRZÊBIA                    ,"2025","12","01",4.0,,-2.4,,0.4,,,"8",,"9",,6,
"249200130",JASTRZÊBIA                    ,"2025","12","02",6.8,,-1.5,,1.2,,,"8",,"9",,,"9"
"249200130",JASTRZÊBIA                    ,"2025","12","03",6.4,,-4.1,,0.0,,,"8",,"9",,,"9"
"249200130",JASTRZÊBIA                    ,"2025","12","04",9.2,,-1.5,,1.5,,,"8",,"9",,,"9"
"249200130",JASTRZÊBIA                    ,"2025","12","05",6.4,,-1.0,,2.3,,,"8",,"9",,,"9"
"249200130",JASTRZÊBIA                    ,"2025","12","06",6.2,,-0.6,,1.7,,,"8",,"9",,,"9"
"249200130",JASTRZÊBIA                    ,"2025","12","07",7.0,,-0.4,,3.2,,,"8",,"9",,,"9"
"249200130",JASTRZÊBIA                    ,"2025","12","08",7.4,,-2.1,,2.5,,,"8",,"9",,,"9"
"249200130",JASTRZÊBIA                    ,"2025","12","09",11.4,,1.1,,6.9,,,"8",,"9",,,"9"
"249200130",JASTRZÊBIA                    ,"2025","12","10",10.6,,2.0,,5.4,,,"8",,"9",,,"9"
"249200130",JASTRZÊBIA                    ,"2025","12","11",8.5,,-1.4,,3.0,,,"8",2.0,,W,,"9"
"249200130",JASTRZÊBIA                    ,"2025","12","12",9.2,,2.1,,5.1,,,"8",,"9",,,"9"
"249200130",JASTRZÊBIA                    ,"2025","12","13",7.0,,-2.3,,0.7,,,"8",0.5,,W,,"9"
"249200130",JASTRZÊBIA                    ,"2025","12","14",5.4,,-1.6,,2.5,,,"8",0.5,,W,,"9"
"249200130",JASTRZÊBIA                    ,"2025","12","15",4.6,,-2.1,,1.3,,,"8",,"9",,,"9"
"249200130",JASTRZÊBIA                    ,"2025","12","16",5.0,,-0.1,,2.2,,,"8",,"9",,,"9"
"249200130",JASTRZÊBIA                    ,"2025","12","17",7.5,,-2.4,,2.4,,,"8",,"9",,,"9"
"249200130",JASTRZÊBIA                    ,"2025","12","18",9.2,,-0.6,,3.1,,,"8",,"9",,,"9"
"249200130",JASTRZÊBIA                    ,"2025","12","19",9.8,,-0.4,,2.3,,,"8",,"9",,,"9"
"249200130",JASTRZÊBIA                    ,"2025","12","20",6.8,,-2.6,,0.2,,,"8",,"9",,,"9"
"249200130",JASTRZÊBIA                    ,"2025","12","21",4.8,,-1.2,,2.4,,,"8",0.5,,W,,"9"
"249200130",JASTRZÊBIA                    ,"2025","12","22",5.0,,3.6,,4.1,,,"8",,"9",,,"9"
"249200130",JASTRZÊBIA                    ,"2025","12","23",3.8,,-0.1,,1.5,,,"8",1.4,,S,,"9"
"249200130",JASTRZÊBIA                    ,"2025","12","24",0.2,,-4.4,,-2.3,,,"8",0.1,,S,1,
"249200130",JASTRZÊBIA                    ,"2025","12","25",-3.0,,-5.6,,-4.4,,,"8",,"9",,1,
"249200130",JASTRZÊBIA                    ,"2025","12","26",1.0,,-5.1,,-2.7,,,"8",0.6,,S,,"9"
"249200130",JASTRZÊBIA                    ,"2025","12","27",5.6,,-2.1,,2.0,,,"8",0.1,,S,1,
"249200130",JASTRZÊBIA                    ,"2025","12","28",5.4,,-0.4,,1.4,,,"8",0.7,,S,0,
"249200130",JASTRZÊBIA                    ,"2025","12","29",0.5,,-6.0,,-2.6,,,"8",2.4,,S,0,
"249200130",JASTRZÊBIA                    ,"2025","12","30",0.2,,-3.5,,-2.1,,,"8",0.1,,S,3,
"249200130",JASTRZÊBIA                    ,"2025","12","31",-1.2,,-4.4,,-3.1,,,"8",,"9",,2,
"249200180",LIMANOWA                      ,"2025","12","01",5.6,,-3.4,,0.8,,-3.7,,0.0,,W,13,
"249200180",LIMANOWA                      ,"2025","12","02",6.0,,-0.3,,1.9,,-0.2,,,"9",,12,
"249200180",LIMANOWA                      ,"2025","12","03",3.9,,-1.1,,1.1,,-2.2,,,"9",,11,
"249200180",LIMANOWA                      ,"2025","12","04",8.0,,0.9,,3.5,,-2.2,,,"9",,11,
"249200180",LIMANOWA                      ,"2025","12","05",7.6,,2.2,,5.4,,-1.1,,,"9",,10,
"249200180",LIMANOWA                      ,"2025","12","06",9.2,,3.9,,5.8,,1.5,,,"9",,6,
"249200180",LIMANOWA                      ,"2025","12","07",7.7,,3.9,,5.4,,2.1,,,"9",,,"9"
"249200180",LIMANOWA                      ,"2025","12","08",7.4,,0.2,,3.7,,-0.7,,,"9",,,"9"
"249200180",LIMANOWA                      ,"2025","12","09",11.3,,2.7,,6.9,,1.2,,,"9",,,"9"
"249200180",LIMANOWA                      ,"2025","12","10",11.3,,4.3,,6.3,,3.0,,,"9",,,"9"
"249200180",LIMANOWA                      ,"2025","12","11",8.1,,3.5,,5.9,,0.7,,1.2,,W,,"9"
"249200180",LIMANOWA                      ,"2025","12","12",9.3,,1.8,,4.6,,-1.5,,,"9",,,"9"
"249200180",LIMANOWA                      ,"2025","12","13",7.7,,-2.2,,0.9,,-2.7,,,"9",,,"9"
"249200180",LIMANOWA                      ,"2025","12","14",4.6,,-1.5,,2.0,,-2.8,,0.4,,W,,"9"
"249200180",LIMANOWA                      ,"2025","12","15",3.4,,-1.7,,0.1,,-2.6,,,"9",,,"9"
"249200180",LIMANOWA                      ,"2025","12","16",3.8,,-2.4,,0.5,,-2.9,,,"9",,,"9"
"249200180",LIMANOWA                      ,"2025","12","17",9.3,,2.1,,5.9,,-1.2,,,"9",,,"9"
"249200180",LIMANOWA                      ,"2025","12","18",8.7,,1.9,,4.2,,0.1,,,"9",,,"9"
"249200180",LIMANOWA                      ,"2025","12","19",7.0,,0.3,,3.1,,-0.5,,,"9",,,"9"
"249200180",LIMANOWA                      ,"2025","12","20",7.9,,0.5,,2.7,,-2.4,,,"9",,,"9"
"249200180",LIMANOWA                      ,"2025","12","21",5.0,,-0.4,,2.4,,-1.7,,0.4,,W,,"9"
"249200180",LIMANOWA                      ,"2025","12","22",4.0,,2.4,,3.0,,3.1,,,"9",,,"9"
"249200180",LIMANOWA                      ,"2025","12","23",3.4,,-1.4,,0.4,,-1.1,,1.2,,S,,"9"
"249200180",LIMANOWA                      ,"2025","12","24",-0.9,,-6.3,,-4.0,,-5.4,,0.6,,S,0,
"249200180",LIMANOWA                      ,"2025","12","25",-5.2,,-7.0,,-6.2,,-6.0,,,"9",,4,
"249200180",LIMANOWA                      ,"2025","12","26",1.1,,-7.2,,-3.8,,-7.8,,0.3,,S,3,
"249200180",LIMANOWA                      ,"2025","12","27",4.5,,-4.1,,0.4,,-6.2,,0.1,,S,3,
"249200180",LIMANOWA                      ,"2025","12","28",4.9,,-2.1,,-0.3,,-2.1,,0.1,,S,0,
"249200180",LIMANOWA                      ,"2025","12","29",-1.0,,-4.6,,-2.8,,-7.0,,1.7,,S,0,
"249200180",LIMANOWA                      ,"2025","12","30",-1.0,,-4.8,,-3.6,,-4.8,,0.1,,S,5,
"249200180",LIMANOWA                      ,"2025","12","31",-3.3,,-6.4,,-5.2,,-6.2,,0.0,,W,4,
"249200260",£¥CKO                         ,"2025","12","01",3.3,,-3.6,,-0.5,,,"8",,"9",,9,
"249200260",£¥CKO                         ,"2025","12","02",8.2,,-3.0,,0.1,,,"8",,"9",,9,
"249200260",£¥CKO                         ,"2025","12","03",5.3,,-5.7,,-0.9,,,"8",,"9",,7,
"249200260",£¥CKO                         ,"2025","12","04",8.8,,-3.0,,1.0,,,"8",,"9",,6,
"249200260",£¥CKO                         ,"2025","12","05",5.8,,-1.8,,1.7,,,"8",,"9",,6,
"249200260",£¥CKO                         ,"2025","12","06",9.1,,-0.8,,2.3,,,"8",,"9",,5,
"249200260",£¥CKO                         ,"2025","12","07",6.8,,-0.1,,3.1,,,"8",,"9",,3,
"249200260",£¥CKO                         ,"2025","12","08",8.1,,-1.6,,3.7,,,"8",,"9",,,"9"
"249200260",£¥CKO                         ,"2025","12","09",12.0,,0.9,,5.9,,,"8",,"9",,,"9"
"249200260",£¥CKO                         ,"2025","12","10",11.6,,1.7,,4.7,,,"8",,"9",,,"9"
"249200260",£¥CKO                         ,"2025","12","11",6.9,,-1.0,,2.7,,,"8",0.3,,W,,"9"
"249200260",£¥CKO                         ,"2025","12","12",11.1,,-1.0,,3.7,,,"8",,"9",,,"9"
"249200260",£¥CKO                         ,"2025","12","13",7.6,,-2.6,,0.4,,,"8",,"9",,,"9"
"249200260",£¥CKO                         ,"2025","12","14",6.1,,-2.8,,2.0,,,"8",,"9",,,"9"
"249200260",£¥CKO                         ,"2025","12","15",5.6,,-3.6,,-0.5,,,"8",,"9",,,"9"
"249200260",£¥CKO                         ,"2025","12","16",3.6,,-5.7,,-1.8,,,"8",,"9",,,"9"
"249200260",£¥CKO                         ,"2025","12","17",10.6,,-2.4,,2.8,,,"8",,"9",,,"9"
"249200260",£¥CKO                         ,"2025","12","18",10.6,,-0.1,,3.3,,,"8",,"9",,,"9"
"249200260",£¥CKO                         ,"2025","12","19",8.8,,-3.0,,1.7,,,"8",,"9",,,"9"
"249200260",£¥CKO                         ,"2025","12","20",5.6,,-1.8,,1.3,,,"8",,"9",,,"9"
"249200260",£¥CKO                         ,"2025","12","21",3.6,,-0.6,,1.7,,,"8",0.9,,W,,"9"
"249200260",£¥CKO                         ,"2025","12","22",5.4,,2.3,,3.6,,,"8",,"9",,,"9"
"249200260",£¥CKO                         ,"2025","12","23",4.6,,-0.5,,1.8,,,"8",0.6,,S,,"9"
"249200260",£¥CKO                         ,"2025","12","24",0.4,,-4.9,,-2.5,,,"8",0.0,,S,0,
"249200260",£¥CKO                         ,"2025","12","25",-3.9,,-5.2,,-4.6,,,"8",,"9",,0,
"249200260",£¥CKO                         ,"2025","12","26",2.6,,-7.7,,-2.5,,,"8",,"9",,,"9"
"249200260",£¥CKO                         ,"2025","12","27",6.3,,-7.1,,-0.1,,,"8",0.0,,W,,"9"
"249200260",£¥CKO                         ,"2025","12","28",6.6,,-0.6,,1.6,,,"8",,"9",,0,
"249200260",£¥CKO                         ,"2025","12","29",1.4,,-5.7,,-2.3,,,"8",0.9,,S,,"9"
"249200260",£¥CKO                         ,"2025","12","30",1.0,,-3.6,,-2.1,,,"8",0.8,,S,3,
"249200260",£¥CKO                         ,"2025","12","31",-2.2,,-4.7,,-3.5,,,"8",1.5,,S,3,
"249200370",KROŒCIENKO                    ,"2025","12","01",3.0,,-3.3,,-0.5,,,"8",,"9",,13,
"249200370",KROŒCIENKO                    ,"2025","12","02",6.4,,-3.0,,0.6,,,"8",,"9",,13,
"249200370",KROŒCIENKO                    ,"2025","12","03",4.0,,0.4,,1.6,,,"8",,"9",,13,
"249200370",KROŒCIENKO                    ,"2025","12","04",7.8,,-1.0,,1.9,,,"8",,"9",,13,
"249200370",KROŒCIENKO                    ,"2025","12","05",9.5,,0.0,,4.5,,,"8",,"9",,12,
"249200370",KROŒCIENKO                    ,"2025","12","06",8.5,,-0.5,,2.1,,,"8",1.8,,W,10,
"249200370",KROŒCIENKO                    ,"2025","12","07",6.2,,0.2,,2.8,,,"8",,"9",,9,
"249200370",KROŒCIENKO                    ,"2025","12","08",6.2,,1.6,,3.6,,,"8",,"9",,6,
"249200370",KROŒCIENKO                    ,"2025","12","09",10.2,,1.8,,4.8,,,"8",,"9",,4,
"249200370",KROŒCIENKO                    ,"2025","12","10",11.4,,1.5,,4.6,,,"8",,"9",,,"9"
"249200370",KROŒCIENKO                    ,"2025","12","11",5.5,,0.4,,2.8,,,"8",0.7,,W,,"9"
"249200370",KROŒCIENKO                    ,"2025","12","12",9.1,,-0.3,,3.2,,,"8",,"9",,,"9"
"249200370",KROŒCIENKO                    ,"2025","12","13",5.4,,-4.7,,-1.3,,,"8",,"9",,,"9"
"249200370",KROŒCIENKO                    ,"2025","12","14",5.7,,-2.5,,0.6,,,"8",,"9",,,"9"
"249200370",KROŒCIENKO                    ,"2025","12","15",2.8,,-3.7,,-1.5,,,"8",,"9",,,"9"
"249200370",KROŒCIENKO                    ,"2025","12","16",3.8,,-3.7,,-0.8,,,"8",,"9",,,"9"
"249200370",KROŒCIENKO                    ,"2025","12","17",9.5,,-1.0,,2.9,,,"8",0.6,,W,,"9"
"249200370",KROŒCIENKO                    ,"2025","12","18",9.0,,0.6,,3.1,,,"8",,"9",,,"9"
"249200370",KROŒCIENKO                    ,"2025","12","19",6.7,,-1.3,,1.3,,,"8",,"9",,,"9"
"249200370",KROŒCIENKO                    ,"2025","12","20",3.2,,-0.4,,1.5,,,"8",,"9",,,"9"
"249200370",KROŒCIENKO                    ,"2025","12","21",3.3,,-0.5,,0.7,,,"8",,"9",,,"9"
"249200370",KROŒCIENKO                    ,"2025","12","22",6.7,,0.1,,2.8,,,"8",,"9",,,"9"
"249200370",KROŒCIENKO                    ,"2025","12","23",4.0,,0.2,,1.9,,,"8",1.4,,S,,"9"
"249200370",KROŒCIENKO                    ,"2025","12","24",0.2,,-4.0,,-2.2,,,"8",0.2,,S,0,
"249200370",KROŒCIENKO                    ,"2025","12","25",-4.0,,-5.4,,-4.8,,,"8",,"9",,1,
"249200370",KROŒCIENKO                    ,"2025","12","26",1.0,,-5.7,,-2.6,,,"8",0.0,,W,1,
"249200370",KROŒCIENKO                    ,"2025","12","27",3.9,,-5.7,,-0.6,,,"8",0.0,,W,1,
"249200370",KROŒCIENKO                    ,"2025","12","28",5.5,,-2.0,,0.4,,,"8",,"9",,0,
"249200370",KROŒCIENKO                    ,"2025","12","29",1.2,,-4.0,,-1.4,,,"8",1.2,,S,0,
"249200370",KROŒCIENKO                    ,"2025","12","30",0.0,,-4.7,,-3.0,,,"8",0.8,,S,6,
"249200370",KROŒCIENKO                    ,"2025","12","31",-1.9,,-5.0,,-4.1,,,"8",0.2,,S,7,
"249200420",NIEDZICA                      ,"2025","12","01",-0.1,,-5.0,,-2.5,,,"8",,"9",,12,
"249200420",NIEDZICA                      ,"2025","12","02",0.4,,-2.8,,-1.7,,,"8",,"9",,12,
"249200420",NIEDZICA                      ,"2025","12","03",2.4,,-2.8,,-1.0,,,"8",,"9",,10,
"249200420",NIEDZICA                      ,"2025","12","04",1.2,,-2.6,,-1.0,,,"8",,"9",,10,
"249200420",NIEDZICA                      ,"2025","12","05",8.2,,-0.8,,3.9,,,"8",,"9",,8,
"249200420",NIEDZICA                      ,"2025","12","06",3.3,,-0.6,,0.5,,,"8",0.4,,W,5,
"249200420",NIEDZICA                      ,"2025","12","07",4.2,,-0.6,,1.6,,,"8",0.2,,W,4,
"249200420",NIEDZICA                      ,"2025","12","08",3.2,,0.0,,1.4,,,"8",,"9",,,"9"
"249200420",NIEDZICA                      ,"2025","12","09",8.1,,0.6,,3.2,,,"8",,"9",,,"9"
"249200420",NIEDZICA                      ,"2025","12","10",10.3,,1.6,,4.2,,,"8",0.0,,W,,"9"
"249200420",NIEDZICA                      ,"2025","12","11",5.4,,-1.1,,2.0,,,"8",1.0,,W,,"9"
"249200420",NIEDZICA                      ,"2025","12","12",10.2,,1.1,,4.0,,,"8",,"9",,,"9"
"249200420",NIEDZICA                      ,"2025","12","13",5.2,,-5.7,,-1.8,,,"8",,"9",,,"9"
"249200420",NIEDZICA                      ,"2025","12","14",6.4,,-3.7,,0.1,,,"8",,"9",,,"9"
"249200420",NIEDZICA                      ,"2025","12","15",1.8,,-5.4,,-2.7,,,"8",,"9",,,"9"
"249200420",NIEDZICA                      ,"2025","12","16",1.8,,-6.0,,-2.8,,,"8",,"9",,,"9"
"249200420",NIEDZICA                      ,"2025","12","17",3.0,,-2.8,,-0.5,,,"8",,"9",,,"9"
"249200420",NIEDZICA                      ,"2025","12","18",7.8,,-0.6,,1.7,,,"8",,"9",,,"9"
"249200420",NIEDZICA                      ,"2025","12","19",5.4,,-2.0,,0.2,,,"8",,"9",,,"9"
"249200420",NIEDZICA                      ,"2025","12","20",1.8,,-1.4,,-0.1,,,"8",,"9",,,"9"
"249200420",NIEDZICA                      ,"2025","12","21",1.9,,-1.9,,-0.4,,,"8",0.7,,W,,"9"
"249200420",NIEDZICA                      ,"2025","12","22",4.4,,-0.7,,0.8,,,"8",,"9",,,"9"
"249200420",NIEDZICA                      ,"2025","12","23",2.1,,-0.9,,0.2,,,"8",0.5,,S,,"9"
"249200420",NIEDZICA                      ,"2025","12","24",-0.8,,-5.9,,-3.5,,,"8",0.4,,S,0,
"249200420",NIEDZICA                      ,"2025","12","25",-3.6,,-6.3,,-5.3,,,"8",,"9",,0,
"249200420",NIEDZICA                      ,"2025","12","26",1.3,,-8.1,,-3.5,,,"8",,"9",,0,
"249200420",NIEDZICA                      ,"2025","12","27",2.8,,-4.2,,-0.8,,,"8",0.3,,S,,"9"
"249200420",NIEDZICA                      ,"2025","12","28",4.9,,-2.8,,-0.5,,,"8",0.2,,S,0,
"249200420",NIEDZICA                      ,"2025","12","29",1.3,,-5.3,,-2.8,,,"8",1.5,,S,0,
"249200420",NIEDZICA                      ,"2025","12","30",-1.7,,-5.5,,-4.2,,,"8",1.0,,S,5,
"249200420",NIEDZICA                      ,"2025","12","31",-4.3,,-6.2,,-5.6,,,"8",0.9,,S,7,
"249200480",BUKOWINA TATRZAÑSKA           ,"2025","12","01",5.5,,-0.9,,1.8,,,"8",,"9",,20,
"249200480",BUKOWINA TATRZAÑSKA           ,"2025","12","02",4.2,,-2.1,,-0.2,,,"8",,"9",,19,
"249200480",BUKOWINA TATRZAÑSKA           ,"2025","12","03",1.8,,-2.5,,-0.6,,,"8",,"9",,18,
"249200480",BUKOWINA TATRZAÑSKA           ,"2025","12","04",5.0,,-1.2,,1.0,,,"8",,"9",,17,
"249200480",BUKOWINA TATRZAÑSKA           ,"2025","12","05",6.0,,-0.3,,3.3,,,"8",,"9",,16,
"249200480",BUKOWINA TATRZAÑSKA           ,"2025","12","06",8.5,,1.5,,3.6,,,"8",,"9",,14,
"249200480",BUKOWINA TATRZAÑSKA           ,"2025","12","07",5.0,,2.2,,3.5,,,"8",,"9",,14,
"249200480",BUKOWINA TATRZAÑSKA           ,"2025","12","08",5.1,,0.1,,2.6,,,"8",,"9",,12,
"249200480",BUKOWINA TATRZAÑSKA           ,"2025","12","09",9.1,,1.2,,5.6,,,"8",0.7,,W,11,
"249200480",BUKOWINA TATRZAÑSKA           ,"2025","12","10",11.5,,4.4,,7.0,,,"8",,"9",,7,
"249200480",BUKOWINA TATRZAÑSKA           ,"2025","12","11",7.5,,2.7,,5.4,,,"8",1.4,,W,4,
"249200480",BUKOWINA TATRZAÑSKA           ,"2025","12","12",8.8,,2.3,,4.5,,,"8",,"9",,,"9"
"249200480",BUKOWINA TATRZAÑSKA           ,"2025","12","13",11.6,,1.3,,4.6,,,"8",,"9",,,"9"
"249200480",BUKOWINA TATRZAÑSKA           ,"2025","12","14",3.5,,-0.9,,1.0,,,"8",0.1,,W,,"9"
"249200480",BUKOWINA TATRZAÑSKA           ,"2025","12","15",5.0,,-2.2,,0.6,,,"8",,"9",,,"9"
"249200480",BUKOWINA TATRZAÑSKA           ,"2025","12","16",4.6,,-4.0,,0.7,,,"8",,"9",,,"9"
"249200480",BUKOWINA TATRZAÑSKA           ,"2025","12","17",10.2,,4.0,,5.8,,,"8",0.1,,W,,"9"
"249200480",BUKOWINA TATRZAÑSKA           ,"2025","12","18",9.1,,2.2,,4.5,,,"8",,"9",,,"9"
"249200480",BUKOWINA TATRZAÑSKA           ,"2025","12","19",7.6,,-0.6,,2.4,,,"8",,"9",,,"9"
"249200480",BUKOWINA TATRZAÑSKA           ,"2025","12","20",6.5,,-2.9,,0.7,,,"8",,"9",,,"9"
"249200480",BUKOWINA TATRZAÑSKA           ,"2025","12","21",4.5,,-0.1,,2.4,,,"8",,"9",,,"9"
"249200480",BUKOWINA TATRZAÑSKA           ,"2025","12","22",4.2,,-1.9,,0.0,,,"8",,"9",,,"9"
"249200480",BUKOWINA TATRZAÑSKA           ,"2025","12","23",-0.1,,-4.0,,-2.3,,,"8",1.4,,S,,"9"
"249200480",BUKOWINA TATRZAÑSKA           ,"2025","12","24",-1.7,,-7.1,,-5.1,,,"8",0.6,,S,1,
"249200480",BUKOWINA TATRZAÑSKA           ,"2025","12","25",-5.2,,-8.8,,-7.6,,,"8",,"9",,2,
"249200480",BUKOWINA TATRZAÑSKA           ,"2025","12","26",-0.1,,-9.0,,-3.6,,,"8",,"9",,2,
"249200480",BUKOWINA TATRZAÑSKA           ,"2025","12","27",3.9,,-6.5,,-1.3,,,"8",1.3,,S,2,
"249200480",BUKOWINA TATRZAÑSKA           ,"2025","12","28",3.3,,-5.4,,-2.9,,,"8",0.4,,S,2,
"249200480",BUKOWINA TATRZAÑSKA           ,"2025","12","29",-1.5,,-6.0,,-3.7,,,"8",2.3,,S,3,
"249200480",BUKOWINA TATRZAÑSKA           ,"2025","12","30",-4.3,,-8.1,,-6.7,,,"8",2.9,,S,8,
"249200480",BUKOWINA TATRZAÑSKA           ,"2025","12","31",-7.2,,-9.0,,-8.2,,,"8",3.1,,S,16,
"249200550",DOLINA PIÊCIU STAWÓW          ,"2025","12","01",0.6,,-3.8,,-1.9,,,"8",,"9",,62,
"249200550",DOLINA PIÊCIU STAWÓW          ,"2025","12","02",2.6,,-3.2,,-0.5,,,"8",,"9",,61,
"249200550",DOLINA PIÊCIU STAWÓW          ,"2025","12","03",1.2,,-3.0,,-1.2,,,"8",0.0,,W,60,
"249200550",DOLINA PIÊCIU STAWÓW          ,"2025","12","04",2.1,,-3.1,,0.2,,,"8",0.0,,S,60,
"249200550",DOLINA PIÊCIU STAWÓW          ,"2025","12","05",3.5,,1.5,,2.4,,,"8",1.5,,S,58,
"249200550",DOLINA PIÊCIU STAWÓW          ,"2025","12","06",3.1,,-0.8,,1.1,,,"8",0.4,,S,55,
"249200550",DOLINA PIÊCIU STAWÓW          ,"2025","12","07",3.6,,-2.3,,-0.1,,,"8",0.1,,S,54,
"249200550",DOLINA PIÊCIU STAWÓW          ,"2025","12","08",2.7,,-4.1,,-0.3,,,"8",,"9",,53,
"249200550",DOLINA PIÊCIU STAWÓW          ,"2025","12","09",5.9,,0.7,,3.7,,,"8",,"9",,50,
"249200550",DOLINA PIÊCIU STAWÓW          ,"2025","12","10",10.5,,4.6,,6.5,,,"8",,"9",,45,
"249200550",DOLINA PIÊCIU STAWÓW          ,"2025","12","11",6.9,,-0.8,,2.1,,,"8",4.2,,S,42,
"249200550",DOLINA PIÊCIU STAWÓW          ,"2025","12","12",4.1,,-1.3,,1.5,,,"8",,"9",,40,
"249200550",DOLINA PIÊCIU STAWÓW          ,"2025","12","13",5.6,,2.1,,3.7,,,"8",,"9",,39,
"249200550",DOLINA PIÊCIU STAWÓW          ,"2025","12","14",3.4,,-3.6,,-0.8,,,"8",,"9",,38,
"249200550",DOLINA PIÊCIU STAWÓW          ,"2025","12","15",5.1,,-1.3,,2.2,,,"8",,"9",,38,
"249200550",DOLINA PIÊCIU STAWÓW          ,"2025","12","16",9.0,,3.1,,6.4,,,"8",,"9",,37,
"249200550",DOLINA PIÊCIU STAWÓW          ,"2025","12","17",7.6,,2.0,,4.3,,,"8",0.2,,W,36,
"249200550",DOLINA PIÊCIU STAWÓW          ,"2025","12","18",5.1,,0.2,,2.4,,,"8",,"9",,34,
"249200550",DOLINA PIÊCIU STAWÓW          ,"2025","12","19",2.3,,-0.3,,0.7,,,"8",,"9",,33,
"249200550",DOLINA PIÊCIU STAWÓW          ,"2025","12","20",3.8,,-2.3,,-0.1,,,"8",,"9",,33,
"249200550",DOLINA PIÊCIU STAWÓW          ,"2025","12","21",2.6,,-2.3,,-0.4,,,"8",,"9",,32,
"249200550",DOLINA PIÊCIU STAWÓW          ,"2025","12","22",0.6,,-3.6,,-2.1,,,"8",,"9",,32,
"249200550",DOLINA PIÊCIU STAWÓW          ,"2025","12","23",-2.2,,-5.6,,-4.5,,,"8",1.5,,S,32,
"249200550",DOLINA PIÊCIU STAWÓW          ,"2025","12","24",-5.1,,-10.2,,-8.3,,,"8",0.3,,S,32,
"249200550",DOLINA PIÊCIU STAWÓW          ,"2025","12","25",-1.9,,-9.2,,-5.6,,,"8",0.1,,S,32,
"249200550",DOLINA PIÊCIU STAWÓW          ,"2025","12","26",-0.4,,-6.6,,-3.0,,,"8",,"9",,32,
"249200550",DOLINA PIÊCIU STAWÓW          ,"2025","12","27",4.4,,-3.1,,0.2,,,"8",3.4,,S,32,
"249200550",DOLINA PIÊCIU STAWÓW          ,"2025","12","28",2.3,,-10.7,,-6.2,,,"8",3.7,,S,36,
"249200550",DOLINA PIÊCIU STAWÓW          ,"2025","12","29",-0.9,,-11.3,,-6.9,,,"8",9.2,,S,40,
"249200550",DOLINA PIÊCIU STAWÓW          ,"2025","12","30",-8.7,,-14.3,,-12.4,,,"8",12.6,,S,56,
"249200550",DOLINA PIÊCIU STAWÓW          ,"2025","12","31",-12.8,,-15.4,,-14.0,,,"8",8.6,,S,77,
"249200920",PIWNICZNA                     ,"2025","12","01",3.6,,-0.6,,1.1,,,"8",,"9",,7,
"249200920",PIWNICZNA                     ,"2025","12","02",5.3,,-0.1,,2.5,,,"8",,"9",,5,
"249200920",PIWNICZNA                     ,"2025","12","03",4.1,,2.1,,2.9,,,"8",,"9",,2,
"249200920",PIWNICZNA                     ,"2025","12","04",7.9,,0.6,,2.9,,,"8",,"9",,,"9"
"249200920",PIWNICZNA                     ,"2025","12","05",9.6,,1.3,,4.5,,,"8",,"9",,,"9"
"249200920",PIWNICZNA                     ,"2025","12","06",8.3,,0.8,,3.2,,,"8",0.5,,W,,"9"
"249200920",PIWNICZNA                     ,"2025","12","07",6.1,,1.4,,3.4,,,"8",1.1,,W,,"9"
"249200920",PIWNICZNA                     ,"2025","12","08",6.4,,2.7,,4.3,,,"8",,"9",,,"9"
"249200920",PIWNICZNA                     ,"2025","12","09",7.4,,4.0,,5.5,,,"8",,"9",,,"9"
"249200920",PIWNICZNA                     ,"2025","12","10",6.9,,4.6,,5.5,,,"8",,"9",,,"9"
"249200920",PIWNICZNA                     ,"2025","12","11",5.6,,2.1,,3.5,,,"8",0.3,,W,,"9"
"249200920",PIWNICZNA                     ,"2025","12","12",10.6,,-1.4,,2.4,,,"8",,"9",,,"9"
"249200920",PIWNICZNA                     ,"2025","12","13",2.7,,-2.6,,0.3,,,"8",,"9",,,"9"
"249200920",PIWNICZNA                     ,"2025","12","14",5.9,,-0.8,,1.5,,,"8",0.2,,W,,"9"
"249200920",PIWNICZNA                     ,"2025","12","15",1.7,,-0.9,,0.4,,,"8",,"9",,,"9"
"249200920",PIWNICZNA                     ,"2025","12","16",2.4,,-0.1,,0.7,,,"8",,"9",,,"9"
"249200920",PIWNICZNA                     ,"2025","12","17",8.9,,-2.2,,1.8,,,"8",0.5,,W,,"9"
"249200920",PIWNICZNA                     ,"2025","12","18",7.6,,2.1,,3.9,,,"8",,"9",,,"9"
"249200920",PIWNICZNA                     ,"2025","12","19",7.1,,2.0,,4.4,,,"8",,"9",,,"9"
"249200920",PIWNICZNA                     ,"2025","12","20",6.3,,2.3,,4.0,,,"8",,"9",,,"9"
"249200920",PIWNICZNA                     ,"2025","12","21",4.1,,0.3,,2.0,,,"8",0.2,,W,,"9"
"249200920",PIWNICZNA                     ,"2025","12","22",7.1,,2.1,,4.2,,,"8",,"9",,,"9"
"249200920",PIWNICZNA                     ,"2025","12","23",4.5,,0.4,,2.3,,,"8",0.5,,S,,"9"
"249200920",PIWNICZNA                     ,"2025","12","24",0.5,,-3.8,,-1.9,,,"8",,"9",,0,
"249200920",PIWNICZNA                     ,"2025","12","25",-3.1,,-4.7,,-4.3,,,"8",,"9",,0,
"249200920",PIWNICZNA                     ,"2025","12","26",2.5,,-8.8,,-3.6,,,"8",,"9",,,"9"
"249200920",PIWNICZNA                     ,"2025","12","27",3.6,,-4.5,,-1.0,,,"8",,"9",,,"9"
"249200920",PIWNICZNA                     ,"2025","12","28",5.7,,-0.9,,1.2,,,"8",,"9",,,"9"
"249200920",PIWNICZNA                     ,"2025","12","29",1.3,,-7.6,,-3.7,,,"8",0.8,,S,,"9"
"249200920",PIWNICZNA                     ,"2025","12","30",0.4,,-4.1,,-2.3,,,"8",1.1,,S,1,
"249200920",PIWNICZNA                     ,"2025","12","31",-1.9,,-4.7,,-3.9,,,"8",,"9",,1,
"249200930",PORONIN                       ,"2025","12","01",4.5,,-8.9,,-2.9,,,"8",,"9",,19,
"249200930",PORONIN                       ,"2025","12","02",4.0,,-8.9,,-4.6,,,"8",,"9",,18,
"249200930",PORONIN                       ,"2025","12","03",-0.1,,-9.5,,-5.1,,,"8",,"9",,17,
"249200930",PORONIN                       ,"2025","12","04",4.1,,-8.9,,-3.5,,,"8",,"9",,17,
"249200930",PORONIN                       ,"2025","12","05",5.2,,-3.2,,1.0,,,"8",0.6,,W,17,
"249200930",PORONIN                       ,"2025","12","06",8.3,,-1.7,,1.4,,,"8",0.3,,W,15,
"249200930",PORONIN                       ,"2025","12","07",5.4,,-2.7,,1.5,,,"8",,"9",,13,
"249200930",PORONIN                       ,"2025","12","08",4.4,,-5.8,,-0.9,,,"8",0.2,,W,12,
"249200930",PORONIN                       ,"2025","12","09",10.6,,-3.2,,2.2,,,"8",,"9",,11,
"249200930",PORONIN                       ,"2025","12","10",11.9,,-0.6,,3.3,,,"8",,"9",,10,
"249200930",PORONIN                       ,"2025","12","11",3.7,,-3.7,,0.3,,,"8",1.7,,W,9,
"249200930",PORONIN                       ,"2025","12","12",9.8,,-3.7,,0.6,,,"8",,"9",,8,
"249200930",PORONIN                       ,"2025","12","13",7.1,,-7.4,,-2.4,,,"8",,"9",,8,
"249200930",PORONIN                       ,"2025","12","14",4.6,,-5.8,,-1.0,,,"8",,"9",,7,
"249200930",PORONIN                       ,"2025","12","15",5.6,,-7.9,,-3.3,,,"8",,"9",,7,
"249200930",PORONIN                       ,"2025","12","16",3.3,,-9.5,,-4.0,,,"8",,"9",,7,
"249200930",PORONIN                       ,"2025","12","17",9.5,,-3.7,,1.9,,,"8",0.3,,W,7,
"249200930",PORONIN                       ,"2025","12","18",9.4,,-2.2,,1.2,,,"8",,"9",,6,
"249200930",PORONIN                       ,"2025","12","19",7.5,,-6.3,,-1.6,,,"8",,"9",,6,
"249200930",PORONIN                       ,"2025","12","20",3.6,,-7.4,,-3.2,,,"8",,"9",,6,
"249200930",PORONIN                       ,"2025","12","21",3.0,,-6.3,,-1.2,,,"8",,"9",,6,
"249200930",PORONIN                       ,"2025","12","22",3.5,,-6.3,,-2.7,,,"8",,"9",,5,
"249200930",PORONIN                       ,"2025","12","23",0.3,,-5.8,,-2.8,,,"8",1.5,,S,5,
"249200930",PORONIN                       ,"2025","12","24",-0.8,,-7.4,,-4.5,,,"8",0.6,,S,7,
"249200930",PORONIN                       ,"2025","12","25",-3.5,,-10.4,,-8.1,,,"8",0.2,,S,8,
"249200930",PORONIN                       ,"2025","12","26",0.6,,-13.5,,-6.2,,,"8",,"9",,7,
"249200930",PORONIN                       ,"2025","12","27",4.4,,-11.4,,-3.0,,,"8",0.4,,S,6,
"249200930",PORONIN                       ,"2025","12","28",4.2,,-4.3,,-1.8,,,"8",0.2,,S,6,
"249200930",PORONIN                       ,"2025","12","29",0.9,,-12.3,,-6.4,,,"8",2.3,,S,6,
"249200930",PORONIN                       ,"2025","12","30",-3.1,,-7.4,,-5.7,,,"8",2.6,,S,12,
"249200930",PORONIN                       ,"2025","12","31",-6.2,,-9.2,,-7.5,,,"8",4.6,,S,20,
"249200980",MSZANA DOLNA                  ,"2025","12","01",2.1,,-6.4,,-2.4,,,"8",,"9",,8,
"249200980",MSZANA DOLNA                  ,"2025","12","02",5.6,,-1.9,,0.3,,,"8",,"9",,8,
"249200980",MSZANA DOLNA                  ,"2025","12","03",3.3,,-3.1,,-0.5,,,"8",,"9",,7,
"249200980",MSZANA DOLNA                  ,"2025","12","04",4.8,,-4.1,,-1.2,,,"8",,"9",,6,
"249200980",MSZANA DOLNA                  ,"2025","12","05",7.4,,-2.2,,2.3,,,"8",,"9",,5,
"249200980",MSZANA DOLNA                  ,"2025","12","06",9.2,,-1.1,,2.0,,,"8",,"9",,4,
"249200980",MSZANA DOLNA                  ,"2025","12","07",8.8,,0.6,,4.4,,,"8",,"9",,,"9"
"249200980",MSZANA DOLNA                  ,"2025","12","08",8.6,,-0.3,,4.1,,,"8",,"9",,,"9"
"249200980",MSZANA DOLNA                  ,"2025","12","09",11.2,,4.9,,7.9,,,"8",,"9",,,"9"
"249200980",MSZANA DOLNA                  ,"2025","12","10",14.6,,4.7,,7.7,,,"8",0.9,,W,,"9"
"249200980",MSZANA DOLNA                  ,"2025","12","11",8.4,,0.1,,3.7,,,"8",1.5,,W,,"9"
"249200980",MSZANA DOLNA                  ,"2025","12","12",10.4,,0.4,,3.7,,,"8",,"9",,,"9"
"249200980",MSZANA DOLNA                  ,"2025","12","13",6.6,,-5.6,,-1.5,,,"8",,"9",,,"9"
"249200980",MSZANA DOLNA                  ,"2025","12","14",4.5,,-2.2,,0.7,,,"8",0.4,,W,,"9"
"249200980",MSZANA DOLNA                  ,"2025","12","15",7.8,,-3.4,,1.2,,,"8",,"9",,,"9"
"249200980",MSZANA DOLNA                  ,"2025","12","16",5.8,,-3.6,,0.5,,,"8",,"9",,,"9"
"249200980",MSZANA DOLNA                  ,"2025","12","17",11.8,,1.8,,6.5,,,"8",,"9",,,"9"
"249200980",MSZANA DOLNA                  ,"2025","12","18",10.6,,1.3,,3.8,,,"8",,"9",,,"9"
"249200980",MSZANA DOLNA                  ,"2025","12","19",9.7,,-0.8,,2.3,,,"8",,"9",,,"9"
"249200980",MSZANA DOLNA                  ,"2025","12","20",5.6,,-1.7,,1.1,,,"8",,"9",,,"9"
"249200980",MSZANA DOLNA                  ,"2025","12","21",4.3,,-2.5,,1.0,,,"8",0.5,,W,,"9"
"249200980",MSZANA DOLNA                  ,"2025","12","22",4.9,,1.6,,3.0,,,"8",,"9",,,"9"
"249200980",MSZANA DOLNA                  ,"2025","12","23",3.4,,-1.4,,0.5,,,"8",0.9,,S,,"9"
"249200980",MSZANA DOLNA                  ,"2025","12","24",-0.8,,-6.1,,-3.6,,,"8",0.8,,S,1,
"249200980",MSZANA DOLNA                  ,"2025","12","25",-3.2,,-6.3,,-4.9,,,"8",,"9",,3,
"249200980",MSZANA DOLNA                  ,"2025","12","26",0.3,,-7.8,,-4.3,,,"8",,"9",,3,
"249200980",MSZANA DOLNA                  ,"2025","12","27",5.6,,-3.4,,1.0,,,"8",0.3,,W,2,
"249200980",MSZANA DOLNA                  ,"2025","12","28",4.9,,-1.6,,0.4,,,"8",0.0,,W,2,
"249200980",MSZANA DOLNA                  ,"2025","12","29",-0.3,,-5.1,,-2.7,,,"8",1.0,,S,1,
"249200980",MSZANA DOLNA                  ,"2025","12","30",-0.6,,-4.2,,-2.9,,,"8",2.0,,S,3,
"249200980",MSZANA DOLNA                  ,"2025","12","31",-3.7,,-5.4,,-4.6,,,"8",,"9",,5,
"249220150",SOLINA-JAWOR                  ,"2025","12","01",4.5,,1.0,,2.6,,1.0,,0.6,,W,4,
"249220150",SOLINA-JAWOR                  ,"2025","12","02",5.5,,1.4,,3.1,,1.0,,,"9",,,"9"
"249220150",SOLINA-JAWOR                  ,"2025","12","03",4.3,,-1.6,,0.5,,-3.4,,0.3,,W,,"9"
"249220150",SOLINA-JAWOR                  ,"2025","12","04",8.0,,-1.0,,3.3,,-2.7,,,"9",,,"9"
"249220150",SOLINA-JAWOR                  ,"2025","12","05",9.2,,-1.2,,2.8,,-2.8,,,"9",,,"9"
"249220150",SOLINA-JAWOR                  ,"2025","12","06",4.5,,-1.4,,1.1,,-3.4,,0.3,,W,,"9"
"249220150",SOLINA-JAWOR                  ,"2025","12","07",5.5,,0.5,,3.1,,-0.8,,2.5,,W,,"9"
"249220150",SOLINA-JAWOR                  ,"2025","12","08",7.5,,0.2,,3.7,,0.2,,,"9",,,"9"
"249220150",SOLINA-JAWOR                  ,"2025","12","09",7.5,,4.7,,6.2,,2.6,,,"9",,,"9"
"249220150",SOLINA-JAWOR                  ,"2025","12","10",11.1,,4.8,,6.9,,2.1,,,"9",,,"9"
"249220150",SOLINA-JAWOR                  ,"2025","12","11",6.6,,-0.5,,3.7,,-2.8,,3.4,,W,,"9"
"249220150",SOLINA-JAWOR                  ,"2025","12","12",6.6,,3.9,,4.9,,1.3,,,"9",,,"9"
"249220150",SOLINA-JAWOR                  ,"2025","12","13",6.9,,0.2,,2.4,,-2.4,,0.6,,W,,"9"
"249220150",SOLINA-JAWOR                  ,"2025","12","14",2.9,,-1.5,,1.7,,-3.4,,0.7,,W,,"9"
"249220150",SOLINA-JAWOR                  ,"2025","12","15",3.8,,-1.2,,1.1,,-3.6,,,"9",,,"9"
"249220150",SOLINA-JAWOR                  ,"2025","12","16",9.2,,-3.4,,3.0,,-6.0,,,"9",,,"9"
"249220150",SOLINA-JAWOR                  ,"2025","12","17",10.7,,6.0,,8.5,,2.6,,,"9",,,"9"
"249220150",SOLINA-JAWOR                  ,"2025","12","18",8.9,,1.3,,4.5,,-2.2,,,"9",,,"9"
"249220150",SOLINA-JAWOR                  ,"2025","12","19",8.7,,-0.4,,4.4,,-3.2,,0.2,,W,,"9"
"249220150",SOLINA-JAWOR                  ,"2025","12","20",8.0,,3.9,,6.0,,0.8,,,"9",,,"9"
"249220150",SOLINA-JAWOR                  ,"2025","12","21",6.5,,2.0,,3.8,,2.0,,,"9",,,"9"
"249220150",SOLINA-JAWOR                  ,"2025","12","22",3.9,,0.1,,1.6,,-1.8,,,"9",,,"9"
"249220150",SOLINA-JAWOR                  ,"2025","12","23",1.7,,-0.5,,0.3,,-0.8,,0.8,,S,,"9"
"249220150",SOLINA-JAWOR                  ,"2025","12","24",-0.5,,-4.7,,-2.8,,-5.0,,0.7,,S,1,
"249220150",SOLINA-JAWOR                  ,"2025","12","25",-3.4,,-5.6,,-4.7,,-6.9,,,"9",,2,
"249220150",SOLINA-JAWOR                  ,"2025","12","26",-2.4,,-7.7,,-5.1,,-7.7,,1.8,,S,2,
"249220150",SOLINA-JAWOR                  ,"2025","12","27",1.9,,-4.0,,-0.6,,-4.0,,0.8,,S,4,
"249220150",SOLINA-JAWOR                  ,"2025","12","28",2.3,,-2.2,,-0.6,,-2.6,,1.4,,S,4,
"249220150",SOLINA-JAWOR                  ,"2025","12","29",-1.2,,-5.3,,-2.8,,-9.4,,3.8,,S,4,
"249220150",SOLINA-JAWOR                  ,"2025","12","30",-1.2,,-5.5,,-3.7,,-6.9,,2.8,,S,10,
"249220150",SOLINA-JAWOR                  ,"2025","12","31",-4.1,,-6.7,,-5.6,,-6.9,,2.7,,S,14,
"249220180",KOMAÑCZA                      ,"2025","12","01",4.2,,0.4,,2.4,,,"8",0.4,,S,11,
"249220180",KOMAÑCZA                      ,"2025","12","02",3.7,,1.4,,2.5,,,"8",,"9",,6,
"249220180",KOMAÑCZA                      ,"2025","12","03",4.1,,-1.1,,1.2,,,"8",,"9",,,"9"
"249220180",KOMAÑCZA                      ,"2025","12","04",7.8,,-1.1,,3.2,,,"8",,"9",,,"9"
"249220180",KOMAÑCZA                      ,"2025","12","05",7.9,,-2.6,,0.9,,,"8",,"9",,,"9"
"249220180",KOMAÑCZA                      ,"2025","12","06",8.3,,-3.0,,0.8,,,"8",,"9",,,"9"
"249220180",KOMAÑCZA                      ,"2025","12","07",5.5,,0.4,,2.8,,,"8",2.5,,W,,"9"
"249220180",KOMAÑCZA                      ,"2025","12","08",5.2,,3.3,,4.5,,,"8",,"9",,,"9"
"249220180",KOMAÑCZA                      ,"2025","12","09",5.7,,4.3,,5.0,,,"8",0.0,,W,,"9"
"249220180",KOMAÑCZA                      ,"2025","12","10",9.3,,3.8,,5.6,,,"8",,"9",,,"9"
"249220180",KOMAÑCZA                      ,"2025","12","11",8.8,,-0.1,,4.6,,,"8",1.8,,W,,"9"
"249220180",KOMAÑCZA                      ,"2025","12","12",5.8,,1.9,,3.6,,,"8",,"9",,,"9"
"249220180",KOMAÑCZA                      ,"2025","12","13",3.8,,-1.1,,1.0,,,"8",0.1,,W,,"9"
"249220180",KOMAÑCZA                      ,"2025","12","14",1.8,,0.8,,1.3,,,"8",0.4,,W,,"9"
"249220180",KOMAÑCZA                      ,"2025","12","15",1.9,,0.4,,0.9,,,"8",0.1,,W,,"9"
"249220180",KOMAÑCZA                      ,"2025","12","16",5.9,,0.4,,3.2,,,"8",,"9",,,"9"
"249220180",KOMAÑCZA                      ,"2025","12","17",7.7,,4.3,,5.8,,,"8",0.1,,W,,"9"
"249220180",KOMAÑCZA                      ,"2025","12","18",6.3,,3.8,,4.8,,,"8",,"9",,,"9"
"249220180",KOMAÑCZA                      ,"2025","12","19",7.2,,3.3,,5.5,,,"8",,"9",,,"9"
"249220180",KOMAÑCZA                      ,"2025","12","20",7.6,,5.7,,6.4,,,"8",,"9",,,"9"
"249220180",KOMAÑCZA                      ,"2025","12","21",5.9,,2.8,,4.0,,,"8",,"9",,,"9"
"249220180",KOMAÑCZA                      ,"2025","12","22",5.2,,2.8,,3.8,,,"8",,"9",,,"9"
"249220180",KOMAÑCZA                      ,"2025","12","23",3.5,,-0.3,,1.4,,,"8",0.7,,S,,"9"
"249220180",KOMAÑCZA                      ,"2025","12","24",0.0,,-4.0,,-2.4,,,"8",0.1,,S,1,
"249220180",KOMAÑCZA                      ,"2025","12","25",-1.8,,-5.0,,-4.0,,,"8",,"9",,1,
"249220180",KOMAÑCZA                      ,"2025","12","26",-0.8,,-9.5,,-5.6,,,"8",0.6,,S,1,
"249220180",KOMAÑCZA                      ,"2025","12","27",2.7,,-3.0,,-0.3,,,"8",0.5,,S,2,
"249220180",KOMAÑCZA                      ,"2025","12","28",0.4,,-1.4,,-0.8,,,"8",1.7,,S,2,
"249220180",KOMAÑCZA                      ,"2025","12","29",-1.2,,-9.8,,-5.2,,,"8",4.6,,S,4,
"249220180",KOMAÑCZA                      ,"2025","12","30",-1.1,,-5.5,,-3.9,,,"8",4.3,,S,13,
"249220180",KOMAÑCZA                      ,"2025","12","31",-4.2,,-10.4,,-7.5,,,"8",1.6,,S,20,
"250180580",DRONIOWICE                    ,"2025","12","01",0.5,,-2.2,,-0.8,,-2.0,,0.3,,W,6,
"250180580",DRONIOWICE                    ,"2025","12","02",2.0,,-0.2,,0.5,,-1.0,,0.1,,W,4,
"250180580",DRONIOWICE                    ,"2025","12","03",3.0,,-1.0,,0.8,,-2.0,,0.3,,W,,"9"
"250180580",DRONIOWICE                    ,"2025","12","04",6.0,,-1.3,,1.5,,-3.8,,2.2,,W,,"9"
"250180580",DRONIOWICE                    ,"2025","12","05",7.3,,0.8,,4.1,,-1.9,,0.3,,W,,"9"
"250180580",DRONIOWICE                    ,"2025","12","06",7.2,,3.9,,5.3,,2.5,,0.1,,W,,"9"
"250180580",DRONIOWICE                    ,"2025","12","07",9.0,,3.4,,5.4,,1.2,,0.0,,W,,"9"
"250180580",DRONIOWICE                    ,"2025","12","08",8.6,,3.5,,5.7,,2.1,,0.0,,W,,"9"
"250180580",DRONIOWICE                    ,"2025","12","09",11.1,,5.6,,8.6,,4.8,,0.1,,W,,"9"
"250180580",DRONIOWICE                    ,"2025","12","10",11.9,,5.9,,7.8,,3.8,,1.6,,W,,"9"
"250180580",DRONIOWICE                    ,"2025","12","11",10.0,,5.2,,7.2,,4.8,,0.2,,W,,"9"
"250180580",DRONIOWICE                    ,"2025","12","12",6.8,,3.2,,4.3,,-1.0,,,"9",,,"9"
"250180580",DRONIOWICE                    ,"2025","12","13",3.2,,1.0,,1.7,,0.4,,0.7,,W,,"9"
"250180580",DRONIOWICE                    ,"2025","12","14",5.4,,1.3,,3.2,,0.9,,,"9",,,"9"
"250180580",DRONIOWICE                    ,"2025","12","15",4.8,,-0.6,,1.2,,-1.2,,,"9",,,"9"
"250180580",DRONIOWICE                    ,"2025","12","16",3.5,,-1.0,,0.5,,-2.7,,,"9",,,"9"
"250180580",DRONIOWICE                    ,"2025","12","17",8.0,,-0.4,,2.9,,-1.8,,,"9",,,"9"
"250180580",DRONIOWICE                    ,"2025","12","18",7.5,,0.0,,2.5,,-2.4,,,"9",,,"9"
"250180580",DRONIOWICE                    ,"2025","12","19",7.2,,0.7,,3.6,,-1.6,,0.1,,W,,"9"
"250180580",DRONIOWICE                    ,"2025","12","20",4.8,,-0.2,,2.5,,-2.1,,0.3,,W,,"9"
"250180580",DRONIOWICE                    ,"2025","12","21",6.0,,3.4,,4.7,,3.4,,,"9",,,"9"
"250180580",DRONIOWICE                    ,"2025","12","22",5.1,,2.0,,2.9,,1.8,,0.1,,W,,"9"
"250180580",DRONIOWICE                    ,"2025","12","23",2.0,,-0.4,,0.4,,-0.8,,0.1,,W,,"9"
"250180580",DRONIOWICE                    ,"2025","12","24",0.0,,-6.5,,-3.8,,-5.7,,,"9",,,"9"
"250180580",DRONIOWICE                    ,"2025","12","25",-3.5,,-7.7,,-5.5,,-8.7,,,"9",,,"9"
"250180580",DRONIOWICE                    ,"2025","12","26",-2.0,,-7.0,,-4.5,,-9.8,,0.2,,S,,"9"
"250180580",DRONIOWICE                    ,"2025","12","27",-0.8,,-3.2,,-2.1,,-4.1,,0.1,,S,0,
"250180580",DRONIOWICE                    ,"2025","12","28",0.4,,-1.5,,-0.7,,-2.3,,,"9",,1,
"250180580",DRONIOWICE                    ,"2025","12","29",0.4,,-3.8,,-1.4,,-4.6,,0.1,,S,1,
"250180580",DRONIOWICE                    ,"2025","12","30",0.2,,-4.0,,-2.8,,-4.6,,0.7,,S,1,
"250180580",DRONIOWICE                    ,"2025","12","31",-1.5,,-5.5,,-3.7,,-6.1,,0.2,,S,3,
"250190390",KRAKÓW-OBSERWATORIUM          ,"2025","12","01",2.8,,-1.8,,0.3,,-3.0,,0.0,,W,,"9"
"250190390",KRAKÓW-OBSERWATORIUM          ,"2025","12","02",3.1,,0.5,,1.4,,-0.3,,,"9",,,"9"
"250190390",KRAKÓW-OBSERWATORIUM          ,"2025","12","03",2.0,,-1.3,,0.3,,-2.4,,,"9",,,"9"
"250190390",KRAKÓW-OBSERWATORIUM          ,"2025","12","04",3.2,,-0.9,,0.7,,-1.7,,0.1,,W,,"9"
"250190390",KRAKÓW-OBSERWATORIUM          ,"2025","12","05",6.0,,0.6,,3.8,,-0.6,,0.2,,W,,"9"
"250190390",KRAKÓW-OBSERWATORIUM          ,"2025","12","06",5.6,,2.9,,4.1,,-0.2,,,"9",,,"9"
"250190390",KRAKÓW-OBSERWATORIUM          ,"2025","12","07",6.9,,3.2,,4.7,,1.8,,,"9",,,"9"
"250190390",KRAKÓW-OBSERWATORIUM          ,"2025","12","08",9.8,,1.9,,5.2,,-1.6,,,"9",,,"9"
"250190390",KRAKÓW-OBSERWATORIUM          ,"2025","12","09",12.4,,1.9,,7.1,,-1.2,,,"9",,,"9"
"250190390",KRAKÓW-OBSERWATORIUM          ,"2025","12","10",12.3,,5.4,,7.7,,1.3,,0.3,,W,,"9"
"250190390",KRAKÓW-OBSERWATORIUM          ,"2025","12","11",8.3,,4.5,,6.2,,0.8,,0.5,,W,,"9"
"250190390",KRAKÓW-OBSERWATORIUM          ,"2025","12","12",8.8,,4.5,,5.9,,1.9,,,"9",,,"9"
"250190390",KRAKÓW-OBSERWATORIUM          ,"2025","12","13",5.3,,1.1,,2.5,,-3.1,,,"9",,,"9"
"250190390",KRAKÓW-OBSERWATORIUM          ,"2025","12","14",5.2,,0.8,,2.5,,-3.2,,,"9",,,"9"
"250190390",KRAKÓW-OBSERWATORIUM          ,"2025","12","15",4.7,,0.7,,1.9,,-3.7,,,"9",,,"9"
"250190390",KRAKÓW-OBSERWATORIUM          ,"2025","12","16",1.1,,-3.2,,-1.4,,-6.3,,,"9",,,"9"
"250190390",KRAKÓW-OBSERWATORIUM          ,"2025","12","17",4.1,,-2.0,,0.6,,-4.2,,,"9",,,"9"
"250190390",KRAKÓW-OBSERWATORIUM          ,"2025","12","18",7.5,,1.6,,3.3,,-2.3,,,"9",,,"9"
"250190390",KRAKÓW-OBSERWATORIUM          ,"2025","12","19",6.2,,-2.2,,0.6,,-5.2,,0.0,,W,,"9"
"250190390",KRAKÓW-OBSERWATORIUM          ,"2025","12","20",3.3,,0.5,,1.9,,-3.3,,0.1,,W,,"9"
"250190390",KRAKÓW-OBSERWATORIUM          ,"2025","12","21",4.9,,2.8,,3.8,,0.7,,1.1,,W,,"9"
"250190390",KRAKÓW-OBSERWATORIUM          ,"2025","12","22",4.4,,2.3,,3.0,,0.8,,0.1,,W,,"9"
"250190390",KRAKÓW-OBSERWATORIUM          ,"2025","12","23",2.9,,0.3,,1.2,,-1.2,,0.0,,S,,"9"
"250190390",KRAKÓW-OBSERWATORIUM          ,"2025","12","24",1.4,,-5.4,,-2.6,,-6.2,,0.0,,S,0,
"250190390",KRAKÓW-OBSERWATORIUM          ,"2025","12","25",-3.9,,-5.5,,-4.8,,-6.6,,,"9",,,"9"
"250190390",KRAKÓW-OBSERWATORIUM          ,"2025","12","26",-1.1,,-5.0,,-3.2,,-5.8,,0.2,,S,,"9"
"250190390",KRAKÓW-OBSERWATORIUM          ,"2025","12","27",1.4,,-2.7,,-0.6,,-4.2,,0.1,,S,1,
"250190390",KRAKÓW-OBSERWATORIUM          ,"2025","12","28",1.4,,-0.5,,0.5,,-2.2,,,"9",,1,
"250190390",KRAKÓW-OBSERWATORIUM          ,"2025","12","29",0.6,,-2.5,,-1.0,,-6.0,,0.2,,S,,"9"
"250190390",KRAKÓW-OBSERWATORIUM          ,"2025","12","30",0.5,,-2.4,,-1.5,,-5.2,,0.0,,S,1,
"250190390",KRAKÓW-OBSERWATORIUM          ,"2025","12","31",-1.5,,-4.0,,-3.0,,-5.7,,0.1,,S,,"9"
"250210050",ŒWIÊTY KRZY¯                  ,"2025","12","01",3.7,,-0.3,,1.8,,0.1,,,"9",,,"8"
"250210050",ŒWIÊTY KRZY¯                  ,"2025","12","02",2.3,,1.0,,1.6,,-0.1,,,"9",,,"8"
"250210050",ŒWIÊTY KRZY¯                  ,"2025","12","03",1.9,,1.0,,1.4,,1.1,,,"9",,,"8"
"250210050",ŒWIÊTY KRZY¯                  ,"2025","12","04",4.4,,0.8,,2.6,,0.2,,,"9",,,"8"
"250210050",ŒWIÊTY KRZY¯                  ,"2025","12","05",5.5,,2.2,,4.0,,1.9,,,"9",,,"8"
"250210050",ŒWIÊTY KRZY¯                  ,"2025","12","06",5.4,,0.5,,2.5,,0.8,,,"9",,,"8"
"250210050",ŒWIÊTY KRZY¯                  ,"2025","12","07",4.1,,0.3,,2.4,,0.4,,,"9",,,"8"
"250210050",ŒWIÊTY KRZY¯                  ,"2025","12","08",5.4,,2.7,,4.3,,2.6,,,"9",,,"8"
"250210050",ŒWIÊTY KRZY¯                  ,"2025","12","09",8.3,,4.8,,6.7,,4.8,,4.3,,W,,"8"
"250210050",ŒWIÊTY KRZY¯                  ,"2025","12","10",8.3,,6.7,,7.5,,5.9,,0.3,,W,,"8"
"250210050",ŒWIÊTY KRZY¯                  ,"2025","12","11",7.4,,5.5,,6.3,,5.2,,1.0,,W,,"8"
"250210050",ŒWIÊTY KRZY¯                  ,"2025","12","12",5.6,,2.2,,3.5,,2.0,,,"9",,,"8"
"250210050",ŒWIÊTY KRZY¯                  ,"2025","12","13",3.0,,-0.4,,0.9,,-0.2,,,"9",,,"8"
"250210050",ŒWIÊTY KRZY¯                  ,"2025","12","14",3.0,,-0.6,,1.4,,-0.4,,,"9",,,"8"
"250210050",ŒWIÊTY KRZY¯                  ,"2025","12","15",1.2,,-1.8,,-0.1,,-2.2,,,"9",,,"8"
"250210050",ŒWIÊTY KRZY¯                  ,"2025","12","16",2.4,,-1.2,,0.5,,-1.4,,,"9",,,"8"
"250210050",ŒWIÊTY KRZY¯                  ,"2025","12","17",6.4,,1.5,,4.1,,0.5,,,"9",,,"8"
"250210050",ŒWIÊTY KRZY¯                  ,"2025","12","18",6.1,,0.1,,2.6,,-0.1,,,"9",,,"8"
"250210050",ŒWIÊTY KRZY¯                  ,"2025","12","19",6.9,,1.7,,3.7,,0.9,,,"9",,,"8"
"250210050",ŒWIÊTY KRZY¯                  ,"2025","12","20",6.0,,1.5,,4.2,,0.8,,1.5,,W,,"8"
"250210050",ŒWIÊTY KRZY¯                  ,"2025","12","21",5.3,,0.0,,1.9,,0.2,,,"9",,,"8"
"250210050",ŒWIÊTY KRZY¯                  ,"2025","12","22",0.0,,-2.5,,-1.7,,-2.1,,0.1,,W,,"8"
"250210050",ŒWIÊTY KRZY¯                  ,"2025","12","23",-1.6,,-2.7,,-2.2,,-2.3,,0.1,,W,,"8"
"250210050",ŒWIÊTY KRZY¯                  ,"2025","12","24",-1.9,,-10.2,,-6.8,,-9.7,,0.2,,W,,"8"
"250210050",ŒWIÊTY KRZY¯                  ,"2025","12","25",-6.4,,-11.3,,-8.9,,-11.8,,,"9",,,"8"
"250210050",ŒWIÊTY KRZY¯                  ,"2025","12","26",-0.8,,-8.2,,-2.9,,-9.3,,,"9",,,"8"
"250210050",ŒWIÊTY KRZY¯                  ,"2025","12","27",-0.9,,-3.9,,-2.7,,-3.1,,0.3,,W,,"8"
"250210050",ŒWIÊTY KRZY¯                  ,"2025","12","28",-1.5,,-3.2,,-2.6,,-3.1,,,"9",,,"8"
"250210050",ŒWIÊTY KRZY¯                  ,"2025","12","29",-2.2,,-5.1,,-3.7,,-5.1,,0.3,,W,,"8"
"250210050",ŒWIÊTY KRZY¯                  ,"2025","12","30",-2.2,,-6.2,,-5.0,,-7.2,,1.2,,W,,"8"
"250210050",ŒWIÊTY KRZY¯                  ,"2025","12","31",-5.0,,-7.2,,-6.2,,-7.1,,2.0,,W,,"8"
"250210130",STASZÓW                       ,"2025","12","01",4.6,,0.3,,1.8,,,"8",0.3,,W,,"9"
"250210130",STASZÓW                       ,"2025","12","02",4.8,,1.5,,3.3,,,"8",,"9",,,"9"
"250210130",STASZÓW                       ,"2025","12","03",5.8,,3.4,,4.1,,,"8",,"9",,,"9"
"250210130",STASZÓW                       ,"2025","12","04",7.9,,-0.3,,2.5,,,"8",0.0,,W,,"9"
"250210130",STASZÓW                       ,"2025","12","05",9.2,,2.2,,5.7,,,"8",,"9",,,"9"
"250210130",STASZÓW                       ,"2025","12","06",7.2,,3.0,,4.8,,,"8",,"9",,,"9"
"250210130",STASZÓW                       ,"2025","12","07",4.2,,2.0,,2.9,,,"8",,"9",,,"9"
"250210130",STASZÓW                       ,"2025","12","08",7.2,,2.0,,4.5,,,"8",,"9",,,"9"
"250210130",STASZÓW                       ,"2025","12","09",10.0,,3.9,,7.5,,,"8",5.1,,W,,"9"
"250210130",STASZÓW                       ,"2025","12","10",10.7,,3.0,,5.3,,,"8",0.5,,W,,"9"
"250210130",STASZÓW                       ,"2025","12","11",9.8,,1.0,,6.2,,,"8",0.1,,W,,"9"
"250210130",STASZÓW                       ,"2025","12","12",7.0,,4.9,,5.7,,,"8",,"9",,,"9"
"250210130",STASZÓW                       ,"2025","12","13",7.3,,-1.7,,2.3,,,"8",0.0,,W,,"9"
"250210130",STASZÓW                       ,"2025","12","14",6.3,,0.0,,3.6,,,"8",,"9",,,"9"
"250210130",STASZÓW                       ,"2025","12","15",4.7,,-2.5,,0.2,,,"8",,"9",,,"9"
"250210130",STASZÓW                       ,"2025","12","16",3.9,,-6.4,,-2.2,,,"8",,"9",,,"9"
"250210130",STASZÓW                       ,"2025","12","17",10.1,,-1.6,,2.1,,,"8",,"9",,,"9"
"250210130",STASZÓW                       ,"2025","12","18",5.8,,-0.5,,1.9,,,"8",,"9",,,"9"
"250210130",STASZÓW                       ,"2025","12","19",7.0,,-4.2,,-0.7,,,"8",,"9",,,"9"
"250210130",STASZÓW                       ,"2025","12","20",3.4,,-2.4,,0.6,,,"8",1.6,,W,,"9"
"250210130",STASZÓW                       ,"2025","12","21",4.8,,1.7,,2.8,,,"8",0.0,,W,,"9"
"250210130",STASZÓW                       ,"2025","12","22",2.3,,0.0,,1.0,,,"8",,"9",,,"9"
"250210130",STASZÓW                       ,"2025","12","23",2.4,,0.0,,0.9,,,"8",,"9",,,"9"
"250210130",STASZÓW                       ,"2025","12","24",0.7,,-6.7,,-3.7,,,"8",,"9",,,"9"
"250210130",STASZÓW                       ,"2025","12","25",-4.5,,-11.0,,-8.4,,,"8",,"9",,,"9"
"250210130",STASZÓW                       ,"2025","12","26",-1.9,,-12.3,,-5.9,,,"8",0.0,,W,,"9"
"250210130",STASZÓW                       ,"2025","12","27",0.1,,-2.2,,-0.8,,,"8",0.1,,S,,"9"
"250210130",STASZÓW                       ,"2025","12","28",1.1,,-1.1,,0.3,,,"8",,"9",,0,
"250210130",STASZÓW                       ,"2025","12","29",0.7,,-1.9,,-0.7,,,"8",0.9,,S,0,
"250210130",STASZÓW                       ,"2025","12","30",0.5,,-4.0,,-2.5,,,"8",0.2,,S,2,
"250210130",STASZÓW                       ,"2025","12","31",-1.7,,-4.5,,-3.5,,,"8",0.7,,S,2,
"250220120",JAROCIN                       ,"2025","12","01",6.1,,0.8,,3.1,,,"8",0.0,,W,,"9"
"250220120",JAROCIN                       ,"2025","12","02",5.1,,1.3,,3.5,,,"8",,"9",,,"9"
"250220120",JAROCIN                       ,"2025","12","03",5.1,,3.2,,4.2,,,"8",,"9",,,"9"
"250220120",JAROCIN                       ,"2025","12","04",9.6,,2.7,,5.7,,,"8",,"9",,,"9"
"250220120",JAROCIN                       ,"2025","12","05",9.6,,4.7,,7.0,,,"8",,"9",,,"9"
"250220120",JAROCIN                       ,"2025","12","06",8.1,,2.3,,4.6,,,"8",,"9",,,"9"
"250220120",JAROCIN                       ,"2025","12","07",3.1,,1.3,,2.2,,,"8",6.9,,W,,"9"
"250220120",JAROCIN                       ,"2025","12","08",7.1,,2.3,,4.8,,,"8",0.0,,W,,"9"
"250220120",JAROCIN                       ,"2025","12","09",8.6,,5.6,,7.2,,,"8",9.5,,W,,"9"
"250220120",JAROCIN                       ,"2025","12","10",10.6,,3.2,,5.9,,,"8",0.6,,W,,"9"
"250220120",JAROCIN                       ,"2025","12","11",8.6,,3.7,,6.7,,,"8",1.1,,W,,"9"
"250220120",JAROCIN                       ,"2025","12","12",7.6,,5.1,,6.1,,,"8",,"9",,,"9"
"250220120",JAROCIN                       ,"2025","12","13",5.6,,-0.7,,2.5,,,"8",1.0,,W,,"9"
"250220120",JAROCIN                       ,"2025","12","14",5.6,,0.8,,3.7,,,"8",,"9",,,"9"
"250220120",JAROCIN                       ,"2025","12","15",6.6,,-3.2,,0.9,,,"8",,"9",,,"9"
"250220120",JAROCIN                       ,"2025","12","16",4.6,,-5.3,,-1.4,,,"8",,"9",,,"9"
"250220120",JAROCIN                       ,"2025","12","17",10.6,,-1.2,,2.9,,,"8",,"9",,,"9"
"250220120",JAROCIN                       ,"2025","12","18",4.1,,0.3,,2.8,,,"8",,"9",,,"9"
"250220120",JAROCIN                       ,"2025","12","19",7.6,,-2.2,,1.1,,,"8",0.0,,W,,"9"
"250220120",JAROCIN                       ,"2025","12","20",1.6,,-2.2,,-0.1,,,"8",1.8,,W,,"9"
"250220120",JAROCIN                       ,"2025","12","21",4.1,,-0.2,,2.0,,,"8",,"9",,,"9"
"250220120",JAROCIN                       ,"2025","12","22",3.1,,-1.7,,0.6,,,"8",,"9",,,"9"
"250220120",JAROCIN                       ,"2025","12","23",2.1,,-0.2,,0.9,,,"8",0.0,,W,,"9"
"250220120",JAROCIN                       ,"2025","12","24",1.1,,-7.3,,-4.0,,,"8",0.1,,S,0,
"250220120",JAROCIN                       ,"2025","12","25",-2.4,,-10.8,,-7.7,,,"8",,"9",,0,
"250220120",JAROCIN                       ,"2025","12","26",-0.4,,-11.9,,-4.7,,,"8",0.4,,W,,"9"
"250220120",JAROCIN                       ,"2025","12","27",0.5,,-1.7,,-0.2,,,"8",,"9",,,"9"
"250220120",JAROCIN                       ,"2025","12","28",2.1,,-0.7,,1.2,,,"8",,"9",,,"9"
"250220120",JAROCIN                       ,"2025","12","29",1.7,,-1.7,,0.0,,,"8",0.7,,S,,"9"
"250220120",JAROCIN                       ,"2025","12","30",1.1,,-4.2,,-2.2,,,"8",0.3,,S,2,
"250220120",JAROCIN                       ,"2025","12","31",-1.9,,-3.9,,-3.3,,,"8",1.5,,S,3,
"250240010",STRZY¯ÓW                      ,"2025","12","01",5.3,,3.4,,4.1,,3.1,,1.1,,W,,"9"
"250240010",STRZY¯ÓW                      ,"2025","12","02",5.3,,3.4,,4.1,,3.1,,,"9",,,"9"
"250240010",STRZY¯ÓW                      ,"2025","12","03",6.2,,3.4,,4.4,,3.1,,,"9",,,"9"
"250240010",STRZY¯ÓW                      ,"2025","12","04",8.3,,2.9,,5.5,,1.6,,,"9",,,"9"
"250240010",STRZY¯ÓW                      ,"2025","12","05",9.3,,2.9,,6.2,,1.6,,,"9",,,"9"
"250240010",STRZY¯ÓW                      ,"2025","12","06",6.3,,0.9,,3.4,,0.7,,,"9",,,"9"
"250240010",STRZY¯ÓW                      ,"2025","12","07",6.3,,1.4,,3.2,,0.7,,,"9",,,"9"
"250240010",STRZY¯ÓW                      ,"2025","12","08",9.3,,1.9,,4.5,,1.2,,,"9",,,"9"
"250240010",STRZY¯ÓW                      ,"2025","12","09",9.3,,1.9,,6.1,,-0.6,,8.3,,W,,"9"
"250240010",STRZY¯ÓW                      ,"2025","12","10",9.8,,5.8,,8.1,,5.1,,0.4,,W,,"9"
"250240010",STRZY¯ÓW                      ,"2025","12","11",9.3,,6.3,,7.6,,4.6,,0.6,,W,,"9"
"250240010",STRZY¯ÓW                      ,"2025","12","12",8.3,,5.8,,6.7,,4.1,,0.3,,W,,"9"
"250240010",STRZY¯ÓW                      ,"2025","12","13",6.8,,3.4,,4.8,,2.1,,0.5,,W,,"9"
"250240010",STRZY¯ÓW                      ,"2025","12","14",6.3,,1.4,,3.5,,-0.3,,,"9",,,"9"
"250240010",STRZY¯ÓW                      ,"2025","12","15",5.3,,-0.6,,1.7,,-1.3,,,"9",,,"9"
"250240010",STRZY¯ÓW                      ,"2025","12","16",4.3,,-3.6,,-0.7,,-6.4,,,"9",,,"9"
"250240010",STRZY¯ÓW                      ,"2025","12","17",6.8,,-3.6,,0.6,,-5.9,,,"9",,,"9"
"250240010",STRZY¯ÓW                      ,"2025","12","18",5.3,,-0.6,,2.2,,-3.9,,0.2,,W,,"9"
"250240010",STRZY¯ÓW                      ,"2025","12","19",2.9,,0.4,,1.4,,0.2,,,"9",,,"9"
"250240010",STRZY¯ÓW                      ,"2025","12","20",6.8,,-0.1,,2.8,,-0.8,,1.8,,W,,"9"
"250240010",STRZY¯ÓW                      ,"2025","12","21",4.3,,0.9,,2.8,,-0.8,,,"9",,,"9"
"250240010",STRZY¯ÓW                      ,"2025","12","22",5.3,,0.6,,1.9,,0.2,,,"9",,,"9"
"250240010",STRZY¯ÓW                      ,"2025","12","23",2.9,,0.4,,1.0,,-0.8,,0.8,,S,,"9"
"250240010",STRZY¯ÓW                      ,"2025","12","24",0.9,,-7.1,,-4.3,,-8.0,,,"9",,1,
"250240010",STRZY¯ÓW                      ,"2025","12","25",-3.6,,-13.9,,-10.5,,16.1,,,"9",,1,
"250240010",STRZY¯ÓW                      ,"2025","12","26",0.9,,-10.4,,-3.3,,-12.0,,,"9",,1,
"250240010",STRZY¯ÓW                      ,"2025","12","27",1.9,,-0.6,,0.7,,-0.8,,0.3,,S,,"9"
"250240010",STRZY¯ÓW                      ,"2025","12","28",1.4,,-0.6,,0.4,,-1.3,,0.7,,S,,"9"
"250240010",STRZY¯ÓW                      ,"2025","12","29",0.3,,-1.6,,-0.6,,-2.4,,0.0,,W,1,
"250240010",STRZY¯ÓW                      ,"2025","12","30",0.4,,-4.6,,-2.5,,-7.0,,0.0,,S,1,
"250240010",STRZY¯ÓW                      ,"2025","12","31",-1.6,,-4.1,,-3.1,,-5.9,,0.0,,W,1,
"251160320",RADZYÑ                        ,"2025","12","01",6.1,,-1.7,,2.7,,-1.7,,,"9",,,"9"
"251160320",RADZYÑ                        ,"2025","12","02",4.6,,0.8,,2.7,,0.2,,0.0,,W,,"9"
"251160320",RADZYÑ                        ,"2025","12","03",3.4,,-3.0,,-0.3,,-3.0,,,"9",,,"9"
"251160320",RADZYÑ                        ,"2025","12","04",3.0,,-2.4,,0.6,,-2.4,,4.1,,W,,"9"
"251160320",RADZYÑ                        ,"2025","12","05",5.2,,0.7,,3.8,,-2.4,,1.3,,W,,"9"
"251160320",RADZYÑ                        ,"2025","12","06",5.1,,-1.7,,1.5,,-2.5,,,"9",,,"9"
"251160320",RADZYÑ                        ,"2025","12","07",9.7,,-1.1,,4.8,,-2.5,,0.0,,W,,"9"
"251160320",RADZYÑ                        ,"2025","12","08",12.8,,3.4,,8.1,,0.3,,6.5,,W,,"9"
"251160320",RADZYÑ                        ,"2025","12","09",12.4,,8.0,,10.2,,6.7,,1.1,,W,,"9"
"251160320",RADZYÑ                        ,"2025","12","10",12.2,,5.8,,9.2,,2.7,,2.2,,W,,"9"
"251160320",RADZYÑ                        ,"2025","12","11",11.3,,7.0,,9.3,,5.1,,,"9",,,"9"
"251160320",RADZYÑ                        ,"2025","12","12",9.4,,0.6,,4.2,,-2.2,,,"9",,,"9"
"251160320",RADZYÑ                        ,"2025","12","13",6.4,,1.0,,4.0,,1.0,,0.2,,W,,"9"
"251160320",RADZYÑ                        ,"2025","12","14",7.1,,3.7,,5.3,,3.1,,,"9",,,"9"
"251160320",RADZYÑ                        ,"2025","12","15",6.2,,-1.0,,1.9,,-2.7,,,"9",,,"9"
"251160320",RADZYÑ                        ,"2025","12","16",2.4,,-2.8,,-0.7,,-5.5,,,"9",,,"9"
"251160320",RADZYÑ                        ,"2025","12","17",2.4,,-4.6,,-1.5,,-6.3,,,"9",,,"9"
"251160320",RADZYÑ                        ,"2025","12","18",8.0,,-2.9,,1.8,,-5.3,,,"9",,,"9"
"251160320",RADZYÑ                        ,"2025","12","19",8.4,,-2.6,,2.4,,-5.3,,0.7,,W,,"9"
"251160320",RADZYÑ                        ,"2025","12","20",6.4,,1.4,,4.4,,-4.3,,1.0,,W,,"9"
"251160320",RADZYÑ                        ,"2025","12","21",5.6,,3.2,,4.4,,3.2,,,"9",,,"9"
"251160320",RADZYÑ                        ,"2025","12","22",4.1,,1.0,,2.6,,1.0,,,"9",,,"9"
"251160320",RADZYÑ                        ,"2025","12","23",3.3,,0.3,,2.0,,0.3,,,"9",,,"9"
"251160320",RADZYÑ                        ,"2025","12","24",2.8,,-6.0,,-2.5,,-6.2,,,"9",,,"9"
"251160320",RADZYÑ                        ,"2025","12","25",-5.4,,-10.1,,-7.8,,-11.9,,,"9",,,"9"
"251160320",RADZYÑ                        ,"2025","12","26",-1.5,,-7.9,,-4.3,,-7.9,,0.2,,W,,"9"
"251160320",RADZYÑ                        ,"2025","12","27",-0.8,,-3.3,,-1.6,,-3.3,,0.1,,W,,"9"
"251160320",RADZYÑ                        ,"2025","12","28",2.4,,-2.5,,-0.5,,-5.2,,0.1,,W,,"9"
"251160320",RADZYÑ                        ,"2025","12","29",2.4,,-3.2,,0.2,,-6.7,,0.1,,W,,"9"
"251160320",RADZYÑ                        ,"2025","12","30",2.3,,-3.6,,-1.1,,-5.8,,,"9",,,"9"
"251160320",RADZYÑ                        ,"2025","12","31",0.6,,-4.8,,-1.7,,-6.5,,2.3,,S,,"9"
"251190050",PUCZNIEW                      ,"2025","12","01",1.9,,-1.3,,-0.1,,-1.3,,,"9",,7,
"251190050",PUCZNIEW                      ,"2025","12","02",2.8,,-0.2,,1.3,,-1.1,,,"9",,5,
"251190050",PUCZNIEW                      ,"2025","12","03",4.9,,1.7,,3.1,,1.4,,,"9",,,"9"
"251190050",PUCZNIEW                      ,"2025","12","04",5.7,,0.9,,2.6,,-1.5,,,"9",,,"9"
"251190050",PUCZNIEW                      ,"2025","12","05",7.2,,2.0,,4.4,,0.6,,0.4,,W,,"9"
"251190050",PUCZNIEW                      ,"2025","12","06",7.6,,4.2,,6.0,,1.9,,0.8,,W,,"9"
"251190050",PUCZNIEW                      ,"2025","12","07",8.3,,1.6,,4.5,,-1.3,,,"9",,,"9"
"251190050",PUCZNIEW                      ,"2025","12","08",9.2,,3.4,,5.9,,1.2,,4.5,,W,,"9"
"251190050",PUCZNIEW                      ,"2025","12","09",10.7,,6.4,,9.1,,4.6,,5.0,,W,,"9"
"251190050",PUCZNIEW                      ,"2025","12","10",12.3,,7.3,,9.4,,4.2,,1.2,,W,,"9"
"251190050",PUCZNIEW                      ,"2025","12","11",11.4,,8.3,,9.4,,7.2,,0.1,,W,,"9"
"251190050",PUCZNIEW                      ,"2025","12","12",9.8,,4.9,,6.4,,4.0,,,"9",,,"9"
"251190050",PUCZNIEW                      ,"2025","12","13",7.0,,-0.8,,2.0,,-4.2,,0.2,,W,,"9"
"251190050",PUCZNIEW                      ,"2025","12","14",7.0,,2.0,,4.5,,1.8,,,"9",,,"9"
"251190050",PUCZNIEW                      ,"2025","12","15",6.0,,0.6,,2.3,,-2.2,,,"9",,,"9"
"251190050",PUCZNIEW                      ,"2025","12","16",2.8,,-1.4,,0.6,,-4.0,,,"9",,,"9"
"251190050",PUCZNIEW                      ,"2025","12","17",8.1,,-1.2,,2.5,,-4.5,,,"9",,,"9"
"251190050",PUCZNIEW                      ,"2025","12","18",6.0,,-0.7,,2.1,,-3.9,,0.2,,W,,"9"
"251190050",PUCZNIEW                      ,"2025","12","19",8.2,,0.1,,3.7,,-2.1,,0.1,,W,,"9"
"251190050",PUCZNIEW                      ,"2025","12","20",4.9,,-0.5,,2.1,,-3.2,,0.3,,W,,"9"
"251190050",PUCZNIEW                      ,"2025","12","21",4.8,,2.5,,3.2,,1.6,,,"9",,,"9"
"251190050",PUCZNIEW                      ,"2025","12","22",5.2,,0.1,,1.8,,-0.3,,,"9",,,"9"
"251190050",PUCZNIEW                      ,"2025","12","23",3.6,,0.2,,1.6,,-1.8,,,"9",,,"9"
"251190050",PUCZNIEW                      ,"2025","12","24",3.6,,-8.6,,-4.6,,-10.9,,,"9",,,"9"
"251190050",PUCZNIEW                      ,"2025","12","25",-4.5,,-12.5,,-9.6,,-16.4,,,"9",,,"9"
"251190050",PUCZNIEW                      ,"2025","12","26",-1.4,,-10.8,,-5.1,,-14.6,,0.3,,S,,"9"
"251190050",PUCZNIEW                      ,"2025","12","27",1.4,,-2.1,,-0.5,,-2.2,,0.1,,S,0,
"251190050",PUCZNIEW                      ,"2025","12","28",2.8,,-1.0,,0.5,,-3.4,,0.0,,W,0,
"251190050",PUCZNIEW                      ,"2025","12","29",1.3,,-2.3,,-0.5,,-4.2,,0.1,,S,0,
"251190050",PUCZNIEW                      ,"2025","12","30",2.3,,-3.6,,-1.7,,-6.5,,1.0,,S,0,
"251190050",PUCZNIEW                      ,"2025","12","31",0.1,,-5.4,,-2.9,,-10.1,,0.6,,S,3,
"251200030",SKIERNIEWICE                  ,"2025","12","01",1.8,,-1.1,,0.4,,-1.0,,,"9",,,"9"
"251200030",SKIERNIEWICE                  ,"2025","12","02",4.8,,-1.7,,1.9,,-2.1,,,"9",,,"9"
"251200030",SKIERNIEWICE                  ,"2025","12","03",4.8,,1.9,,3.6,,0.5,,,"9",,,"9"
"251200030",SKIERNIEWICE                  ,"2025","12","04",5.3,,0.1,,2.5,,-1.0,,,"9",,,"9"
"251200030",SKIERNIEWICE                  ,"2025","12","05",7.7,,-1.1,,4.3,,-3.2,,,"9",,,"9"
"251200030",SKIERNIEWICE                  ,"2025","12","06",7.3,,3.5,,5.3,,3.9,,,"9",,,"9"
"251200030",SKIERNIEWICE                  ,"2025","12","07",5.4,,2.1,,4.0,,2.0,,,"9",,,"9"
"251200030",SKIERNIEWICE                  ,"2025","12","08",8.6,,0.6,,5.2,,-1.0,,3.8,,W,,"9"
"251200030",SKIERNIEWICE                  ,"2025","12","09",10.7,,5.5,,8.9,,4.6,,3.6,,W,,"9"
"251200030",SKIERNIEWICE                  ,"2025","12","10",11.8,,6.6,,9.1,,4.4,,1.7,,W,,"9"
"251200030",SKIERNIEWICE                  ,"2025","12","11",10.4,,7.5,,9.1,,6.2,,,"9",,,"9"
"251200030",SKIERNIEWICE                  ,"2025","12","12",8.5,,4.9,,6.6,,4.9,,,"9",,,"9"
"251200030",SKIERNIEWICE                  ,"2025","12","13",6.3,,2.4,,4.3,,2.7,,0.2,,W,,"9"
"251200030",SKIERNIEWICE                  ,"2025","12","14",6.3,,2.9,,4.6,,0.6,,,"9",,,"9"
"251200030",SKIERNIEWICE                  ,"2025","12","15",3.4,,0.4,,2.3,,-3.1,,,"9",,,"9"
"251200030",SKIERNIEWICE                  ,"2025","12","16",2.7,,-1.4,,0.0,,-3.0,,,"9",,,"9"
"251200030",SKIERNIEWICE                  ,"2025","12","17",6.8,,-0.6,,1.9,,-3.5,,,"9",,,"9"
"251200030",SKIERNIEWICE                  ,"2025","12","18",4.0,,0.2,,1.8,,-3.5,,0.2,,W,,"9"
"251200030",SKIERNIEWICE                  ,"2025","12","19",6.8,,-0.1,,1.9,,-1.5,,,"9",,,"9"
"251200030",SKIERNIEWICE                  ,"2025","12","20",5.0,,0.6,,3.2,,-1.7,,0.5,,W,,"9"
"251200030",SKIERNIEWICE                  ,"2025","12","21",4.4,,1.5,,2.9,,1.5,,,"9",,,"9"
"251200030",SKIERNIEWICE                  ,"2025","12","22",2.4,,-0.4,,1.3,,0.2,,,"9",,,"9"
"251200030",SKIERNIEWICE                  ,"2025","12","23",2.3,,0.0,,1.1,,-0.6,,0.3,,S,,"9"
"251200030",SKIERNIEWICE                  ,"2025","12","24",0.8,,-8.9,,-6.0,,-9.6,,,"9",,0,
"251200030",SKIERNIEWICE                  ,"2025","12","25",-5.2,,-13.2,,-9.7,,-13.3,,,"9",,,"9"
"251200030",SKIERNIEWICE                  ,"2025","12","26",-0.7,,-9.7,,-4.0,,-9.0,,0.5,,W,,"9"
"251200030",SKIERNIEWICE                  ,"2025","12","27",0.4,,-2.0,,-0.3,,-4.0,,0.3,,W,,"9"
"251200030",SKIERNIEWICE                  ,"2025","12","28",1.8,,-0.5,,0.7,,-1.0,,0.0,,W,,"9"
"251200030",SKIERNIEWICE                  ,"2025","12","29",1.3,,-2.7,,-0.4,,-4.5,,0.0,,S,0,
"251200030",SKIERNIEWICE                  ,"2025","12","30",1.1,,-3.6,,-1.5,,-5.2,,0.0,,S,0,
"251200030",SKIERNIEWICE                  ,"2025","12","31",-1.3,,-4.6,,-2.8,,-5.9,,2.1,,S,0,
"251210040",JARCZEW                       ,"2025","12","01",4.9,,-0.3,,2.6,,0.0,,0.1,,W,,"9"
"251210040",JARCZEW                       ,"2025","12","02",4.4,,0.1,,2.6,,0.3,,0.0,,W,,"9"
"251210040",JARCZEW                       ,"2025","12","03",4.5,,1.6,,3.5,,1.7,,,"9",,,"9"
"251210040",JARCZEW                       ,"2025","12","04",6.6,,2.1,,4.7,,1.0,,,"9",,,"9"
"251210040",JARCZEW                       ,"2025","12","05",9.4,,2.3,,6.2,,2.0,,,"9",,,"9"
"251210040",JARCZEW                       ,"2025","12","06",7.1,,1.6,,4.4,,1.5,,,"9",,,"9"
"251210040",JARCZEW                       ,"2025","12","07",3.4,,0.2,,2.0,,0.2,,0.3,,W,,"9"
"251210040",JARCZEW                       ,"2025","12","08",6.9,,0.8,,4.3,,1.0,,3.4,,W,,"9"
"251210040",JARCZEW                       ,"2025","12","09",9.7,,4.5,,7.9,,4.0,,5.3,,W,,"9"
"251210040",JARCZEW                       ,"2025","12","10",9.9,,6.8,,8.6,,4.0,,1.4,,W,,"9"
"251210040",JARCZEW                       ,"2025","12","11",10.3,,5.8,,8.2,,3.8,,0.7,,W,,"9"
"251210040",JARCZEW                       ,"2025","12","12",7.9,,5.3,,6.8,,4.1,,0.0,,W,,"9"
"251210040",JARCZEW                       ,"2025","12","13",7.2,,2.3,,4.6,,2.9,,0.5,,W,,"9"
"251210040",JARCZEW                       ,"2025","12","14",5.9,,1.0,,4.2,,0.0,,,"9",,,"9"
"251210040",JARCZEW                       ,"2025","12","15",4.2,,-1.2,,1.9,,-2.8,,,"9",,,"9"
"251210040",JARCZEW                       ,"2025","12","16",3.4,,-3.2,,-0.2,,-4.5,,,"9",,,"9"
"251210040",JARCZEW                       ,"2025","12","17",6.1,,-1.2,,2.6,,-2.7,,,"9",,,"9"
"251210040",JARCZEW                       ,"2025","12","18",4.1,,-1.8,,1.1,,-3.2,,0.0,,W,,"9"
"251210040",JARCZEW                       ,"2025","12","19",3.2,,-0.3,,1.5,,-0.2,,0.1,,W,,"9"
"251210040",JARCZEW                       ,"2025","12","20",1.9,,-1.7,,0.6,,-1.1,,0.4,,W,,"9"
"251210040",JARCZEW                       ,"2025","12","21",3.3,,-0.3,,1.9,,0.0,,,"9",,,"9"
"251210040",JARCZEW                       ,"2025","12","22",2.4,,-0.7,,1.1,,-1.0,,,"9",,,"9"
"251210040",JARCZEW                       ,"2025","12","23",1.9,,-0.3,,0.7,,-3.0,,0.3,,S,,"9"
"251210040",JARCZEW                       ,"2025","12","24",0.4,,-9.6,,-6.3,,-12.0,,,"9",,0,
"251210040",JARCZEW                       ,"2025","12","25",-4.6,,-12.4,,-9.7,,-14.0,,,"9",,,"9"
"251210040",JARCZEW                       ,"2025","12","26",-0.8,,-11.9,,-4.8,,-13.6,,0.0,,W,,"9"
"251210040",JARCZEW                       ,"2025","12","27",1.0,,-1.7,,-0.2,,-2.5,,0.0,,S,,"9"
"251210040",JARCZEW                       ,"2025","12","28",1.9,,-0.4,,1.0,,-1.5,,0.0,,W,0,
"251210040",JARCZEW                       ,"2025","12","29",1.9,,-2.2,,-0.5,,-4.4,,0.3,,S,,"9"
"251210040",JARCZEW                       ,"2025","12","30",0.5,,-3.7,,-2.3,,-7.0,,,"9",,2,
"251210040",JARCZEW                       ,"2025","12","31",-2.6,,-4.2,,-3.6,,-6.4,,1.9,,S,1,
"252150120",GORZYÑ                        ,"2025","12","01",7.4,,0.5,,3.8,,-1.0,,,"9",,,"9"
"252150120",GORZYÑ                        ,"2025","12","02",5.0,,1.9,,3.1,,-2.0,,0.1,,W,,"9"
"252150120",GORZYÑ                        ,"2025","12","03",5.2,,1.3,,2.4,,-3.0,,,"9",,,"9"
"252150120",GORZYÑ                        ,"2025","12","04",4.8,,0.0,,2.5,,-5.0,,1.8,,W,,"9"
"252150120",GORZYÑ                        ,"2025","12","05",5.8,,2.7,,4.3,,0.0,,3.4,,W,,"9"
"252150120",GORZYÑ                        ,"2025","12","06",5.1,,1.9,,3.3,,-0.9,,0.1,,W,,"9"
"252150120",GORZYÑ                        ,"2025","12","07",8.3,,2.6,,5.8,,1.0,,0.0,,W,,"9"
"252150120",GORZYÑ                        ,"2025","12","08",11.8,,6.9,,9.3,,4.5,,8.1,,W,,"9"
"252150120",GORZYÑ                        ,"2025","12","09",12.8,,10.4,,11.2,,9.0,,0.6,,W,,"9"
"252150120",GORZYÑ                        ,"2025","12","10",11.4,,9.7,,10.3,,7.5,,0.7,,W,,"9"
"252150120",GORZYÑ                        ,"2025","12","11",11.8,,8.3,,9.3,,4.5,,,"9",,,"9"
"252150120",GORZYÑ                        ,"2025","12","12",8.3,,4.6,,5.9,,3.5,,0.1,,W,,"9"
"252150120",GORZYÑ                        ,"2025","12","13",7.3,,3.8,,5.7,,2.4,,0.1,,W,,"9"
"252150120",GORZYÑ                        ,"2025","12","14",8.7,,4.1,,5.6,,1.5,,,"9",,,"9"
"252150120",GORZYÑ                        ,"2025","12","15",6.4,,2.7,,4.1,,0.0,,,"9",,,"9"
"252150120",GORZYÑ                        ,"2025","12","16",4.3,,-0.5,,0.8,,-2.4,,,"9",,,"9"
"252150120",GORZYÑ                        ,"2025","12","17",0.8,,-2.0,,-0.7,,-3.4,,,"9",,,"9"
"252150120",GORZYÑ                        ,"2025","12","18",7.8,,-2.5,,3.3,,-2.9,,,"9",,,"9"
"252150120",GORZYÑ                        ,"2025","12","19",9.3,,3.7,,5.8,,1.5,,0.2,,W,,"9"
"252150120",GORZYÑ                        ,"2025","12","20",8.0,,5.2,,6.2,,3.0,,0.3,,W,,"9"
"252150120",GORZYÑ                        ,"2025","12","21",6.3,,2.1,,3.7,,1.5,,0.1,,W,,"9"
"252150120",GORZYÑ                        ,"2025","12","22",2.7,,0.5,,1.5,,0.4,,,"9",,,"9"
"252150120",GORZYÑ                        ,"2025","12","23",3.8,,0.5,,2.2,,-1.4,,,"9",,,"9"
"252150120",GORZYÑ                        ,"2025","12","24",2.3,,-7.1,,-4.0,,-8.3,,,"9",,,"9"
"252150120",GORZYÑ                        ,"2025","12","25",-4.3,,-9.4,,-8.1,,-11.3,,,"9",,,"9"
"252150120",GORZYÑ                        ,"2025","12","26",-1.7,,-9.7,,-5.2,,-11.3,,,"9",,,"9"
"252150120",GORZYÑ                        ,"2025","12","27",2.1,,-2.0,,0.5,,-1.8,,,"9",,,"9"
"252150120",GORZYÑ                        ,"2025","12","28",3.0,,-1.0,,0.3,,-2.7,,,"9",,,"9"
"252150120",GORZYÑ                        ,"2025","12","29",3.4,,-2.0,,1.2,,-4.4,,0.3,,S,,"9"
"252150120",GORZYÑ                        ,"2025","12","30",2.0,,-3.0,,-1.2,,-4.9,,,"9",,,"9"
"252150120",GORZYÑ                        ,"2025","12","31",0.4,,-3.4,,-1.6,,-5.4,,2.1,,S,,"9"
"252150270",BABIMOST                      ,"2025","12","01",5.8,,-0.1,,3.0,,,"8",,"9",,,"9"
"252150270",BABIMOST                      ,"2025","12","02",4.3,,1.6,,2.8,,,"8",,"9",,,"9"
"252150270",BABIMOST                      ,"2025","12","03",3.4,,-2.4,,-0.3,,,"8",,"9",,,"9"
"252150270",BABIMOST                      ,"2025","12","04",3.0,,-3.0,,0.7,,,"8",3.8,,W,,"9"
"252150270",BABIMOST                      ,"2025","12","05",5.1,,1.4,,3.8,,,"8",2.5,,W,,"9"
"252150270",BABIMOST                      ,"2025","12","06",5.1,,1.0,,2.4,,,"8",,"9",,,"9"
"252150270",BABIMOST                      ,"2025","12","07",9.6,,1.6,,5.7,,,"8",0.0,,W,,"9"
"252150270",BABIMOST                      ,"2025","12","08",13.1,,5.8,,9.0,,,"8",4.4,,W,,"9"
"252150270",BABIMOST                      ,"2025","12","09",12.1,,9.4,,10.4,,,"8",1.0,,W,,"9"
"252150270",BABIMOST                      ,"2025","12","10",11.6,,6.6,,9.3,,,"8",1.0,,W,,"9"
"252150270",BABIMOST                      ,"2025","12","11",10.9,,8.5,,9.5,,,"8",,"9",,,"9"
"252150270",BABIMOST                      ,"2025","12","12",9.0,,0.9,,3.9,,,"8",0.0,,W,,"9"
"252150270",BABIMOST                      ,"2025","12","13",6.7,,2.6,,4.7,,,"8",0.2,,W,,"9"
"252150270",BABIMOST                      ,"2025","12","14",6.7,,4.2,,5.5,,,"8",,"9",,,"9"
"252150270",BABIMOST                      ,"2025","12","15",6.3,,0.4,,2.7,,,"8",,"9",,,"9"
"252150270",BABIMOST                      ,"2025","12","16",3.0,,-3.1,,-1.1,,,"8",,"9",,,"9"
"252150270",BABIMOST                      ,"2025","12","17",0.9,,-4.3,,-2.2,,,"8",,"9",,,"9"
"252150270",BABIMOST                      ,"2025","12","18",6.5,,-3.9,,1.7,,,"8",,"9",,,"9"
"252150270",BABIMOST                      ,"2025","12","19",8.7,,-3.4,,1.7,,,"8",0.2,,W,,"9"
"252150270",BABIMOST                      ,"2025","12","20",6.8,,1.9,,5.0,,,"8",0.0,,W,,"9"
"252150270",BABIMOST                      ,"2025","12","21",6.2,,3.2,,4.3,,,"8",0.0,,W,,"9"
"252150270",BABIMOST                      ,"2025","12","22",3.2,,0.9,,1.7,,,"8",0.0,,W,,"9"
"252150270",BABIMOST                      ,"2025","12","23",3.4,,0.7,,2.2,,,"8",,"9",,,"9"
"252150270",BABIMOST                      ,"2025","12","24",2.8,,-6.4,,-2.8,,,"8",,"9",,,"9"
"252150270",BABIMOST                      ,"2025","12","25",-5.2,,-11.3,,-9.4,,,"8",0.0,,W,,"9"
"252150270",BABIMOST                      ,"2025","12","26",-2.0,,-9.7,,-5.4,,,"8",0.0,,W,,"9"
"252150270",BABIMOST                      ,"2025","12","27",0.3,,-2.1,,-0.7,,,"8",0.0,,W,,"9"
"252150270",BABIMOST                      ,"2025","12","28",2.8,,-1.4,,-0.2,,,"8",0.0,,W,,"9"
"252150270",BABIMOST                      ,"2025","12","29",2.8,,-2.7,,0.7,,,"8",0.1,,S,,"9"
"252150270",BABIMOST                      ,"2025","12","30",2.3,,-1.8,,-0.4,,,"8",,"9",,,"9"
"252150270",BABIMOST                      ,"2025","12","31",0.7,,-5.0,,-1.7,,,"8",2.3,,S,,"9"
"252160230",WIELICHOWO                    ,"2025","12","01",7.9,,-1.9,,3.0,,-0.2,,,"9",,,"9"
"252160230",WIELICHOWO                    ,"2025","12","02",5.7,,0.5,,2.9,,2.0,,,"9",,,"9"
"252160230",WIELICHOWO                    ,"2025","12","03",7.3,,-3.1,,1.1,,-3.7,,,"9",,,"9"
"252160230",WIELICHOWO                    ,"2025","12","04",5.7,,-0.7,,2.6,,0.8,,4.4,,W,,"9"
"252160230",WIELICHOWO                    ,"2025","12","05",5.7,,-0.5,,3.4,,-0.5,,3.3,,W,,"9"
"252160230",WIELICHOWO                    ,"2025","12","06",5.0,,-0.5,,2.3,,-1.2,,,"9",,,"9"
"252160230",WIELICHOWO                    ,"2025","12","07",8.5,,-1.6,,4.2,,-2.0,,,"9",,,"9"
"252160230",WIELICHOWO                    ,"2025","12","08",12.8,,3.2,,8.0,,2.0,,6.4,,W,,"9"
"252160230",WIELICHOWO                    ,"2025","12","09",12.3,,6.9,,9.7,,6.7,,2.4,,W,,"9"
"252160230",WIELICHOWO                    ,"2025","12","10",12.7,,6.1,,9.5,,5.3,,1.6,,W,,"9"
"252160230",WIELICHOWO                    ,"2025","12","11",11.1,,6.4,,8.9,,6.4,,,"9",,,"9"
"252160230",WIELICHOWO                    ,"2025","12","12",9.0,,2.8,,5.2,,2.0,,,"9",,,"9"
"252160230",WIELICHOWO                    ,"2025","12","13",6.7,,1.5,,4.4,,3.5,,0.2,,W,,"9"
"252160230",WIELICHOWO                    ,"2025","12","14",6.7,,1.5,,4.8,,3.5,,,"9",,,"9"
"252160230",WIELICHOWO                    ,"2025","12","15",8.3,,0.4,,3.3,,-2.5,,,"9",,,"9"
"252160230",WIELICHOWO                    ,"2025","12","16",2.5,,-4.1,,-1.1,,-5.0,,,"9",,,"9"
"252160230",WIELICHOWO                    ,"2025","12","17",0.7,,-4.4,,-2.1,,-5.0,,,"9",,,"9"
"252160230",WIELICHOWO                    ,"2025","12","18",7.7,,-4.9,,1.4,,-5.2,,,"9",,,"9"
"252160230",WIELICHOWO                    ,"2025","12","19",8.7,,-3.6,,2.3,,-4.4,,1.0,,W,,"9"
"252160230",WIELICHOWO                    ,"2025","12","20",6.8,,0.9,,4.4,,0.5,,0.2,,W,,"9"
"252160230",WIELICHOWO                    ,"2025","12","21",5.9,,1.4,,3.6,,2.8,,0.1,,W,,"9"
"252160230",WIELICHOWO                    ,"2025","12","22",2.8,,0.8,,1.5,,0.7,,,"9",,,"9"
"252160230",WIELICHOWO                    ,"2025","12","23",3.3,,0.6,,2.0,,0.5,,,"9",,,"9"
"252160230",WIELICHOWO                    ,"2025","12","24",2.1,,-7.0,,-3.2,,-7.8,,,"9",,,"9"
"252160230",WIELICHOWO                    ,"2025","12","25",-3.2,,-11.5,,-8.5,,-13.0,,,"9",,,"9"
"252160230",WIELICHOWO                    ,"2025","12","26",-1.8,,-11.6,,-5.5,,-12.5,,0.1,,W,,"9"
"252160230",WIELICHOWO                    ,"2025","12","27",1.2,,-3.4,,-0.9,,-2.0,,0.4,,W,,"9"
"252160230",WIELICHOWO                    ,"2025","12","28",3.2,,-3.2,,-0.5,,-4.1,,0.1,,W,,"9"
"252160230",WIELICHOWO                    ,"2025","12","29",3.5,,-3.8,,0.5,,-4.4,,0.5,,W,,"9"
"252160230",WIELICHOWO                    ,"2025","12","30",2.1,,-3.5,,-1.0,,-4.5,,0.0,,S,,"9"
"252160230",WIELICHOWO                    ,"2025","12","31",0.9,,-6.2,,-2.4,,-6.5,,1.5,,S,,"9"
"252180080",KO£UDA WIELKA                 ,"2025","12","01",2.2,,-2.6,,0.0,,-2.0,,,"9",,10,
"252180080",KO£UDA WIELKA                 ,"2025","12","02",2.4,,-1.2,,0.3,,-2.0,,1.2,,W,6,
"252180080",KO£UDA WIELKA                 ,"2025","12","03",2.7,,0.5,,1.6,,0.0,,,"9",,2,
"252180080",KO£UDA WIELKA                 ,"2025","12","04",3.4,,0.0,,1.5,,-1.0,,,"9",,1,
"252180080",KO£UDA WIELKA                 ,"2025","12","05",5.9,,1.2,,3.8,,1.0,,0.9,,W,,"9"
"252180080",KO£UDA WIELKA                 ,"2025","12","06",6.9,,3.4,,5.3,,3.0,,,"9",,,"9"
"252180080",KO£UDA WIELKA                 ,"2025","12","07",6.9,,2.7,,4.8,,1.5,,0.2,,W,,"9"
"252180080",KO£UDA WIELKA                 ,"2025","12","08",8.9,,2.0,,5.8,,0.5,,3.5,,W,,"9"
"252180080",KO£UDA WIELKA                 ,"2025","12","09",11.0,,7.2,,9.5,,7.0,,1.0,,W,,"9"
"252180080",KO£UDA WIELKA                 ,"2025","12","10",12.3,,7.9,,9.9,,7.5,,0.2,,W,,"9"
"252180080",KO£UDA WIELKA                 ,"2025","12","11",10.6,,8.2,,9.2,,7.0,,,"9",,,"9"
"252180080",KO£UDA WIELKA                 ,"2025","12","12",8.4,,5.7,,6.7,,0.5,,,"9",,,"9"
"252180080",KO£UDA WIELKA                 ,"2025","12","13",6.1,,1.0,,3.6,,0.5,,0.2,,W,,"9"
"252180080",KO£UDA WIELKA                 ,"2025","12","14",6.4,,3.1,,4.2,,2.0,,,"9",,,"9"
"252180080",KO£UDA WIELKA                 ,"2025","12","15",3.9,,1.9,,2.6,,1.9,,,"9",,,"9"
"252180080",KO£UDA WIELKA                 ,"2025","12","16",2.4,,-1.5,,0.1,,-3.5,,,"9",,,"9"
"252180080",KO£UDA WIELKA                 ,"2025","12","17",1.0,,-1.6,,-0.5,,-1.5,,,"9",,,"9"
"252180080",KO£UDA WIELKA                 ,"2025","12","18",4.6,,-0.8,,1.8,,-0.2,,,"9",,,"9"
"252180080",KO£UDA WIELKA                 ,"2025","12","19",7.4,,0.5,,3.0,,-1.5,,0.4,,W,,"9"
"252180080",KO£UDA WIELKA                 ,"2025","12","20",6.4,,1.9,,4.0,,1.0,,0.1,,W,,"9"
"252180080",KO£UDA WIELKA                 ,"2025","12","21",5.4,,1.4,,3.0,,1.0,,,"9",,,"9"
"252180080",KO£UDA WIELKA                 ,"2025","12","22",3.3,,0.9,,1.9,,0.5,,,"9",,,"9"
"252180080",KO£UDA WIELKA                 ,"2025","12","23",3.9,,1.4,,2.2,,0.2,,,"9",,,"9"
"252180080",KO£UDA WIELKA                 ,"2025","12","24",1.5,,-7.2,,-4.9,,-8.5,,,"9",,,"9"
"252180080",KO£UDA WIELKA                 ,"2025","12","25",-5.0,,-9.6,,-7.6,,-11.0,,,"9",,,"9"
"252180080",KO£UDA WIELKA                 ,"2025","12","26",-0.6,,-9.4,,-3.9,,-11.0,,0.1,,W,,"9"
"252180080",KO£UDA WIELKA                 ,"2025","12","27",1.5,,-0.6,,0.4,,-1.2,,0.2,,W,,"9"
"252180080",KO£UDA WIELKA                 ,"2025","12","28",2.5,,-0.2,,1.0,,-3.0,,0.2,,S,,"9"
"252180080",KO£UDA WIELKA                 ,"2025","12","29",2.4,,-2.0,,0.0,,-4.2,,0.1,,S,0,
"252180080",KO£UDA WIELKA                 ,"2025","12","30",0.5,,-2.5,,-1.7,,-5.0,,,"9",,,"9"
"252180080",KO£UDA WIELKA                 ,"2025","12","31",0.5,,-4.0,,-2.3,,-6.8,,0.9,,S,,"9"
"252200120",LEGIONOWO                     ,"2025","12","01",3.5,,0.7,,2.0,,1.2,,,"9",,,"9"
"252200120",LEGIONOWO                     ,"2025","12","02",4.3,,0.3,,2.3,,0.4,,,"9",,,"9"
"252200120",LEGIONOWO                     ,"2025","12","03",5.4,,3.6,,4.4,,3.2,,0.1,,W,,"9"
"252200120",LEGIONOWO                     ,"2025","12","04",4.9,,2.8,,3.8,,0.3,,,"9",,,"9"
"252200120",LEGIONOWO                     ,"2025","12","05",9.2,,2.0,,5.8,,-0.6,,,"9",,,"9"
"252200120",LEGIONOWO                     ,"2025","12","06",7.9,,5.3,,6.3,,5.0,,,"9",,,"9"
"252200120",LEGIONOWO                     ,"2025","12","07",5.3,,3.1,,3.9,,3.0,,,"9",,,"9"
"252200120",LEGIONOWO                     ,"2025","12","08",9.9,,3.1,,6.2,,3.1,,3.6,,W,,"9"
"252200120",LEGIONOWO                     ,"2025","12","09",10.4,,8.0,,9.4,,7.3,,2.5,,W,,"9"
"252200120",LEGIONOWO                     ,"2025","12","10",11.1,,9.5,,10.1,,8.2,,0.1,,W,,"9"
"252200120",LEGIONOWO                     ,"2025","12","11",10.7,,8.3,,9.3,,7.0,,0.0,,W,,"9"
"252200120",LEGIONOWO                     ,"2025","12","12",8.5,,7.1,,7.6,,6.6,,,"9",,,"9"
"252200120",LEGIONOWO                     ,"2025","12","13",7.1,,3.1,,4.7,,2.8,,0.2,,W,,"9"
"252200120",LEGIONOWO                     ,"2025","12","14",7.1,,3.1,,5.3,,2.8,,,"9",,,"9"
"252200120",LEGIONOWO                     ,"2025","12","15",4.9,,1.4,,3.0,,1.0,,,"9",,,"9"
"252200120",LEGIONOWO                     ,"2025","12","16",3.4,,-0.7,,0.7,,-2.4,,,"9",,,"9"
"252200120",LEGIONOWO                     ,"2025","12","17",7.8,,-1.6,,1.9,,-3.1,,,"9",,,"9"
"252200120",LEGIONOWO                     ,"2025","12","18",3.8,,-1.0,,1.5,,-2.3,,,"9",,,"9"
"252200120",LEGIONOWO                     ,"2025","12","19",3.8,,1.9,,2.5,,1.9,,,"9",,,"9"
"252200120",LEGIONOWO                     ,"2025","12","20",4.5,,1.7,,3.1,,1.8,,,"9",,,"9"
"252200120",LEGIONOWO                     ,"2025","12","21",3.9,,2.5,,2.9,,2.1,,,"9",,,"9"
"252200120",LEGIONOWO                     ,"2025","12","22",3.1,,1.7,,2.3,,1.5,,,"9",,,"9"
"252200120",LEGIONOWO                     ,"2025","12","23",3.0,,0.8,,1.6,,0.1,,,"9",,,"9"
"252200120",LEGIONOWO                     ,"2025","12","24",0.8,,-9.3,,-6.5,,-11.2,,0.1,,S,,"9"
"252200120",LEGIONOWO                     ,"2025","12","25",-4.0,,-12.7,,-9.6,,-14.4,,,"9",,,"9"
"252200120",LEGIONOWO                     ,"2025","12","26",-0.2,,-9.4,,-3.6,,-10.6,,0.1,,W,,"9"
"252200120",LEGIONOWO                     ,"2025","12","27",1.8,,-0.3,,0.8,,-0.4,,0.1,,S,,"9"
"252200120",LEGIONOWO                     ,"2025","12","28",3.1,,0.8,,2.2,,0.0,,,"9",,,"9"
"252200120",LEGIONOWO                     ,"2025","12","29",2.2,,-1.3,,0.2,,-1.7,,0.4,,S,,"9"
"252200120",LEGIONOWO                     ,"2025","12","30",0.9,,-2.9,,-1.7,,-4.9,,5.5,,S,0,
"252200120",LEGIONOWO                     ,"2025","12","31",-1.7,,-4.2,,-3.2,,-3.4,,3.0,,S,17,
"252200230",WARSZAWA-FILTRY               ,"2025","12","01",4.7,,0.6,,2.3,,1.2,,0.2,,W,,"9"
"252200230",WARSZAWA-FILTRY               ,"2025","12","02",4.7,,0.2,,2.6,,0.6,,,"9",,,"9"
"252200230",WARSZAWA-FILTRY               ,"2025","12","03",5.5,,3.9,,4.6,,3.8,,,"9",,,"9"
"252200230",WARSZAWA-FILTRY               ,"2025","12","04",4.8,,3.5,,4.2,,1.7,,,"9",,,"9"
"252200230",WARSZAWA-FILTRY               ,"2025","12","05",9.2,,3.5,,6.2,,1.2,,,"9",,,"9"
"252200230",WARSZAWA-FILTRY               ,"2025","12","06",7.7,,4.8,,6.0,,4.6,,,"9",,,"9"
"252200230",WARSZAWA-FILTRY               ,"2025","12","07",4.8,,2.9,,3.7,,2.8,,,"9",,,"9"
"252200230",WARSZAWA-FILTRY               ,"2025","12","08",9.1,,2.9,,6.0,,3.0,,5.9,,W,,"9"
"252200230",WARSZAWA-FILTRY               ,"2025","12","09",10.3,,7.5,,9.3,,6.7,,1.8,,W,,"9"
"252200230",WARSZAWA-FILTRY               ,"2025","12","10",11.2,,9.0,,10.0,,7.8,,0.7,,W,,"9"
"252200230",WARSZAWA-FILTRY               ,"2025","12","11",10.4,,8.5,,9.3,,7.8,,0.0,,W,,"9"
"252200230",WARSZAWA-FILTRY               ,"2025","12","12",8.6,,6.6,,7.2,,6.3,,,"9",,,"9"
"252200230",WARSZAWA-FILTRY               ,"2025","12","13",6.6,,3.3,,4.7,,3.4,,0.5,,W,,"9"
"252200230",WARSZAWA-FILTRY               ,"2025","12","14",6.4,,3.4,,5.2,,3.5,,,"9",,,"9"
"252200230",WARSZAWA-FILTRY               ,"2025","12","15",4.9,,1.4,,3.1,,0.8,,,"9",,,"9"
"252200230",WARSZAWA-FILTRY               ,"2025","12","16",3.4,,-0.4,,1.0,,-0.6,,,"9",,,"9"
"252200230",WARSZAWA-FILTRY               ,"2025","12","17",5.9,,-0.2,,2.3,,-1.6,,,"9",,,"9"
"252200230",WARSZAWA-FILTRY               ,"2025","12","18",4.0,,-0.5,,1.7,,-1.4,,,"9",,,"9"
"252200230",WARSZAWA-FILTRY               ,"2025","12","19",3.6,,1.6,,2.3,,1.9,,,"9",,,"9"
"252200230",WARSZAWA-FILTRY               ,"2025","12","20",4.8,,1.5,,3.1,,1.8,,0.0,,W,,"9"
"252200230",WARSZAWA-FILTRY               ,"2025","12","21",4.1,,2.7,,3.3,,2.5,,,"9",,,"9"
"252200230",WARSZAWA-FILTRY               ,"2025","12","22",3.1,,1.9,,2.4,,1.8,,,"9",,,"9"
"252200230",WARSZAWA-FILTRY               ,"2025","12","23",2.9,,1.1,,1.8,,1.0,,0.0,,S,,"9"
"252200230",WARSZAWA-FILTRY               ,"2025","12","24",1.1,,-8.1,,-5.6,,-8.5,,,"9",,,"9"
"252200230",WARSZAWA-FILTRY               ,"2025","12","25",-5.0,,-10.3,,-8.1,,-10.9,,,"9",,,"9"
"252200230",WARSZAWA-FILTRY               ,"2025","12","26",-0.7,,-7.7,,-3.6,,-7.5,,0.3,,S,,"9"
"252200230",WARSZAWA-FILTRY               ,"2025","12","27",1.2,,-0.7,,0.3,,-0.7,,0.8,,S,,"9"
"252200230",WARSZAWA-FILTRY               ,"2025","12","28",2.5,,0.3,,1.6,,0.2,,,"9",,,"9"
"252200230",WARSZAWA-FILTRY               ,"2025","12","29",1.8,,-1.8,,0.0,,-1.7,,0.0,,S,,"9"
"252200230",WARSZAWA-FILTRY               ,"2025","12","30",1.4,,-3.1,,-1.6,,-3.0,,6.5,,S,0,
"252200230",WARSZAWA-FILTRY               ,"2025","12","31",-2.2,,-4.1,,-3.3,,-4.7,,6.3,,S,15,
"252210050",PU£TUSK                       ,"2025","12","01",3.0,,0.7,,1.8,,1.2,,,"9",,,"8"
"252210050",PU£TUSK                       ,"2025","12","02",3.7,,-0.5,,1.6,,-0.2,,,"9",,,"8"
"252210050",PU£TUSK                       ,"2025","12","03",4.8,,3.1,,3.9,,3.0,,,"9",,,"8"
"252210050",PU£TUSK                       ,"2025","12","04",5.0,,3.6,,4.2,,3.4,,,"9",,,"8"
"252210050",PU£TUSK                       ,"2025","12","05",8.6,,2.7,,5.9,,0.1,,,"9",,,"8"
"252210050",PU£TUSK                       ,"2025","12","06",8.6,,4.9,,6.3,,4.6,,,"9",,,"8"
"252210050",PU£TUSK                       ,"2025","12","07",4.9,,3.0,,3.7,,3.0,,,"9",,,"8"
"252210050",PU£TUSK                       ,"2025","12","08",8.7,,3.0,,5.6,,3.1,,4.4,,W,,"8"
"252210050",PU£TUSK                       ,"2025","12","09",10.5,,7.5,,9.0,,7.2,,1.3,,W,,"8"
"252210050",PU£TUSK                       ,"2025","12","10",10.3,,8.9,,9.6,,7.2,,0.1,,W,,"8"
"252210050",PU£TUSK                       ,"2025","12","11",10.7,,8.1,,9.3,,7.2,,,"9",,,"8"
"252210050",PU£TUSK                       ,"2025","12","12",8.5,,6.8,,7.4,,6.5,,,"9",,,"8"
"252210050",PU£TUSK                       ,"2025","12","13",6.9,,3.1,,4.6,,3.2,,,"9",,,"8"
"252210050",PU£TUSK                       ,"2025","12","14",6.6,,3.1,,5.0,,3.2,,,"9",,,"8"
"252210050",PU£TUSK                       ,"2025","12","15",4.4,,1.8,,2.9,,1.9,,,"9",,,"8"
"252210050",PU£TUSK                       ,"2025","12","16",3.5,,0.0,,1.3,,-0.5,,,"9",,,"8"
"252210050",PU£TUSK                       ,"2025","12","17",4.6,,-2.0,,0.7,,-3.0,,,"9",,,"8"
"252210050",PU£TUSK                       ,"2025","12","18",3.1,,-0.5,,1.3,,-0.2,,,"9",,,"8"
"252210050",PU£TUSK                       ,"2025","12","19",3.5,,1.5,,2.3,,1.7,,,"9",,,"8"
"252210050",PU£TUSK                       ,"2025","12","20",3.9,,1.4,,2.7,,1.6,,,"9",,,"8"
"252210050",PU£TUSK                       ,"2025","12","21",3.8,,2.4,,2.9,,2.5,,,"9",,,"8"
"252210050",PU£TUSK                       ,"2025","12","22",4.0,,1.8,,2.6,,1.8,,,"9",,,"8"
"252210050",PU£TUSK                       ,"2025","12","23",3.4,,0.0,,1.2,,-0.2,,,"9",,,"8"
"252210050",PU£TUSK                       ,"2025","12","24",0.0,,-9.8,,-6.9,,-10.9,,,"9",,,"8"
"252210050",PU£TUSK                       ,"2025","12","25",-4.2,,-12.4,,-9.3,,-12.8,,,"9",,,"8"
"252210050",PU£TUSK                       ,"2025","12","26",2.0,,-8.1,,-2.0,,-8.7,,,"9",,,"8"
"252210050",PU£TUSK                       ,"2025","12","27",3.0,,-0.1,,1.5,,0.0,,,"9",,,"8"
"252210050",PU£TUSK                       ,"2025","12","28",3.2,,1.0,,2.1,,0.2,,,"9",,,"8"
"252210050",PU£TUSK                       ,"2025","12","29",2.0,,-1.9,,-0.3,,-2.8,,,"9",,,"8"
"252210050",PU£TUSK                       ,"2025","12","30",-0.3,,-3.6,,-2.2,,-5.2,,,"9",,,"8"
"252210050",PU£TUSK                       ,"2025","12","31",-1.8,,-5.0,,-3.8,,-5.0,,0.6,,W,,"8"
"252210170",WARSZAWA-OBSERWATORIUM II     ,"2025","12","01",4.2,,0.6,,2.2,,,"8",,"8",,,"8"
"252210170",WARSZAWA-OBSERWATORIUM II     ,"2025","12","02",4.4,,0.1,,2.3,,,"8",,"8",,,"8"
"252210170",WARSZAWA-OBSERWATORIUM II     ,"2025","12","03",5.0,,3.5,,4.2,,,"8",,"8",,,"8"
"252210170",WARSZAWA-OBSERWATORIUM II     ,"2025","12","04",4.5,,2.4,,3.5,,,"8",,"8",,,"8"
"252210170",WARSZAWA-OBSERWATORIUM II     ,"2025","12","05",8.9,,1.7,,5.5,,,"8",,"8",,,"8"
"252210170",WARSZAWA-OBSERWATORIUM II     ,"2025","12","06",7.4,,4.5,,5.7,,,"8",,"8",,,"8"
"252210170",WARSZAWA-OBSERWATORIUM II     ,"2025","12","07",4.5,,2.6,,3.4,,,"8",,"8",,,"8"
"252210170",WARSZAWA-OBSERWATORIUM II     ,"2025","12","08",8.9,,2.6,,5.8,,,"8",,"8",,,"8"
"252210170",WARSZAWA-OBSERWATORIUM II     ,"2025","12","09",10.1,,7.2,,9.1,,,"8",,"8",,,"8"
"252210170",WARSZAWA-OBSERWATORIUM II     ,"2025","12","10",10.8,,9.0,,9.8,,,"8",,"8",,,"8"
"252210170",WARSZAWA-OBSERWATORIUM II     ,"2025","12","11",10.2,,8.3,,9.1,,,"8",,"8",,,"8"
"252210170",WARSZAWA-OBSERWATORIUM II     ,"2025","12","12",8.5,,6.5,,7.1,,,"8",,"8",,,"8"
"252210170",WARSZAWA-OBSERWATORIUM II     ,"2025","12","13",6.5,,3.3,,4.6,,,"8",,"8",,,"8"
"252210170",WARSZAWA-OBSERWATORIUM II     ,"2025","12","14",6.2,,3.3,,5.0,,,"8",,"8",,,"8"
"252210170",WARSZAWA-OBSERWATORIUM II     ,"2025","12","15",4.7,,1.3,,2.9,,,"8",,"8",,,"8"
"252210170",WARSZAWA-OBSERWATORIUM II     ,"2025","12","16",3.2,,-0.7,,0.7,,,"8",,"8",,,"8"
"252210170",WARSZAWA-OBSERWATORIUM II     ,"2025","12","17",4.4,,-1.2,,1.3,,,"8",,"8",,,"8"
"252210170",WARSZAWA-OBSERWATORIUM II     ,"2025","12","18",3.8,,-0.5,,1.6,,,"8",,"8",,,"8"
"252210170",WARSZAWA-OBSERWATORIUM II     ,"2025","12","19",3.3,,1.3,,2.0,,,"8",,"8",,,"8"
"252210170",WARSZAWA-OBSERWATORIUM II     ,"2025","12","20",4.5,,1.3,,3.0,,,"8",,"8",,,"8"
"252210170",WARSZAWA-OBSERWATORIUM II     ,"2025","12","21",4.2,,2.3,,3.0,,,"8",,"8",,,"8"
"252210170",WARSZAWA-OBSERWATORIUM II     ,"2025","12","22",2.7,,1.7,,2.1,,,"8",,"8",,,"8"
"252210170",WARSZAWA-OBSERWATORIUM II     ,"2025","12","23",2.5,,0.8,,1.5,,,"8",,"8",,,"8"
"252210170",WARSZAWA-OBSERWATORIUM II     ,"2025","12","24",0.8,,-8.5,,-6.0,,,"8",,"8",,,"8"
"252210170",WARSZAWA-OBSERWATORIUM II     ,"2025","12","25",-5.4,,-11.5,,-8.8,,,"8",,"8",,,"8"
"252210170",WARSZAWA-OBSERWATORIUM II     ,"2025","12","26",-0.5,,-7.6,,-3.5,,,"8",,"8",,,"8"
"252210170",WARSZAWA-OBSERWATORIUM II     ,"2025","12","27",1.1,,-0.7,,0.3,,,"8",,"8",,,"8"
"252210170",WARSZAWA-OBSERWATORIUM II     ,"2025","12","28",2.4,,0.2,,1.5,,,"8",,"8",,,"8"
"252210170",WARSZAWA-OBSERWATORIUM II     ,"2025","12","29",1.8,,-1.8,,-0.1,,,"8",,"8",,,"8"
"252210170",WARSZAWA-OBSERWATORIUM II     ,"2025","12","30",1.2,,-2.9,,-1.6,,,"8",,"8",,,"8"
"252210170",WARSZAWA-OBSERWATORIUM II     ,"2025","12","31",-2.1,,-4.2,,-3.3,,,"8",,"8",,,"8"
"252220030",SZEPIETOWO                    ,"2025","12","01",4.7,,1.7,,2.9,,-0.5,,0.1,,W,,"9"
"252220030",SZEPIETOWO                    ,"2025","12","02",3.7,,1.5,,2.6,,-1.5,,,"9",,,"9"
"252220030",SZEPIETOWO                    ,"2025","12","03",3.7,,1.5,,2.6,,-1.5,,0.1,,W,,"9"
"252220030",SZEPIETOWO                    ,"2025","12","04",6.2,,2.9,,4.4,,0.0,,,"9",,,"9"
"252220030",SZEPIETOWO                    ,"2025","12","05",9.2,,3.0,,6.1,,-1.0,,,"9",,,"9"
"252220030",SZEPIETOWO                    ,"2025","12","06",7.2,,2.3,,4.3,,-0.5,,,"9",,,"9"
"252220030",SZEPIETOWO                    ,"2025","12","07",3.7,,1.3,,2.2,,-2.0,,0.8,,W,,"9"
"252220030",SZEPIETOWO                    ,"2025","12","08",5.7,,1.5,,3.6,,-1.5,,4.0,,W,,"9"
"252220030",SZEPIETOWO                    ,"2025","12","09",9.7,,4.9,,7.5,,1.9,,5.8,,W,,"9"
"252220030",SZEPIETOWO                    ,"2025","12","10",11.1,,7.9,,8.9,,3.4,,1.2,,W,,"9"
"252220030",SZEPIETOWO                    ,"2025","12","11",10.7,,7.0,,8.5,,3.4,,1.4,,W,,"9"
"252220030",SZEPIETOWO                    ,"2025","12","12",10.7,,6.4,,7.7,,2.1,,1.2,,W,,"9"
"252220030",SZEPIETOWO                    ,"2025","12","13",6.6,,2.7,,3.9,,0.5,,1.2,,W,,"9"
"252220030",SZEPIETOWO                    ,"2025","12","14",7.7,,2.7,,4.6,,0.5,,,"9",,,"9"
"252220030",SZEPIETOWO                    ,"2025","12","15",3.2,,2.0,,2.5,,-1.0,,,"9",,,"9"
"252220030",SZEPIETOWO                    ,"2025","12","16",2.5,,-0.8,,0.3,,-1.0,,,"9",,,"9"
"252220030",SZEPIETOWO                    ,"2025","12","17",3.7,,-1.5,,0.5,,-4.0,,,"9",,,"9"
"252220030",SZEPIETOWO                    ,"2025","12","18",1.0,,-1.0,,-0.5,,-4.0,,0.1,,W,,"9"
"252220030",SZEPIETOWO                    ,"2025","12","19",2.2,,-0.9,,0.6,,-3.0,,0.1,,W,,"9"
"252220030",SZEPIETOWO                    ,"2025","12","20",2.2,,0.6,,1.4,,-1.0,,0.4,,W,,"9"
"252220030",SZEPIETOWO                    ,"2025","12","21",3.7,,1.0,,2.2,,-1.5,,,"9",,,"9"
"252220030",SZEPIETOWO                    ,"2025","12","22",3.9,,1.7,,2.5,,-1.5,,,"9",,,"9"
"252220030",SZEPIETOWO                    ,"2025","12","23",2.2,,-2.6,,-0.6,,-5.0,,0.2,,W,,"9"
"252220030",SZEPIETOWO                    ,"2025","12","24",-2.4,,-8.5,,-6.9,,-13.0,,,"9",,,"9"
"252220030",SZEPIETOWO                    ,"2025","12","25",-4.6,,-11.9,,-9.1,,-15.5,,,"9",,,"9"
"252220030",SZEPIETOWO                    ,"2025","12","26",2.7,,-8.1,,-1.7,,-10.0,,0.4,,W,,"9"
"252220030",SZEPIETOWO                    ,"2025","12","27",2.7,,-0.2,,1.3,,-1.5,,1.0,,W,,"9"
"252220030",SZEPIETOWO                    ,"2025","12","28",2.7,,-0.2,,1.1,,-1.5,,,"9",,,"9"
"252220030",SZEPIETOWO                    ,"2025","12","29",1.3,,-1.5,,-0.6,,-4.5,,,"9",,,"9"
"252220030",SZEPIETOWO                    ,"2025","12","30",-0.7,,-3.4,,-2.7,,-7.0,,3.6,,S,,"9"
"252220030",SZEPIETOWO                    ,"2025","12","31",-3.2,,-11.3,,-8.1,,-17.0,,,"9",,4,
"253140060",GOLENIÓW                      ,"2025","12","01",4.8,,-0.5,,2.0,,,"8",,"9",,,"9"
"253140060",GOLENIÓW                      ,"2025","12","02",3.5,,-1.2,,1.4,,,"8",,"9",,,"9"
"253140060",GOLENIÓW                      ,"2025","12","03",3.6,,2.1,,2.7,,,"8",0.0,,W,,"9"
"253140060",GOLENIÓW                      ,"2025","12","04",4.7,,1.2,,2.5,,,"8",,"9",,,"9"
"253140060",GOLENIÓW                      ,"2025","12","05",5.0,,1.2,,3.5,,,"8",3.4,,W,,"9"
"253140060",GOLENIÓW                      ,"2025","12","06",4.5,,0.9,,2.6,,,"8",0.0,,W,,"9"
"253140060",GOLENIÓW                      ,"2025","12","07",7.4,,2.2,,5.2,,,"8",0.9,,W,,"9"
"253140060",GOLENIÓW                      ,"2025","12","08",11.3,,6.3,,8.5,,,"8",1.0,,W,,"9"
"253140060",GOLENIÓW                      ,"2025","12","09",11.4,,9.2,,10.4,,,"8",0.4,,W,,"9"
"253140060",GOLENIÓW                      ,"2025","12","10",11.7,,9.3,,10.3,,,"8",,"9",,,"9"
"253140060",GOLENIÓW                      ,"2025","12","11",10.8,,7.9,,9.0,,,"8",0.4,,W,,"9"
"253140060",GOLENIÓW                      ,"2025","12","12",8.1,,3.2,,5.3,,,"8",0.0,,W,,"9"
"253140060",GOLENIÓW                      ,"2025","12","13",7.8,,3.1,,5.8,,,"8",0.4,,W,,"9"
"253140060",GOLENIÓW                      ,"2025","12","14",8.1,,3.1,,4.6,,,"8",,"9",,,"9"
"253140060",GOLENIÓW                      ,"2025","12","15",5.3,,1.3,,3.8,,,"8",,"9",,,"9"
"253140060",GOLENIÓW                      ,"2025","12","16",4.3,,-0.2,,1.3,,,"8",,"9",,,"9"
"253140060",GOLENIÓW                      ,"2025","12","17",1.5,,-1.5,,-0.4,,,"8",,"9",,,"9"
"253140060",GOLENIÓW                      ,"2025","12","18",7.6,,-1.7,,3.6,,,"8",,"9",,,"9"
"253140060",GOLENIÓW                      ,"2025","12","19",7.3,,3.2,,5.4,,,"8",1.1,,W,,"9"
"253140060",GOLENIÓW                      ,"2025","12","20",8.3,,2.2,,4.9,,,"8",,"9",,,"9"
"253140060",GOLENIÓW                      ,"2025","12","21",5.3,,1.9,,3.0,,,"8",0.0,,W,,"9"
"253140060",GOLENIÓW                      ,"2025","12","22",2.8,,0.7,,1.5,,,"8",,"9",,,"9"
"253140060",GOLENIÓW                      ,"2025","12","23",4.8,,0.5,,2.1,,,"8",,"9",,,"9"
"253140060",GOLENIÓW                      ,"2025","12","24",1.0,,-5.5,,-3.5,,,"8",,"9",,,"9"
"253140060",GOLENIÓW                      ,"2025","12","25",-4.0,,-10.6,,-8.4,,,"8",,"9",,,"9"
"253140060",GOLENIÓW                      ,"2025","12","26",0.4,,-9.9,,-3.7,,,"8",0.0,,W,,"9"
"253140060",GOLENIÓW                      ,"2025","12","27",4.5,,0.1,,2.2,,,"8",0.0,,W,,"9"
"253140060",GOLENIÓW                      ,"2025","12","28",3.6,,-3.1,,-1.2,,,"8",,"9",,,"9"
"253140060",GOLENIÓW                      ,"2025","12","29",3.7,,-4.0,,1.2,,,"8",0.0,,W,,"9"
"253140060",GOLENIÓW                      ,"2025","12","30",2.4,,-4.2,,-1.5,,,"8",0.5,,S,,"9"
"253140060",GOLENIÓW                      ,"2025","12","31",-0.1,,-6.8,,-3.0,,,"8",1.3,,S,,"9"
"253170210",CHRZ¥STOWO                    ,"2025","12","01",1.7,,-3.3,,-0.1,,-4.8,,0.1,,W,2,
"253170210",CHRZ¥STOWO                    ,"2025","12","02",1.5,,-1.0,,0.3,,-1.3,,0.3,,W,1,
"253170210",CHRZ¥STOWO                    ,"2025","12","03",2.4,,-1.0,,1.0,,-1.2,,0.1,,W,,"9"
"253170210",CHRZ¥STOWO                    ,"2025","12","04",2.7,,-0.6,,1.2,,-0.9,,0.1,,W,,"9"
"253170210",CHRZ¥STOWO                    ,"2025","12","05",5.0,,1.0,,3.4,,-1.5,,1.2,,W,,"9"
"253170210",CHRZ¥STOWO                    ,"2025","12","06",4.8,,1.4,,3.4,,1.4,,,"9",,,"9"
"253170210",CHRZ¥STOWO                    ,"2025","12","07",6.2,,1.7,,4.2,,1.4,,1.2,,W,,"9"
"253170210",CHRZ¥STOWO                    ,"2025","12","08",7.9,,2.7,,5.6,,1.9,,6.6,,W,,"9"
"253170210",CHRZ¥STOWO                    ,"2025","12","09",11.5,,6.4,,9.7,,4.8,,1.1,,W,,"9"
"253170210",CHRZ¥STOWO                    ,"2025","12","10",11.3,,8.4,,9.6,,6.8,,0.3,,W,,"9"
"253170210",CHRZ¥STOWO                    ,"2025","12","11",10.3,,7.9,,8.7,,5.3,,0.1,,W,,"9"
"253170210",CHRZ¥STOWO                    ,"2025","12","12",8.5,,5.6,,6.7,,3.9,,,"9",,,"9"
"253170210",CHRZ¥STOWO                    ,"2025","12","13",5.8,,1.2,,3.7,,1.0,,0.2,,W,,"9"
"253170210",CHRZ¥STOWO                    ,"2025","12","14",6.9,,2.5,,4.4,,0.5,,,"9",,,"9"
"253170210",CHRZ¥STOWO                    ,"2025","12","15",3.6,,1.2,,2.3,,-0.6,,,"9",,,"9"
"253170210",CHRZ¥STOWO                    ,"2025","12","16",2.0,,-2.1,,-0.4,,-3.3,,,"9",,,"9"
"253170210",CHRZ¥STOWO                    ,"2025","12","17",-0.2,,-1.9,,-0.7,,-2.0,,0.1,,W,,"9"
"253170210",CHRZ¥STOWO                    ,"2025","12","18",5.5,,-1.6,,1.9,,-1.9,,0.1,,W,,"9"
"253170210",CHRZ¥STOWO                    ,"2025","12","19",6.8,,-1.4,,2.5,,-2.6,,0.8,,W,,"9"
"253170210",CHRZ¥STOWO                    ,"2025","12","20",6.3,,3.3,,4.7,,1.5,,0.1,,W,,"9"
"253170210",CHRZ¥STOWO                    ,"2025","12","21",4.7,,1.2,,2.7,,0.2,,,"9",,,"9"
"253170210",CHRZ¥STOWO                    ,"2025","12","22",3.0,,0.2,,1.8,,-1.0,,,"9",,,"9"
"253170210",CHRZ¥STOWO                    ,"2025","12","23",3.7,,-0.2,,1.7,,-2.4,,,"9",,,"9"
"253170210",CHRZ¥STOWO                    ,"2025","12","24",0.6,,-7.3,,-4.8,,-10.1,,,"9",,,"9"
"253170210",CHRZ¥STOWO                    ,"2025","12","25",-5.0,,-10.3,,-7.8,,-12.4,,,"9",,,"9"
"253170210",CHRZ¥STOWO                    ,"2025","12","26",-0.5,,-7.8,,-3.5,,-10.2,,0.1,,W,,"9"
"253170210",CHRZ¥STOWO                    ,"2025","12","27",2.0,,-1.5,,0.6,,-2.4,,0.1,,W,,"9"
"253170210",CHRZ¥STOWO                    ,"2025","12","28",2.6,,-1.6,,0.7,,-4.0,,,"9",,,"9"
"253170210",CHRZ¥STOWO                    ,"2025","12","29",2.8,,-3.8,,0.1,,-6.4,,,"9",,,"9"
"253170210",CHRZ¥STOWO                    ,"2025","12","30",1.0,,-3.8,,-2.0,,-7.5,,0.0,,S,,"9"
"253170210",CHRZ¥STOWO                    ,"2025","12","31",-1.3,,-6.0,,-3.5,,-9.4,,0.3,,S,,"9"
"253220330",MARIANOWO II                  ,"2025","12","01",4.2,,0.4,,2.6,,0.6,,,"9",,,"9"
"253220330",MARIANOWO II                  ,"2025","12","02",3.7,,-0.7,,1.5,,-0.7,,,"9",,,"9"
"253220330",MARIANOWO II                  ,"2025","12","03",3.7,,1.8,,2.8,,-0.3,,0.1,,W,,"9"
"253220330",MARIANOWO II                  ,"2025","12","04",5.8,,3.5,,4.6,,3.0,,,"9",,,"9"
"253220330",MARIANOWO II                  ,"2025","12","05",8.6,,3.1,,6.2,,3.1,,,"9",,,"9"
"253220330",MARIANOWO II                  ,"2025","12","06",8.8,,3.4,,5.2,,3.2,,,"9",,,"9"
"253220330",MARIANOWO II                  ,"2025","12","07",3.4,,1.7,,2.3,,1.5,,,"9",,,"9"
"253220330",MARIANOWO II                  ,"2025","12","08",6.6,,1.5,,4.2,,1.5,,6.1,,W,,"9"
"253220330",MARIANOWO II                  ,"2025","12","09",9.9,,6.4,,8.2,,6.1,,1.8,,W,,"9"
"253220330",MARIANOWO II                  ,"2025","12","10",10.5,,7.9,,9.2,,5.8,,1.0,,W,,"9"
"253220330",MARIANOWO II                  ,"2025","12","11",10.9,,8.2,,9.2,,7.4,,,"9",,,"9"
"253220330",MARIANOWO II                  ,"2025","12","12",8.2,,6.7,,7.2,,6.3,,0.6,,W,,"9"
"253220330",MARIANOWO II                  ,"2025","12","13",6.7,,3.8,,4.6,,1.0,,3.2,,W,,"9"
"253220330",MARIANOWO II                  ,"2025","12","14",6.0,,2.9,,4.5,,2.5,,,"9",,,"9"
"253220330",MARIANOWO II                  ,"2025","12","15",4.0,,2.3,,2.8,,1.7,,,"9",,,"9"
"253220330",MARIANOWO II                  ,"2025","12","16",2.4,,1.2,,1.6,,1.0,,,"9",,,"9"
"253220330",MARIANOWO II                  ,"2025","12","17",4.9,,-1.0,,1.5,,-1.4,,,"9",,,"9"
"253220330",MARIANOWO II                  ,"2025","12","18",2.2,,-2.1,,-0.2,,-1.0,,,"9",,,"9"
"253220330",MARIANOWO II                  ,"2025","12","19",2.6,,0.3,,1.3,,-0.8,,,"9",,,"9"
"253220330",MARIANOWO II                  ,"2025","12","20",3.2,,1.5,,2.7,,1.5,,0.7,,W,,"9"
"253220330",MARIANOWO II                  ,"2025","12","21",4.1,,1.5,,2.9,,1.0,,,"9",,,"9"
"253220330",MARIANOWO II                  ,"2025","12","22",4.5,,2.5,,3.1,,1.9,,,"9",,,"9"
"253220330",MARIANOWO II                  ,"2025","12","23",2.8,,-2.7,,-0.4,,-2.8,,0.1,,W,,"9"
"253220330",MARIANOWO II                  ,"2025","12","24",-2.7,,-8.8,,-7.0,,-9.9,,,"9",,,"9"
"253220330",MARIANOWO II                  ,"2025","12","25",-5.1,,-11.1,,-8.5,,-12.5,,,"9",,,"9"
"253220330",MARIANOWO II                  ,"2025","12","26",3.1,,-7.4,,-0.9,,-7.4,,0.1,,W,,"9"
"253220330",MARIANOWO II                  ,"2025","12","27",3.8,,0.7,,2.3,,0.0,,2.2,,W,,"9"
"253220330",MARIANOWO II                  ,"2025","12","28",3.2,,0.0,,1.6,,-0.2,,,"9",,,"9"
"253220330",MARIANOWO II                  ,"2025","12","29",2.2,,-0.9,,0.3,,-2.5,,0.1,,S,,"9"
"253220330",MARIANOWO II                  ,"2025","12","30",0.3,,-3.9,,-2.6,,-5.2,,3.8,,S,1,
"253220330",MARIANOWO II                  ,"2025","12","31",-3.9,,-12.2,,-9.3,,-21.2,,,"9",,10,
"254180090",GDAÑSK-RÊBIECHOWO             ,"2025","12","01",2.6,,-1.4,,0.6,,,"8",,"9",,,"9"
"254180090",GDAÑSK-RÊBIECHOWO             ,"2025","12","02",0.7,,-1.1,,-0.1,,,"8",,"9",,,"9"
"254180090",GDAÑSK-RÊBIECHOWO             ,"2025","12","03",2.3,,0.4,,1.5,,,"8",0.1,,W,,"9"
"254180090",GDAÑSK-RÊBIECHOWO             ,"2025","12","04",3.1,,1.1,,2.3,,,"8",0.0,,W,,"9"
"254180090",GDAÑSK-RÊBIECHOWO             ,"2025","12","05",4.2,,2.0,,3.2,,,"8",0.2,,W,,"9"
"254180090",GDAÑSK-RÊBIECHOWO             ,"2025","12","06",5.7,,3.1,,4.6,,,"8",0.1,,W,,"9"
"254180090",GDAÑSK-RÊBIECHOWO             ,"2025","12","07",5.8,,4.2,,5.1,,,"8",0.0,,W,,"9"
"254180090",GDAÑSK-RÊBIECHOWO             ,"2025","12","08",8.4,,4.8,,6.7,,,"8",1.3,,W,,"9"
"254180090",GDAÑSK-RÊBIECHOWO             ,"2025","12","09",10.7,,6.2,,8.7,,,"8",0.5,,W,,"9"
"254180090",GDAÑSK-RÊBIECHOWO             ,"2025","12","10",11.2,,6.8,,9.5,,,"8",0.2,,W,,"9"
"254180090",GDAÑSK-RÊBIECHOWO             ,"2025","12","11",10.3,,7.6,,8.7,,,"8",0.4,,W,,"9"
"254180090",GDAÑSK-RÊBIECHOWO             ,"2025","12","12",8.1,,5.3,,6.6,,,"8",0.1,,W,,"9"
"254180090",GDAÑSK-RÊBIECHOWO             ,"2025","12","13",6.0,,3.6,,5.1,,,"8",0.0,,W,,"9"
"254180090",GDAÑSK-RÊBIECHOWO             ,"2025","12","14",7.6,,4.8,,5.8,,,"8",,"9",,,"9"
"254180090",GDAÑSK-RÊBIECHOWO             ,"2025","12","15",5.1,,1.6,,2.9,,,"8",0.0,,W,,"9"
"254180090",GDAÑSK-RÊBIECHOWO             ,"2025","12","16",3.8,,0.2,,1.6,,,"8",,"9",,,"9"
"254180090",GDAÑSK-RÊBIECHOWO             ,"2025","12","17",1.4,,-2.4,,-1.3,,,"8",,"9",,,"9"
"254180090",GDAÑSK-RÊBIECHOWO             ,"2025","12","18",5.0,,-3.7,,1.2,,,"8",,"9",,,"9"
"254180090",GDAÑSK-RÊBIECHOWO             ,"2025","12","19",6.9,,2.8,,5.0,,,"8",1.1,,W,,"9"
"254180090",GDAÑSK-RÊBIECHOWO             ,"2025","12","20",6.9,,4.7,,5.7,,,"8",0.0,,W,,"9"
"254180090",GDAÑSK-RÊBIECHOWO             ,"2025","12","21",5.8,,2.2,,3.8,,,"8",,"9",,,"9"
"254180090",GDAÑSK-RÊBIECHOWO             ,"2025","12","22",4.9,,1.3,,3.1,,,"8",3.6,,W,,"9"
"254180090",GDAÑSK-RÊBIECHOWO             ,"2025","12","23",3.4,,0.0,,1.5,,,"8",0.9,,S,,"9"
"254180090",GDAÑSK-RÊBIECHOWO             ,"2025","12","24",0.1,,-7.9,,-5.2,,,"8",,"9",,,"9"
"254180090",GDAÑSK-RÊBIECHOWO             ,"2025","12","25",-3.8,,-10.5,,-7.0,,,"8",,"9",,,"9"
"254180090",GDAÑSK-RÊBIECHOWO             ,"2025","12","26",4.8,,-4.0,,1.8,,,"8",0.0,,W,,"9"
"254180090",GDAÑSK-RÊBIECHOWO             ,"2025","12","27",4.8,,2.7,,3.5,,,"8",0.0,,W,,"9"
"254180090",GDAÑSK-RÊBIECHOWO             ,"2025","12","28",4.4,,-0.3,,1.8,,,"8",,"9",,,"9"
"254180090",GDAÑSK-RÊBIECHOWO             ,"2025","12","29",4.4,,-0.7,,1.4,,,"8",1.1,,S,,"9"
"254180090",GDAÑSK-RÊBIECHOWO             ,"2025","12","30",0.3,,-3.1,,-1.0,,,"8",4.7,,S,2,
"254180090",GDAÑSK-RÊBIECHOWO             ,"2025","12","31",-0.3,,-5.7,,-2.9,,,"8",2.8,,S,7,
"254200080",LIDZBARK WARMIÑSKI            ,"2025","12","01",1.9,,-0.7,,0.6,,-1.8,,,"9",,14,
"254200080",LIDZBARK WARMIÑSKI            ,"2025","12","02",0.9,,-4.2,,-1.4,,-4.9,,,"9",,11,
"254200080",LIDZBARK WARMIÑSKI            ,"2025","12","03",3.4,,0.7,,2.1,,0.7,,0.1,,W,7,
"254200080",LIDZBARK WARMIÑSKI            ,"2025","12","04",4.4,,1.7,,3.2,,2.1,,,"9",,,"9"
"254200080",LIDZBARK WARMIÑSKI            ,"2025","12","05",7.0,,1.7,,4.9,,0.2,,0.2,,W,,"9"
"254200080",LIDZBARK WARMIÑSKI            ,"2025","12","06",8.0,,4.5,,6.4,,5.0,,3.5,,W,,"9"
"254200080",LIDZBARK WARMIÑSKI            ,"2025","12","07",5.9,,2.2,,3.9,,3.1,,0.0,,W,,"9"
"254200080",LIDZBARK WARMIÑSKI            ,"2025","12","08",7.5,,2.6,,5.3,,2.6,,3.2,,W,,"9"
"254200080",LIDZBARK WARMIÑSKI            ,"2025","12","09",11.0,,5.4,,8.8,,5.5,,0.5,,W,,"9"
"254200080",LIDZBARK WARMIÑSKI            ,"2025","12","10",11.0,,5.9,,9.2,,2.1,,0.7,,W,,"9"
"254200080",LIDZBARK WARMIÑSKI            ,"2025","12","11",10.5,,6.4,,8.7,,6.5,,3.1,,W,,"9"
"254200080",LIDZBARK WARMIÑSKI            ,"2025","12","12",9.0,,5.4,,7.3,,5.0,,2.2,,W,,"9"
"254200080",LIDZBARK WARMIÑSKI            ,"2025","12","13",7.0,,2.5,,4.5,,3.1,,3.3,,W,,"9"
"254200080",LIDZBARK WARMIÑSKI            ,"2025","12","14",7.0,,2.2,,5.0,,2.6,,,"9",,,"9"
"254200080",LIDZBARK WARMIÑSKI            ,"2025","12","15",4.9,,1.2,,2.9,,1.1,,,"9",,,"9"
"254200080",LIDZBARK WARMIÑSKI            ,"2025","12","16",2.9,,0.7,,1.9,,0.2,,,"9",,,"9"
"254200080",LIDZBARK WARMIÑSKI            ,"2025","12","17",1.9,,-0.7,,0.6,,-0.3,,,"9",,,"9"
"254200080",LIDZBARK WARMIÑSKI            ,"2025","12","18",2.9,,-2.2,,0.6,,-0.8,,,"9",,,"9"
"254200080",LIDZBARK WARMIÑSKI            ,"2025","12","19",4.4,,1.7,,3.5,,1.6,,0.1,,W,,"9"
"254200080",LIDZBARK WARMIÑSKI            ,"2025","12","20",5.9,,3.1,,4.8,,3.1,,0.9,,W,,"9"
"254200080",LIDZBARK WARMIÑSKI            ,"2025","12","21",5.9,,3.1,,4.2,,0.7,,,"9",,,"9"
"254200080",LIDZBARK WARMIÑSKI            ,"2025","12","22",5.4,,1.2,,3.6,,-0.3,,,"9",,,"9"
"254200080",LIDZBARK WARMIÑSKI            ,"2025","12","23",4.4,,-4.2,,-0.3,,-4.4,,,"9",,,"9"
"254200080",LIDZBARK WARMIÑSKI            ,"2025","12","24",-3.0,,-10.2,,-7.4,,-12.0,,,"9",,,"9"
"254200080",LIDZBARK WARMIÑSKI            ,"2025","12","25",-4.6,,-11.8,,-7.9,,-13.5,,,"9",,,"9"
"254200080",LIDZBARK WARMIÑSKI            ,"2025","12","26",5.4,,-7.3,,0.9,,-6.9,,0.0,,W,,"9"
"254200080",LIDZBARK WARMIÑSKI            ,"2025","12","27",5.4,,1.2,,3.6,,1.1,,0.0,,W,,"9"
"254200080",LIDZBARK WARMIÑSKI            ,"2025","12","28",4.4,,0.7,,2.5,,0.2,,0.2,,S,,"9"
"254200080",LIDZBARK WARMIÑSKI            ,"2025","12","29",4.4,,-2.7,,0.3,,-2.4,,2.5,,S,0,
"254200080",LIDZBARK WARMIÑSKI            ,"2025","12","30",1.4,,-4.2,,-1.9,,-8.5,,5.1,,S,7,
"254200080",LIDZBARK WARMIÑSKI            ,"2025","12","31",-1.6,,-13.3,,-8.0,,-20.9,,1.7,,S,17,
"254220090",OLECKO                        ,"2025","12","01",2.2,,0.8,,1.5,,0.4,,0.3,,W,7,
"254220090",OLECKO                        ,"2025","12","02",3.0,,-0.4,,1.2,,-0.3,,0.2,,W,5,
"254220090",OLECKO                        ,"2025","12","03",2.5,,0.3,,1.6,,0.4,,0.1,,W,,"9"
"254220090",OLECKO                        ,"2025","12","04",5.4,,1.9,,4.0,,2.1,,1.1,,W,,"9"
"254220090",OLECKO                        ,"2025","12","05",7.6,,3.3,,5.7,,2.9,,0.1,,W,,"9"
"254220090",OLECKO                        ,"2025","12","06",7.6,,3.1,,4.7,,2.9,,,"9",,,"9"
"254220090",OLECKO                        ,"2025","12","07",3.3,,0.8,,1.7,,0.9,,,"9",,,"9"
"254220090",OLECKO                        ,"2025","12","08",4.4,,1.0,,2.6,,0.9,,3.4,,W,,"9"
"254220090",OLECKO                        ,"2025","12","09",10.5,,3.9,,7.0,,3.9,,0.7,,W,,"9"
"254220090",OLECKO                        ,"2025","12","10",9.5,,5.8,,7.8,,4.9,,1.0,,W,,"9"
"254220090",OLECKO                        ,"2025","12","11",9.2,,6.9,,7.9,,5.9,,1.8,,W,,"9"
"254220090",OLECKO                        ,"2025","12","12",7.8,,4.9,,6.2,,4.5,,2.8,,W,,"9"
"254220090",OLECKO                        ,"2025","12","13",5.3,,-0.6,,1.5,,-0.1,,4.9,,W,,"9"
"254220090",OLECKO                        ,"2025","12","14",6.6,,0.5,,3.9,,1.1,,,"9",,,"9"
"254220090",OLECKO                        ,"2025","12","15",3.9,,1.3,,2.4,,1.3,,,"9",,,"9"
"254220090",OLECKO                        ,"2025","12","16",1.7,,0.3,,1.0,,0.3,,,"9",,,"9"
"254220090",OLECKO                        ,"2025","12","17",2.2,,-0.6,,0.3,,-1.6,,,"9",,,"9"
"254220090",OLECKO                        ,"2025","12","18",0.6,,-1.7,,-0.8,,-1.3,,,"9",,,"9"
"254220090",OLECKO                        ,"2025","12","19",1.9,,-1.2,,0.8,,-1.1,,,"9",,,"9"
"254220090",OLECKO                        ,"2025","12","20",3.0,,1.3,,2.3,,1.4,,0.9,,W,,"9"
"254220090",OLECKO                        ,"2025","12","21",5.5,,2.9,,4.1,,2.9,,,"9",,,"9"
"254220090",OLECKO                        ,"2025","12","22",4.4,,1.3,,2.5,,0.9,,,"9",,,"9"
"254220090",OLECKO                        ,"2025","12","23",1.9,,-7.0,,-2.7,,-6.8,,,"9",,,"9"
"254220090",OLECKO                        ,"2025","12","24",-4.7,,-8.7,,-7.3,,-9.4,,,"9",,,"9"
"254220090",OLECKO                        ,"2025","12","25",-2.0,,-8.6,,-5.4,,-7.6,,,"9",,,"9"
"254220090",OLECKO                        ,"2025","12","26",4.3,,-6.5,,0.6,,-6.5,,0.2,,W,,"9"
"254220090",OLECKO                        ,"2025","12","27",4.3,,2.2,,3.2,,1.8,,0.2,,W,,"9"
"254220090",OLECKO                        ,"2025","12","28",2.5,,-0.4,,1.0,,-0.1,,2.1,,S,,"9"
"254220090",OLECKO                        ,"2025","12","29",2.1,,-3.2,,-1.0,,-2.9,,3.4,,S,2,
"254220090",OLECKO                        ,"2025","12","30",-2.3,,-5.6,,-4.1,,-8.0,,3.0,,S,7,
"254220090",OLECKO                        ,"2025","12","31",-4.5,,-12.0,,-9.6,,-14.1,,,"9",,12,
