"249180010","PSZCZYNA                      ","2025","01","01",3.7,,-4.0,,-0.2,,-4.7,,,"9",,,"9"
"249180010","PSZCZYNA                      ","2025","01","02",9.1,,-1.5,,3.4,,-8.4,,6.8,,"S",,"9"
"249180010","PSZCZYNA                      ","2025","01","03",1.0,,-3.5,,-1.4,,-3.9,,8.7,,"S",8,
"249180010","PSZCZYNA                      ","2025","01","04",-0.2,,-6.5,,-3.6,,-11.7,,,"9",,8,
"249180010","PSZCZYNA                      ","2025","01","05",3.1,,-10.8,,-3.8,,-15.2,,2.5,,"W",7,
"249180010","PSZCZYNA                      ","2025","01","06",8.0,,-0.2,,3.8,,-10.7,,,"9",,5,
"249180010","PSZCZYNA                      ","2025","01","07",7.3,,0.0,,4.0,,-2.9,,6.1,,"W",3,
"249180010","PSZCZYNA                      ","2025","01","08",3.7,,-1.1,,1.9,,-1.6,,3.7,,"W",,"9"
"249180010","PSZCZYNA                      ","2025","01","09",10.5,,-1.1,,5.1,,-2.5,,4.5,,"W",,"9"
"249180010","PSZCZYNA                      ","2025","01","10",9.8,,-0.9,,2.6,,-1.5,,2.5,,"S",,"9"
"249180010","PSZCZYNA                      ","2025","01","11",0.6,,-2.9,,-1.4,,-2.9,,17.5,,"S",3,
"249180010","PSZCZYNA                      ","2025","01","12",-0.4,,-3.9,,-2.0,,-3.4,,2.2,,"S",12,
"249180010","PSZCZYNA                      ","2025","01","13",-0.3,,-4.0,,-2.1,,-4.9,,,"9",,10,
"249180010","PSZCZYNA                      ","2025","01","14",2.8,,-6.0,,-1.8,,-11.8,,3.9,,"S",10,
"249180010","PSZCZYNA                      ","2025","01","15",1.0,,-3.1,,-0.7,,-9.2,,1.5,,"W",11,
"249180010","PSZCZYNA                      ","2025","01","16",1.6,,-1.5,,0.3,,-2.7,,0.5,,"W",7,
"249180010","PSZCZYNA                      ","2025","01","17",2.8,,-1.9,,-0.1,,-2.1,,,"9",,5,
"249180010","PSZCZYNA                      ","2025","01","18",3.0,,-3.5,,-1.2,,-3.9,,,"9",,4,
"249180010","PSZCZYNA                      ","2025","01","19",2.3,,-3.9,,-1.7,,-3.6,,,"9",,4,
"249180010","PSZCZYNA                      ","2025","01","20",2.7,,-4.3,,-1.4,,-4.9,,,"9",,3,
"249180010","PSZCZYNA                      ","2025","01","21",1.9,,-4.0,,-1.3,,-4.1,,,"9",,3,
"249180010","PSZCZYNA                      ","2025","01","22",4.0,,-3.0,,-0.3,,-4.0,,,"9",,3,
"249180010","PSZCZYNA                      ","2025","01","23",3.0,,-5.7,,-1.2,,-5.6,,,"9",,3,
"249180010","PSZCZYNA                      ","2025","01","24",7.0,,-2.0,,2.2,,-4.4,,,"9",,2,
"249180010","PSZCZYNA                      ","2025","01","25",9.5,,-2.5,,4.4,,-3.9,,,"9",,1,
"249180010","PSZCZYNA                      ","2025","01","26",10.2,,4.4,,6.7,,-0.5,,,"9",,,"9"
"249180010","PSZCZYNA                      ","2025","01","27",12.7,,-1.0,,5.0,,-3.0,,,"9",,,"9"
"249180010","PSZCZYNA                      ","2025","01","28",14.3,,0.7,,7.1,,-2.4,,,"9",,,"9"
"249180010","PSZCZYNA                      ","2025","01","29",10.6,,1.8,,6.4,,-1.4,,,"9",,,"9"
"249180010","PSZCZYNA                      ","2025","01","30",13.9,,-1.5,,4.8,,-2.3,,,"9",,,"9"
"249180010","PSZCZYNA                      ","2025","01","31",6.8,,-2.0,,2.5,,-3.9,,0.5,,"W",,"9"
"249190560","JAB£ONKA                      ","2025","01","01",7.3,,-7.2,,-0.2,,,"8",,"9",,,"9"
"249190560","JAB£ONKA                      ","2025","01","02",8.2,,-1.3,,3.6,,,"8",3.5,,"S",,"9"
"249190560","JAB£ONKA                      ","2025","01","03",3.4,,-4.4,,-1.6,,,"8",4.4,,"S",5,
"249190560","JAB£ONKA                      ","2025","01","04",-2.2,,-9.8,,-6.5,,,"8",0.5,,"S",12,
"249190560","JAB£ONKA                      ","2025","01","05",-3.3,,-16.6,,-9.8,,,"8",1.6,,"S",9,
"249190560","JAB£ONKA                      ","2025","01","06",6.7,,-4.3,,2.3,,,"8",,"9",,8,
"249190560","JAB£ONKA                      ","2025","01","07",7.2,,0.7,,3.9,,,"8",3.5,,"S",2,
"249190560","JAB£ONKA                      ","2025","01","08",3.0,,-1.1,,1.1,,,"8",1.5,,"S",,"9"
"249190560","JAB£ONKA                      ","2025","01","09",7.2,,0.6,,4.4,,,"8",3.0,,"S",,"9"
"249190560","JAB£ONKA                      ","2025","01","10",7.7,,-3.0,,0.4,,,"8",4.2,,"S",0,
"249190560","JAB£ONKA                      ","2025","01","11",-1.3,,-4.2,,-3.1,,,"8",5.5,,"S",7,
"249190560","JAB£ONKA                      ","2025","01","12",-1.3,,-4.7,,-3.0,,,"8",4.6,,"S",17,
"249190560","JAB£ONKA                      ","2025","01","13",-1.6,,-5.0,,-3.4,,,"8",0.1,,"S",22,
"249190560","JAB£ONKA                      ","2025","01","14",-1.4,,-12.5,,-7.4,,,"8",3.0,,"W",17,
"249190560","JAB£ONKA                      ","2025","01","15",0.6,,-5.2,,-2.0,,,"8",1.2,,"W",18,
"249190560","JAB£ONKA                      ","2025","01","16",1.2,,-1.8,,-0.4,,,"8",,"9",,16,
"249190560","JAB£ONKA                      ","2025","01","17",1.6,,-5.1,,-2.6,,,"8",,"9",,14,
"249190560","JAB£ONKA                      ","2025","01","18",-0.4,,-7.4,,-4.9,,,"8",,"9",,12,
"249190560","JAB£ONKA                      ","2025","01","19",-0.4,,-7.7,,-5.2,,,"8",,"9",,12,
"249190560","JAB£ONKA                      ","2025","01","20",-1.0,,-9.2,,-5.9,,,"8",,"9",,12,
"249190560","JAB£ONKA                      ","2025","01","21",0.6,,-7.5,,-3.9,,,"8",0.1,,"S",12,
"249190560","JAB£ONKA                      ","2025","01","22",2.7,,-3.7,,-1.1,,,"8",,"9",,12,
"249190560","JAB£ONKA                      ","2025","01","23",5.2,,-5.6,,-0.3,,,"8",0.2,,"W",12,
"249190560","JAB£ONKA                      ","2025","01","24",4.2,,-3.9,,-1.0,,,"8",,"9",,11,
"249190560","JAB£ONKA                      ","2025","01","25",8.0,,-7.0,,1.0,,,"8",,"9",,10,
"249190560","JAB£ONKA                      ","2025","01","26",8.0,,-1.1,,3.0,,,"8",,"9",,9,
"249190560","JAB£ONKA                      ","2025","01","27",8.1,,-0.8,,2.8,,,"8",,"9",,,"9"
"249190560","JAB£ONKA                      ","2025","01","28",12.7,,-2.7,,4.8,,,"8",,"9",,,"9"
"249190560","JAB£ONKA                      ","2025","01","29",10.7,,2.8,,5.6,,,"8",0.2,,"W",,"9"
"249190560","JAB£ONKA                      ","2025","01","30",10.8,,-5.0,,0.2,,,"8",,"9",,,"9"
"249190560","JAB£ONKA                      ","2025","01","31",8.1,,-6.0,,-1.0,,,"8",,"9",,,"9"
"249190670","POLANA CHOCHO£OWSKA           ","2025","01","01",9.1,,2.1,,6.2,,,"8",,"9",,4,
"249190670","POLANA CHOCHO£OWSKA           ","2025","01","02",8.2,,3.3,,5.4,,,"8",3.4,,"S",3,
"249190670","POLANA CHOCHO£OWSKA           ","2025","01","03",3.7,,-6.4,,-3.2,,,"8",4.1,,"S",7,
"249190670","POLANA CHOCHO£OWSKA           ","2025","01","04",-4.9,,-11.6,,-8.7,,,"8",0.2,,"S",21,
"249190670","POLANA CHOCHO£OWSKA           ","2025","01","05",-0.7,,-13.2,,-6.1,,,"8",4.4,,"S",17,
"249190670","POLANA CHOCHO£OWSKA           ","2025","01","06",11.1,,-4.8,,5.3,,,"8",,"9",,4,
"249190670","POLANA CHOCHO£OWSKA           ","2025","01","07",7.7,,-0.9,,3.1,,,"8",9.1,,"S",2,
"249190670","POLANA CHOCHO£OWSKA           ","2025","01","08",2.9,,-1.8,,1.1,,,"8",2.1,,"S",2,
"249190670","POLANA CHOCHO£OWSKA           ","2025","01","09",7.5,,1.2,,4.8,,,"8",14.8,,"S",,"9"
"249190670","POLANA CHOCHO£OWSKA           ","2025","01","10",5.0,,-6.4,,-2.6,,,"8",6.6,,"S",3,
"249190670","POLANA CHOCHO£OWSKA           ","2025","01","11",-5.6,,-7.9,,-6.6,,,"8",6.1,,"S",12,
"249190670","POLANA CHOCHO£OWSKA           ","2025","01","12",-5.4,,-8.3,,-6.6,,,"8",18.9,,"S",23,
"249190670","POLANA CHOCHO£OWSKA           ","2025","01","13",-5.9,,-10.0,,-7.9,,,"8",0.5,,"S",41,
"249190670","POLANA CHOCHO£OWSKA           ","2025","01","14",1.1,,-10.0,,-5.1,,,"8",2.8,,"S",39,
"249190670","POLANA CHOCHO£OWSKA           ","2025","01","15",-1.9,,-5.8,,-3.4,,,"8",5.4,,"S",39,
"249190670","POLANA CHOCHO£OWSKA           ","2025","01","16",2.1,,-5.8,,-2.9,,,"8",,"9",,40,
"249190670","POLANA CHOCHO£OWSKA           ","2025","01","17",5.1,,-4.9,,-0.9,,,"8",,"9",,35,
"249190670","POLANA CHOCHO£OWSKA           ","2025","01","18",6.4,,-1.3,,1.8,,,"8",,"9",,25,
"249190670","POLANA CHOCHO£OWSKA           ","2025","01","19",7.0,,-0.8,,2.5,,,"8",,"9",,20,
"249190670","POLANA CHOCHO£OWSKA           ","2025","01","20",11.0,,1.1,,4.9,,,"8",,"9",,16,
"249190670","POLANA CHOCHO£OWSKA           ","2025","01","21",6.8,,2.0,,4.2,,,"8",1.8,,"S",14,
"249190670","POLANA CHOCHO£OWSKA           ","2025","01","22",4.0,,-2.4,,0.2,,,"8",,"9",,15,
"249190670","POLANA CHOCHO£OWSKA           ","2025","01","23",6.1,,-3.0,,1.1,,,"8",0.5,,"W",12,
"249190670","POLANA CHOCHO£OWSKA           ","2025","01","24",1.7,,-4.3,,-2.2,,,"8",,"9",,11,
"249190670","POLANA CHOCHO£OWSKA           ","2025","01","25",11.0,,-4.9,,5.0,,,"8",,"9",,9,
"249190670","POLANA CHOCHO£OWSKA           ","2025","01","26",9.0,,2.7,,5.5,,,"8",,"9",,5,
"249190670","POLANA CHOCHO£OWSKA           ","2025","01","27",7.1,,2.3,,4.6,,,"8",,"9",,4,
"249190670","POLANA CHOCHO£OWSKA           ","2025","01","28",8.6,,3.4,,6.8,,,"8",,"9",,3,
"249190670","POLANA CHOCHO£OWSKA           ","2025","01","29",8.2,,1.2,,4.1,,,"8",0.7,,"S",,"9"
"249190670","POLANA CHOCHO£OWSKA           ","2025","01","30",9.3,,-0.1,,3.5,,,"8",,"9",,,"9"
"249190670","POLANA CHOCHO£OWSKA           ","2025","01","31",7.9,,-2.7,,1.8,,,"8",1.1,,"S",,"9"
"249190890","RADZIECHOWY                   ","2025","01","01",9.9,,0.3,,4.6,,-0.9,,,"9",,,"9"
"249190890","RADZIECHOWY                   ","2025","01","02",8.4,,0.3,,3.1,,0.2,,7.3,,"S",,"9"
"249190890","RADZIECHOWY                   ","2025","01","03",1.8,,-2.0,,-0.3,,-5.2,,1.2,,"S",4,
"249190890","RADZIECHOWY                   ","2025","01","04",0.0,,-3.7,,-1.8,,-7.3,,0.1,,"S",4,
"249190890","RADZIECHOWY                   ","2025","01","05",2.0,,-13.0,,-5.9,,-16.0,,1.9,,"S",3,
"249190890","RADZIECHOWY                   ","2025","01","06",8.9,,-0.7,,5.6,,-0.6,,,"9",,,"9"
"249190890","RADZIECHOWY                   ","2025","01","07",9.9,,2.6,,6.3,,2.1,,6.1,,"W",,"9"
"249190890","RADZIECHOWY                   ","2025","01","08",4.4,,1.7,,3.1,,-0.8,,1.9,,"W",,"9"
"249190890","RADZIECHOWY                   ","2025","01","09",11.3,,2.2,,7.7,,1.6,,0.0,,"W",,"9"
"249190890","RADZIECHOWY                   ","2025","01","10",9.9,,-1.2,,2.6,,-2.8,,11.9,,"S",,"9"
"249190890","RADZIECHOWY                   ","2025","01","11",1.0,,-2.7,,-1.5,,-3.3,,3.7,,"S",7,
"249190890","RADZIECHOWY                   ","2025","01","12",0.0,,-2.7,,-1.5,,-5.8,,3.4,,"S",14,
"249190890","RADZIECHOWY                   ","2025","01","13",0.0,,-2.7,,-1.8,,-2.8,,0.0,,"S",17,
"249190890","RADZIECHOWY                   ","2025","01","14",1.8,,-6.5,,-2.7,,-9.3,,0.8,,"S",17,
"249190890","RADZIECHOWY                   ","2025","01","15",0.5,,-2.4,,-0.8,,-3.3,,3.8,,"S",15,
"249190890","RADZIECHOWY                   ","2025","01","16",2.8,,0.1,,1.0,,-1.3,,,"9",,8,
"249190890","RADZIECHOWY                   ","2025","01","17",4.3,,-1.7,,0.5,,-3.2,,,"9",,5,
"249190890","RADZIECHOWY                   ","2025","01","18",4.4,,-6.4,,-2.3,,-7.8,,,"9",,5,
"249190890","RADZIECHOWY                   ","2025","01","19",4.9,,-5.5,,-1.8,,-6.1,,,"9",,3,
"249190890","RADZIECHOWY                   ","2025","01","20",6.9,,-6.4,,-1.4,,-8.6,,,"9",,,"9"
"249190890","RADZIECHOWY                   ","2025","01","21",2.4,,-3.4,,-1.2,,-5.3,,,"9",,,"9"
"249190890","RADZIECHOWY                   ","2025","01","22",5.6,,-2.1,,0.2,,-4.3,,,"9",,,"9"
"249190890","RADZIECHOWY                   ","2025","01","23",7.1,,-4.7,,1.0,,-6.3,,,"9",,,"9"
"249190890","RADZIECHOWY                   ","2025","01","24",5.9,,0.5,,2.2,,-0.8,,,"9",,,"9"
"249190890","RADZIECHOWY                   ","2025","01","25",12.4,,1.5,,6.9,,-0.3,,,"9",,,"9"
"249190890","RADZIECHOWY                   ","2025","01","26",11.4,,7.1,,8.6,,6.0,,,"9",,,"9"
"249190890","RADZIECHOWY                   ","2025","01","27",12.3,,5.3,,8.2,,2.1,,,"9",,,"9"
"249190890","RADZIECHOWY                   ","2025","01","28",15.0,,5.3,,10.2,,2.6,,,"9",,,"9"
"249190890","RADZIECHOWY                   ","2025","01","29",12.4,,5.0,,7.7,,3.8,,,"9",,,"9"
"249190890","RADZIECHOWY                   ","2025","01","30",13.4,,-1.9,,4.8,,-4.2,,,"9",,,"9"
"249190890","RADZIECHOWY                   ","2025","01","31",9.6,,-2.8,,4.0,,-4.8,,1.4,,"W",,"9"
"249200020","£AZY                          ","2025","01","01",8.9,,-3.6,,4.1,,,"8",,"9",,,"9"
"249200020","£AZY                          ","2025","01","02",13.8,,0.6,,6.3,,,"8",5.0,,"S",,"9"
"249200020","£AZY                          ","2025","01","03",2.2,,-0.6,,0.6,,,"8",0.3,,"S",5,
"249200020","£AZY                          ","2025","01","04",1.4,,-4.1,,-2.3,,,"8",,"9",,5,
"249200020","£AZY                          ","2025","01","05",1.0,,-7.5,,-3.1,,,"8",1.1,,"S",4,
"249200020","£AZY                          ","2025","01","06",7.8,,-1.6,,3.9,,,"8",,"9",,4,
"249200020","£AZY                          ","2025","01","07",9.3,,3.1,,5.4,,,"8",6.8,,"W",,"9"
"249200020","£AZY                          ","2025","01","08",5.3,,0.7,,2.6,,,"8",3.5,,"W",,"9"
"249200020","£AZY                          ","2025","01","09",10.8,,-0.4,,6.1,,,"8",6.1,,"W",,"9"
"249200020","£AZY                          ","2025","01","10",10.9,,0.6,,3.8,,,"8",0.3,,"S",,"9"
"249200020","£AZY                          ","2025","01","11",1.6,,-1.4,,-0.2,,,"8",1.1,,"S",1,
"249200020","£AZY                          ","2025","01","12",0.3,,-1.6,,-0.5,,,"8",1.9,,"S",5,
"249200020","£AZY                          ","2025","01","13",-0.1,,-2.3,,-1.4,,,"8",,"9",,8,
"249200020","£AZY                          ","2025","01","14",5.4,,-5.9,,-0.6,,,"8",4.1,,"S",6,
"249200020","£AZY                          ","2025","01","15",3.3,,-1.2,,0.7,,,"8",2.0,,"S",10,
"249200020","£AZY                          ","2025","01","16",1.6,,0.6,,1.0,,,"8",0.0,,"W",5,
"249200020","£AZY                          ","2025","01","17",5.4,,-0.8,,1.6,,,"8",,"9",,2,
"249200020","£AZY                          ","2025","01","18",7.4,,-2.9,,1.3,,,"8",,"9",,,"9"
"249200020","£AZY                          ","2025","01","19",6.8,,-4.7,,-0.7,,,"8",,"9",,,"9"
"249200020","£AZY                          ","2025","01","20",4.0,,-4.9,,-1.5,,,"8",,"9",,,"9"
"249200020","£AZY                          ","2025","01","21",2.5,,-3.4,,-0.6,,,"8",0.2,,"S",,"9"
"249200020","£AZY                          ","2025","01","22",4.8,,-1.2,,0.8,,,"8",0.0,,"W",0,
"249200020","£AZY                          ","2025","01","23",7.7,,-5.7,,-0.1,,,"8",0.8,,"W",,"9"
"249200020","£AZY                          ","2025","01","24",7.1,,-1.7,,1.8,,,"8",,"9",,,"9"
"249200020","£AZY                          ","2025","01","25",11.1,,0.1,,6.2,,,"8",,"9",,,"9"
"249200020","£AZY                          ","2025","01","26",12.8,,3.1,,6.6,,,"8",,"9",,,"9"
"249200020","£AZY                          ","2025","01","27",12.8,,2.2,,6.8,,,"8",,"9",,,"9"
"249200020","£AZY                          ","2025","01","28",13.7,,0.4,,7.9,,,"8",0.0,,"W",,"9"
"249200020","£AZY                          ","2025","01","29",12.7,,2.4,,6.3,,,"8",,"9",,,"9"
"249200020","£AZY                          ","2025","01","30",13.8,,-1.8,,4.5,,,"8",,"9",,,"9"
"249200020","£AZY                          ","2025","01","31",9.4,,-0.8,,3.1,,,"8",0.1,,"W",,"9"
"249200130","JASTRZÊBIA                    ","2025","01","01",3.6,,-1.2,,0.6,,,"8",,"9",,,"9"
"249200130","JASTRZÊBIA                    ","2025","01","02",3.2,,-1.1,,1.0,,,"8",7.3,,"S",,"9"
"249200130","JASTRZÊBIA                    ","2025","01","03",3.4,,-2.2,,0.1,,,"8",1.4,,"S",7,
"249200130","JASTRZÊBIA                    ","2025","01","04",0.5,,-7.5,,-4.4,,,"8",,"9",,8,
"249200130","JASTRZÊBIA                    ","2025","01","05",1.2,,-14.6,,-6.4,,,"8",0.8,,"W",7,
"249200130","JASTRZÊBIA                    ","2025","01","06",5.5,,-1.4,,2.5,,,"8",,"9",,6,
"249200130","JASTRZÊBIA                    ","2025","01","07",8.8,,-0.2,,3.3,,,"8",4.1,,"W",3,
"249200130","JASTRZÊBIA                    ","2025","01","08",3.4,,-2.4,,0.1,,,"8",1.8,,"W",,"9"
"249200130","JASTRZÊBIA                    ","2025","01","09",9.8,,0.0,,5.0,,,"8",3.0,,"W",,"9"
"249200130","JASTRZÊBIA                    ","2025","01","10",10.6,,0.0,,3.4,,,"8",1.6,,"S",,"9"
"249200130","JASTRZÊBIA                    ","2025","01","11",2.6,,-2.8,,-0.2,,,"8",5.8,,"S",1,
"249200130","JASTRZÊBIA                    ","2025","01","12",1.0,,-1.4,,-0.3,,,"8",6.8,,"S",12,
"249200130","JASTRZÊBIA                    ","2025","01","13",0.6,,-2.4,,-1.2,,,"8",,"9",,18,
"249200130","JASTRZÊBIA                    ","2025","01","14",2.4,,-11.0,,-4.7,,,"8",5.1,,"S",16,
"249200130","JASTRZÊBIA                    ","2025","01","15",2.1,,-1.8,,0.5,,,"8",4.8,,"S",15,
"249200130","JASTRZÊBIA                    ","2025","01","16",2.2,,0.8,,1.4,,,"8",,"9",,11,
"249200130","JASTRZÊBIA                    ","2025","01","17",6.8,,-1.8,,0.6,,,"8",,"9",,9,
"249200130","JASTRZÊBIA                    ","2025","01","18",6.5,,-5.8,,-1.6,,,"8",,"9",,8,
"249200130","JASTRZÊBIA                    ","2025","01","19",5.4,,-7.0,,-2.8,,,"8",,"9",,8,
"249200130","JASTRZÊBIA                    ","2025","01","20",4.6,,-7.4,,-2.7,,,"8",,"9",,8,
"249200130","JASTRZÊBIA                    ","2025","01","21",3.2,,-3.4,,-0.7,,,"8",1.4,,"S",7,
"249200130","JASTRZÊBIA                    ","2025","01","22",4.2,,-0.2,,1.2,,,"8",,"9",,7,
"249200130","JASTRZÊBIA                    ","2025","01","23",5.6,,-0.8,,1.4,,,"8",1.2,,"W",6,
"249200130","JASTRZÊBIA                    ","2025","01","24",7.5,,-2.5,,0.7,,,"8",,"9",,4,
"249200130","JASTRZÊBIA                    ","2025","01","25",7.2,,-4.4,,2.5,,,"8",,"9",,,"9"
"249200130","JASTRZÊBIA                    ","2025","01","26",11.5,,2.0,,5.7,,,"8",,"9",,,"9"
"249200130","JASTRZÊBIA                    ","2025","01","27",11.2,,-2.1,,3.7,,,"8",,"9",,,"9"
"249200130","JASTRZÊBIA                    ","2025","01","28",15.1,,-0.8,,6.1,,,"8",,"9",,,"9"
"249200130","JASTRZÊBIA                    ","2025","01","29",13.4,,2.8,,6.4,,,"8",,"9",,,"9"
"249200130","JASTRZÊBIA                    ","2025","01","30",14.4,,-3.6,,2.1,,,"8",,"9",,,"9"
"249200130","JASTRZÊBIA                    ","2025","01","31",12.1,,-3.0,,2.4,,,"8",,"9",,,"9"
"249200180","LIMANOWA                      ","2025","01","01",11.7,,-3.6,,4.2,,-5.3,,,"9",,,"9"
"249200180","LIMANOWA                      ","2025","01","02",12.3,,1.0,,6.3,,0.3,,7.9,,"S",,"9"
"249200180","LIMANOWA                      ","2025","01","03",1.0,,-2.7,,-1.3,,-3.6,,8.2,,"S",10,
"249200180","LIMANOWA                      ","2025","01","04",-1.3,,-5.5,,-4.0,,-9.8,,0.2,,"S",13,
"249200180","LIMANOWA                      ","2025","01","05",0.0,,-8.7,,-4.6,,-13.5,,0.5,,"S",11,
"249200180","LIMANOWA                      ","2025","01","06",6.4,,-3.1,,2.6,,-3.2,,,"9",,9,
"249200180","LIMANOWA                      ","2025","01","07",8.9,,1.0,,4.7,,-0.8,,4.4,,"W",7,
"249200180","LIMANOWA                      ","2025","01","08",4.8,,0.5,,2.1,,-1.1,,1.3,,"W",5,
"249200180","LIMANOWA                      ","2025","01","09",9.9,,0.1,,5.9,,-0.7,,2.2,,"S",4,
"249200180","LIMANOWA                      ","2025","01","10",7.9,,-1.1,,1.8,,-1.7,,1.4,,"S",0,
"249200180","LIMANOWA                      ","2025","01","11",0.4,,-3.6,,-2.1,,-3.4,,10.1,,"S",4,
"249200180","LIMANOWA                      ","2025","01","12",-1.5,,-3.7,,-2.4,,-3.3,,14.6,,"S",11,
"249200180","LIMANOWA                      ","2025","01","13",-1.8,,-4.5,,-3.3,,-3.3,,5.1,,"S",17,
"249200180","LIMANOWA                      ","2025","01","14",2.9,,-7.1,,-2.2,,-10.9,,2.9,,"S",16,
"249200180","LIMANOWA                      ","2025","01","15",1.8,,-2.4,,-0.6,,-2.3,,5.1,,"S",17,
"249200180","LIMANOWA                      ","2025","01","16",1.4,,-0.6,,0.2,,-0.1,,,"9",,17,
"249200180","LIMANOWA                      ","2025","01","17",7.3,,-3.9,,0.8,,-6.2,,,"9",,15,
"249200180","LIMANOWA                      ","2025","01","18",9.7,,-1.2,,3.2,,-4.9,,,"9",,15,
"249200180","LIMANOWA                      ","2025","01","19",7.3,,-0.7,,2.3,,-3.1,,,"9",,15,
"249200180","LIMANOWA                      ","2025","01","20",7.8,,-0.3,,2.3,,-2.6,,,"9",,14,
"249200180","LIMANOWA                      ","2025","01","21",3.5,,-0.8,,1.3,,-1.7,,1.0,,"S",13,
"249200180","LIMANOWA                      ","2025","01","22",3.4,,-0.7,,0.8,,-3.0,,0.3,,"S",13,
"249200180","LIMANOWA                      ","2025","01","23",6.2,,-2.3,,1.3,,-6.4,,0.5,,"W",13,
"249200180","LIMANOWA                      ","2025","01","24",5.7,,0.0,,1.9,,-3.7,,,"9",,12,
"249200180","LIMANOWA                      ","2025","01","25",6.6,,-0.5,,3.3,,-5.0,,,"9",,11,
"249200180","LIMANOWA                      ","2025","01","26",11.2,,2.9,,5.9,,1.1,,,"9",,10,
"249200180","LIMANOWA                      ","2025","01","27",10.2,,3.2,,6.0,,0.3,,,"9",,9,
"249200180","LIMANOWA                      ","2025","01","28",12.0,,4.4,,8.5,,0.1,,0.2,,"W",7,
"249200180","LIMANOWA                      ","2025","01","29",11.5,,3.9,,7.0,,0.3,,,"9",,,"9"
"249200180","LIMANOWA                      ","2025","01","30",11.6,,1.9,,5.7,,-2.3,,,"9",,,"9"
"249200180","LIMANOWA                      ","2025","01","31",10.7,,0.9,,3.9,,-1.5,,,"9",,,"9"
"249200260","£¥CKO                         ","2025","01","01",11.1,,-6.1,,2.6,,,"8",,"9",,,"9"
"249200260","£¥CKO                         ","2025","01","02",12.3,,-3.6,,2.2,,,"8",5.1,,"S",,"9"
"249200260","£¥CKO                         ","2025","01","03",3.4,,-2.6,,-0.3,,,"8",1.0,,"S",6,
"249200260","£¥CKO                         ","2025","01","04",0.5,,-6.8,,-3.9,,,"8",,"9",,8,
"249200260","£¥CKO                         ","2025","01","05",2.0,,-14.4,,-6.7,,,"8",0.4,,"W",7,
"249200260","£¥CKO                         ","2025","01","06",7.9,,-1.6,,3.3,,,"8",,"9",,4,
"249200260","£¥CKO                         ","2025","01","07",8.6,,0.9,,3.8,,,"8",3.6,,"W",,"9"
"249200260","£¥CKO                         ","2025","01","08",6.4,,-0.6,,2.0,,,"8",0.1,,"W",,"9"
"249200260","£¥CKO                         ","2025","01","09",10.3,,-1.0,,6.5,,,"8",1.9,,"S",,"9"
"249200260","£¥CKO                         ","2025","01","10",10.9,,0.4,,3.4,,,"8",0.1,,"S",,"9"
"249200260","£¥CKO                         ","2025","01","11",1.8,,-2.0,,-0.7,,,"8",4.5,,"S",0,
"249200260","£¥CKO                         ","2025","01","12",0.5,,-2.3,,-0.8,,,"8",6.3,,"S",7,
"249200260","£¥CKO                         ","2025","01","13",-0.2,,-2.7,,-1.8,,,"8",0.3,,"S",18,
"249200260","£¥CKO                         ","2025","01","14",1.5,,-7.7,,-3.4,,,"8",1.2,,"S",14,
"249200260","£¥CKO                         ","2025","01","15",2.5,,-1.0,,0.4,,,"8",0.2,,"S",12,
"249200260","£¥CKO                         ","2025","01","16",3.9,,-0.1,,1.4,,,"8",0.0,,"W",8,
"249200260","£¥CKO                         ","2025","01","17",3.4,,-2.8,,-0.1,,,"8",,"9",,5,
"249200260","£¥CKO                         ","2025","01","18",5.4,,-3.6,,-0.3,,,"8",,"9",,4,
"249200260","£¥CKO                         ","2025","01","19",6.3,,-4.0,,-0.7,,,"8",,"9",,4,
"249200260","£¥CKO                         ","2025","01","20",5.9,,-5.3,,-1.1,,,"8",,"9",,3,
"249200260","£¥CKO                         ","2025","01","21",4.4,,-2.0,,0.7,,,"8",1.0,,"W",3,
"249200260","£¥CKO                         ","2025","01","22",4.4,,-1.0,,0.6,,,"8",,"9",,3,
"249200260","£¥CKO                         ","2025","01","23",7.5,,-3.8,,2.1,,,"8",0.3,,"W",2,
"249200260","£¥CKO                         ","2025","01","24",6.4,,-1.8,,1.0,,,"8",,"9",,,"9"
"249200260","£¥CKO                         ","2025","01","25",10.3,,-2.0,,4.2,,,"8",,"9",,,"9"
"249200260","£¥CKO                         ","2025","01","26",12.3,,4.2,,8.4,,,"8",,"9",,,"9"
"249200260","£¥CKO                         ","2025","01","27",11.4,,-1.1,,4.2,,,"8",,"9",,,"9"
"249200260","£¥CKO                         ","2025","01","28",15.0,,0.4,,7.0,,,"8",,"9",,,"9"
"249200260","£¥CKO                         ","2025","01","29",11.8,,1.3,,5.0,,,"8",,"9",,,"9"
"249200260","£¥CKO                         ","2025","01","30",13.3,,-2.8,,2.6,,,"8",,"9",,,"9"
"249200260","£¥CKO                         ","2025","01","31",11.8,,-1.8,,3.4,,,"8",,"9",,,"9"
"249200370","KROŒCIENKO                    ","2025","01","01",3.8,,-6.7,,-2.6,,,"8",,"9",,2,
"249200370","KROŒCIENKO                    ","2025","01","02",2.3,,-6.7,,-2.4,,,"8",3.2,,"S",2,
"249200370","KROŒCIENKO                    ","2025","01","03",2.5,,-1.8,,-0.7,,,"8",1.7,,"S",8,
"249200370","KROŒCIENKO                    ","2025","01","04",-0.9,,-7.4,,-5.2,,,"8",0.2,,"S",12,
"249200370","KROŒCIENKO                    ","2025","01","05",0.7,,-14.4,,-7.4,,,"8",1.4,,"S",13,
"249200370","KROŒCIENKO                    ","2025","01","06",7.2,,-2.1,,1.8,,,"8",,"9",,10,
"249200370","KROŒCIENKO                    ","2025","01","07",7.3,,-1.2,,2.0,,,"8",4.5,,"W",8,
"249200370","KROŒCIENKO                    ","2025","01","08",6.0,,-1.8,,1.5,,,"8",0.2,,"W",6,
"249200370","KROŒCIENKO                    ","2025","01","09",9.6,,-0.3,,4.9,,,"8",3.0,,"S",4,
"249200370","KROŒCIENKO                    ","2025","01","10",9.5,,-0.4,,2.5,,,"8",4.3,,"S",,"9"
"249200370","KROŒCIENKO                    ","2025","01","11",0.9,,-3.2,,-1.6,,,"8",6.0,,"S",6,
"249200370","KROŒCIENKO                    ","2025","01","12",-0.9,,-2.8,,-1.6,,,"8",5.6,,"S",23,
"249200370","KROŒCIENKO                    ","2025","01","13",-1.3,,-2.8,,-2.2,,,"8",0.0,,"S",30,
"249200370","KROŒCIENKO                    ","2025","01","14",-0.7,,-8.8,,-4.9,,,"8",2.7,,"S",27,
"249200370","KROŒCIENKO                    ","2025","01","15",1.2,,-3.3,,-0.8,,,"8",2.3,,"S",23,
"249200370","KROŒCIENKO                    ","2025","01","16",1.8,,0.0,,0.7,,,"8",,"9",,21,
"249200370","KROŒCIENKO                    ","2025","01","17",0.8,,-2.2,,-1.1,,,"8",,"9",,17,
"249200370","KROŒCIENKO                    ","2025","01","18",2.3,,-6.2,,-3.3,,,"8",,"9",,17,
"249200370","KROŒCIENKO                    ","2025","01","19",2.6,,-3.6,,-1.9,,,"8",,"9",,16,
"249200370","KROŒCIENKO                    ","2025","01","20",2.0,,-6.8,,-3.6,,,"8",,"9",,15,
"249200370","KROŒCIENKO                    ","2025","01","21",2.3,,-3.9,,-1.1,,,"8",1.9,,"S",15,
"249200370","KROŒCIENKO                    ","2025","01","22",4.7,,0.2,,1.8,,,"8",1.9,,"S",16,
"249200370","KROŒCIENKO                    ","2025","01","23",6.6,,-0.8,,1.9,,,"8",0.2,,"W",14,
"249200370","KROŒCIENKO                    ","2025","01","24",5.8,,-1.5,,0.9,,,"8",,"9",,13,
"249200370","KROŒCIENKO                    ","2025","01","25",7.5,,-3.0,,2.6,,,"8",,"9",,11,
"249200370","KROŒCIENKO                    ","2025","01","26",11.0,,2.5,,6.2,,,"8",,"9",,7,
"249200370","KROŒCIENKO                    ","2025","01","27",9.7,,-1.0,,5.7,,,"8",,"9",,4,
"249200370","KROŒCIENKO                    ","2025","01","28",13.5,,1.2,,6.7,,,"8",,"9",,,"9"
"249200370","KROŒCIENKO                    ","2025","01","29",10.2,,2.0,,4.2,,,"8",,"9",,,"9"
"249200370","KROŒCIENKO                    ","2025","01","30",13.2,,-2.8,,2.4,,,"8",,"9",,,"9"
"249200370","KROŒCIENKO                    ","2025","01","31",10.0,,-3.0,,1.7,,,"8",,"9",,,"9"
"249200420","NIEDZICA                      ","2025","01","01",2.3,,-9.8,,-4.9,,,"8",,"9",,,"9"
"249200420","NIEDZICA                      ","2025","01","02",11.6,,-9.0,,-0.3,,,"8",4.8,,"S",,"9"
"249200420","NIEDZICA                      ","2025","01","03",4.7,,-2.6,,-0.5,,,"8",0.8,,"S",9,
"249200420","NIEDZICA                      ","2025","01","04",-1.0,,-6.3,,-4.7,,,"8",0.5,,"S",10,
"249200420","NIEDZICA                      ","2025","01","05",-1.2,,-15.2,,-8.2,,,"8",0.6,,"S",9,
"249200420","NIEDZICA                      ","2025","01","06",5.9,,-3.0,,0.4,,,"8",,"9",,9,
"249200420","NIEDZICA                      ","2025","01","07",3.8,,-2.6,,0.5,,,"8",2.7,,"W",7,
"249200420","NIEDZICA                      ","2025","01","08",3.3,,-1.8,,0.4,,,"8",0.2,,"W",5,
"249200420","NIEDZICA                      ","2025","01","09",6.2,,-0.7,,2.5,,,"8",4.4,,"S",4,
"249200420","NIEDZICA                      ","2025","01","10",7.0,,-1.8,,1.0,,,"8",4.6,,"S",5,
"249200420","NIEDZICA                      ","2025","01","11",1.0,,-3.7,,-2.0,,,"8",2.2,,"S",12,
"249200420","NIEDZICA                      ","2025","01","12",-0.9,,-3.0,,-2.1,,,"8",7.0,,"S",18,
"249200420","NIEDZICA                      ","2025","01","13",-2.0,,-3.4,,-2.8,,,"8",,"9",,32,
"249200420","NIEDZICA                      ","2025","01","14",-1.0,,-11.3,,-6.6,,,"8",2.9,,"S",25,
"249200420","NIEDZICA                      ","2025","01","15",1.0,,-5.0,,-1.6,,,"8",0.8,,"S",27,
"249200420","NIEDZICA                      ","2025","01","16",1.0,,-1.1,,-0.3,,,"8",,"9",,22,
"249200420","NIEDZICA                      ","2025","01","17",0.6,,-2.9,,-1.9,,,"8",,"9",,19,
"249200420","NIEDZICA                      ","2025","01","18",1.7,,-7.0,,-3.8,,,"8",,"9",,17,
"249200420","NIEDZICA                      ","2025","01","19",0.6,,-4.9,,-3.1,,,"8",,"9",,17,
"249200420","NIEDZICA                      ","2025","01","20",0.2,,-7.2,,-4.4,,,"8",,"9",,17,
"249200420","NIEDZICA                      ","2025","01","21",0.4,,-6.1,,-2.9,,,"8",0.8,,"S",16,
"249200420","NIEDZICA                      ","2025","01","22",3.4,,-0.8,,0.7,,,"8",0.2,,"S",15,
"249200420","NIEDZICA                      ","2025","01","23",5.3,,-3.2,,0.1,,,"8",0.3,,"W",14,
"249200420","NIEDZICA                      ","2025","01","24",5.6,,-1.5,,0.9,,,"8",,"9",,12,
"249200420","NIEDZICA                      ","2025","01","25",7.2,,-4.6,,1.4,,,"8",,"9",,10,
"249200420","NIEDZICA                      ","2025","01","26",8.7,,-0.6,,3.5,,,"8",,"9",,7,
"249200420","NIEDZICA                      ","2025","01","27",8.6,,-1.1,,2.9,,,"8",,"9",,6,
"249200420","NIEDZICA                      ","2025","01","28",13.6,,-1.6,,5.0,,,"8",,"9",,5,
"249200420","NIEDZICA                      ","2025","01","29",9.7,,2.1,,4.1,,,"8",,"9",,,"9"
"249200420","NIEDZICA                      ","2025","01","30",12.0,,-3.3,,2.2,,,"8",,"9",,,"9"
"249200420","NIEDZICA                      ","2025","01","31",8.2,,-3.6,,0.7,,,"8",,"9",,,"9"
"249200480","BUKOWINA TATRZAÑSKA           ","2025","01","01",11.1,,-3.4,,1.2,,,"8",,"9",,5,
"249200480","BUKOWINA TATRZAÑSKA           ","2025","01","02",10.2,,0.1,,5.9,,,"8",4.8,,"S",5,
"249200480","BUKOWINA TATRZAÑSKA           ","2025","01","03",4.8,,-5.0,,-1.9,,,"8",1.9,,"S",11,
"249200480","BUKOWINA TATRZAÑSKA           ","2025","01","04",-3.5,,-8.4,,-6.7,,,"8",0.1,,"S",14,
"249200480","BUKOWINA TATRZAÑSKA           ","2025","01","05",-2.5,,-10.1,,-6.7,,,"8",1.8,,"S",12,
"249200480","BUKOWINA TATRZAÑSKA           ","2025","01","06",3.2,,-5.0,,-0.3,,,"8",,"9",,11,
"249200480","BUKOWINA TATRZAÑSKA           ","2025","01","07",8.1,,0.3,,4.0,,,"8",3.9,,"S",9,
"249200480","BUKOWINA TATRZAÑSKA           ","2025","01","08",5.4,,-0.7,,2.1,,,"8",,"9",,10,
"249200480","BUKOWINA TATRZAÑSKA           ","2025","01","09",8.4,,-0.6,,5.1,,,"8",2.6,,"S",8,
"249200480","BUKOWINA TATRZAÑSKA           ","2025","01","10",8.1,,-3.7,,-0.3,,,"8",3.5,,"S",6,
"249200480","BUKOWINA TATRZAÑSKA           ","2025","01","11",-2.5,,-5.7,,-4.6,,,"8",2.8,,"S",10,
"249200480","BUKOWINA TATRZAÑSKA           ","2025","01","12",-4.1,,-6.0,,-4.9,,,"8",11.8,,"S",16,
"249200480","BUKOWINA TATRZAÑSKA           ","2025","01","13",-4.6,,-6.7,,-5.7,,,"8",1.7,,"S",34,
"249200480","BUKOWINA TATRZAÑSKA           ","2025","01","14",1.1,,-7.1,,-3.6,,,"8",2.9,,"S",35,
"249200480","BUKOWINA TATRZAÑSKA           ","2025","01","15",0.4,,-2.8,,-1.8,,,"8",0.8,,"S",35,
"249200480","BUKOWINA TATRZAÑSKA           ","2025","01","16",-1.6,,-4.0,,-3.0,,,"8",0.0,,"S",34,
"249200480","BUKOWINA TATRZAÑSKA           ","2025","01","17",5.5,,-6.0,,-0.8,,,"8",,"9",,32,
"249200480","BUKOWINA TATRZAÑSKA           ","2025","01","18",9.0,,0.5,,3.7,,,"8",,"9",,29,
"249200480","BUKOWINA TATRZAÑSKA           ","2025","01","19",11.0,,2.3,,5.5,,,"8",,"9",,25,
"249200480","BUKOWINA TATRZAÑSKA           ","2025","01","20",8.2,,2.1,,4.1,,,"8",,"9",,22,
"249200480","BUKOWINA TATRZAÑSKA           ","2025","01","21",5.0,,1.5,,3.2,,,"8",0.5,,"S",22,
"249200480","BUKOWINA TATRZAÑSKA           ","2025","01","22",3.7,,-0.1,,1.1,,,"8",0.3,,"S",21,
"249200480","BUKOWINA TATRZAÑSKA           ","2025","01","23",4.2,,-3.6,,-0.4,,,"8",1.2,,"S",20,
"249200480","BUKOWINA TATRZAÑSKA           ","2025","01","24",2.4,,-1.6,,-0.3,,,"8",,"9",,21,
"249200480","BUKOWINA TATRZAÑSKA           ","2025","01","25",7.5,,-2.8,,2.1,,,"8",,"9",,18,
"249200480","BUKOWINA TATRZAÑSKA           ","2025","01","26",10.5,,0.3,,4.6,,,"8",,"9",,16,
"249200480","BUKOWINA TATRZAÑSKA           ","2025","01","27",8.6,,1.4,,4.1,,,"8",,"9",,16,
"249200480","BUKOWINA TATRZAÑSKA           ","2025","01","28",11.5,,1.1,,6.1,,,"8",0.2,,"W",14,
"249200480","BUKOWINA TATRZAÑSKA           ","2025","01","29",10.7,,2.3,,5.4,,,"8",,"9",,8,
"249200480","BUKOWINA TATRZAÑSKA           ","2025","01","30",10.0,,0.3,,3.9,,,"8",,"9",,6,
"249200480","BUKOWINA TATRZAÑSKA           ","2025","01","31",6.9,,-1.1,,1.4,,,"8",1.4,,"W",4,
"249200550","DOLINA PIÊCIU STAWÓW          ","2025","01","01",3.8,,-0.2,,1.7,,,"8",,"9",,34,
"249200550","DOLINA PIÊCIU STAWÓW          ","2025","01","02",2.6,,-1.7,,0.2,,,"8",5.5,,"S",33,
"249200550","DOLINA PIÊCIU STAWÓW          ","2025","01","03",-0.7,,-10.3,,-7.8,,,"8",4.7,,"S",37,
"249200550","DOLINA PIÊCIU STAWÓW          ","2025","01","04",-9.1,,-13.2,,-11.8,,,"8",0.5,,"S",47,
"249200550","DOLINA PIÊCIU STAWÓW          ","2025","01","05",-1.0,,-13.7,,-6.9,,,"8",5.3,,"S",47,
"249200550","DOLINA PIÊCIU STAWÓW          ","2025","01","06",6.8,,-1.6,,2.4,,,"8",1.4,,"W",43,
"249200550","DOLINA PIÊCIU STAWÓW          ","2025","01","07",4.3,,-2.2,,0.4,,,"8",7.3,,"S",37,
"249200550","DOLINA PIÊCIU STAWÓW          ","2025","01","08",-1.5,,-6.2,,-3.6,,,"8",3.5,,"S",39,
"249200550","DOLINA PIÊCIU STAWÓW          ","2025","01","09",3.3,,-3.2,,0.8,,,"8",13.8,,"S",37,
"249200550","DOLINA PIÊCIU STAWÓW          ","2025","01","10",1.4,,-10.2,,-6.5,,,"8",7.7,,"S",40,
"249200550","DOLINA PIÊCIU STAWÓW          ","2025","01","11",-9.3,,-11.6,,-10.5,,,"8",16.8,,"S",56,
"249200550","DOLINA PIÊCIU STAWÓW          ","2025","01","12",-8.9,,-11.6,,-10.2,,,"8",16.9,,"S",74,
"249200550","DOLINA PIÊCIU STAWÓW          ","2025","01","13",-7.4,,-11.2,,-9.3,,,"8",0.0,,"S",122,
"249200550","DOLINA PIÊCIU STAWÓW          ","2025","01","14",-2.3,,-10.2,,-5.5,,,"8",5.1,,"S",120,
"249200550","DOLINA PIÊCIU STAWÓW          ","2025","01","15",-1.8,,-7.0,,-5.1,,,"8",1.8,,"S",126,
"249200550","DOLINA PIÊCIU STAWÓW          ","2025","01","16",-1.8,,-7.5,,-4.4,,,"8",,"9",,115,
"249200550","DOLINA PIÊCIU STAWÓW          ","2025","01","17",4.4,,-4.4,,-0.1,,,"8",,"9",,113,
"249200550","DOLINA PIÊCIU STAWÓW          ","2025","01","18",6.0,,-0.2,,3.6,,,"8",,"9",,110,
"249200550","DOLINA PIÊCIU STAWÓW          ","2025","01","19",6.0,,0.3,,3.6,,,"8",,"9",,107,
"249200550","DOLINA PIÊCIU STAWÓW          ","2025","01","20",7.1,,2.4,,4.4,,,"8",,"9",,102,
"249200550","DOLINA PIÊCIU STAWÓW          ","2025","01","21",6.0,,-1.3,,1.4,,,"8",3.4,,"S",99,
"249200550","DOLINA PIÊCIU STAWÓW          ","2025","01","22",-0.2,,-4.7,,-3.1,,,"8",0.0,,"S",100,
"249200550","DOLINA PIÊCIU STAWÓW          ","2025","01","23",2.9,,-6.2,,-2.1,,,"8",0.7,,"S",98,
"249200550","DOLINA PIÊCIU STAWÓW          ","2025","01","24",0.3,,-6.7,,-3.4,,,"8",0.0,,"S",97,
"249200550","DOLINA PIÊCIU STAWÓW          ","2025","01","25",6.5,,-4.0,,2.5,,,"8",,"9",,95,
"249200550","DOLINA PIÊCIU STAWÓW          ","2025","01","26",4.8,,-0.9,,1.8,,,"8",,"9",,91,
"249200550","DOLINA PIÊCIU STAWÓW          ","2025","01","27",1.9,,-2.2,,0.0,,,"8",,"9",,87,
"249200550","DOLINA PIÊCIU STAWÓW          ","2025","01","28",4.4,,-1.2,,2.7,,,"8",12.7,,"S",83,
"249200550","DOLINA PIÊCIU STAWÓW          ","2025","01","29",4.8,,-2.7,,-0.1,,,"8",0.3,,"S",79,
"249200550","DOLINA PIÊCIU STAWÓW          ","2025","01","30",2.3,,-2.2,,-0.2,,,"8",,"9",,77,
"249200550","DOLINA PIÊCIU STAWÓW          ","2025","01","31",1.8,,-5.7,,-2.4,,,"8",,"9",,75,
"249200920","PIWNICZNA                     ","2025","01","01",-0.8,,-2.8,,-2.0,,,"8",,"9",,3,
"249200920","PIWNICZNA                     ","2025","01","02",-1.4,,-4.7,,-3.3,,,"8",3.5,,"S",3,
"249200920","PIWNICZNA                     ","2025","01","03",3.1,,-4.5,,-1.5,,,"8",0.8,,"S",5,
"249200920","PIWNICZNA                     ","2025","01","04",-0.2,,-7.8,,-5.4,,,"8",0.0,,"S",6,
"249200920","PIWNICZNA                     ","2025","01","05",0.1,,-13.7,,-7.3,,,"8",1.5,,"S",6,
"249200920","PIWNICZNA                     ","2025","01","06",4.9,,-2.5,,1.7,,,"8",,"9",,7,
"249200920","PIWNICZNA                     ","2025","01","07",10.9,,0.8,,4.2,,,"8",6.8,,"W",6,
"249200920","PIWNICZNA                     ","2025","01","08",6.1,,-0.7,,1.8,,,"8",0.7,,"W",2,
"249200920","PIWNICZNA                     ","2025","01","09",9.1,,-0.5,,4.7,,,"8",1.4,,"S",2,
"249200920","PIWNICZNA                     ","2025","01","10",9.5,,-0.4,,2.8,,,"8",0.4,,"S",0,
"249200920","PIWNICZNA                     ","2025","01","11",2.3,,-2.4,,-0.7,,,"8",1.1,,"S",0,
"249200920","PIWNICZNA                     ","2025","01","12",0.5,,-1.9,,-0.6,,,"8",5.1,,"S",2,
"249200920","PIWNICZNA                     ","2025","01","13",-0.4,,-2.9,,-1.7,,,"8",,"9",,9,
"249200920","PIWNICZNA                     ","2025","01","14",1.7,,-10.5,,-5.0,,,"8",2.7,,"S",9,
"249200920","PIWNICZNA                     ","2025","01","15",1.1,,-2.6,,-0.7,,,"8",7.1,,"S",10,
"249200920","PIWNICZNA                     ","2025","01","16",2.6,,0.1,,0.9,,,"8",,"9",,10,
"249200920","PIWNICZNA                     ","2025","01","17",4.1,,-3.3,,-0.8,,,"8",,"9",,9,
"249200920","PIWNICZNA                     ","2025","01","18",5.1,,-4.2,,-1.1,,,"8",,"9",,9,
"249200920","PIWNICZNA                     ","2025","01","19",4.1,,-3.9,,-1.0,,,"8",,"9",,8,
"249200920","PIWNICZNA                     ","2025","01","20",0.7,,-4.9,,-2.8,,,"8",,"9",,8,
"249200920","PIWNICZNA                     ","2025","01","21",2.9,,-3.6,,-0.9,,,"8",0.7,,"S",6,
"249200920","PIWNICZNA                     ","2025","01","22",2.7,,0.0,,0.9,,,"8",0.0,,"S",6,
"249200920","PIWNICZNA                     ","2025","01","23",3.4,,-0.5,,1.1,,,"8",1.6,,"W",6,
"249200920","PIWNICZNA                     ","2025","01","24",5.2,,-1.6,,0.8,,,"8",,"9",,5,
"249200920","PIWNICZNA                     ","2025","01","25",6.3,,-1.8,,2.6,,,"8",,"9",,5,
"249200920","PIWNICZNA                     ","2025","01","26",10.1,,2.1,,5.0,,,"8",,"9",,3,
"249200920","PIWNICZNA                     ","2025","01","27",9.9,,-0.3,,4.9,,,"8",,"9",,,"9"
"249200920","PIWNICZNA                     ","2025","01","28",14.4,,0.3,,7.0,,,"8",0.4,,"W",,"9"
"249200920","PIWNICZNA                     ","2025","01","29",12.1,,1.4,,4.4,,,"8",,"9",,,"9"
"249200920","PIWNICZNA                     ","2025","01","30",13.3,,-3.2,,2.0,,,"8",,"9",,,"9"
"249200920","PIWNICZNA                     ","2025","01","31",12.1,,-1.4,,3.2,,,"8",,"9",,,"9"
"249200930","PORONIN                       ","2025","01","01",11.6,,-10.1,,-2.1,,,"8",,"9",,5,
"249200930","PORONIN                       ","2025","01","02",10.5,,-2.7,,5.7,,,"8",5.8,,"S",4,
"249200930","PORONIN                       ","2025","01","03",6.1,,-3.8,,-0.9,,,"8",3.1,,"S",9,
"249200930","PORONIN                       ","2025","01","04",-2.7,,-10.6,,-7.5,,,"8",0.4,,"S",15,
"249200930","PORONIN                       ","2025","01","05",-0.9,,-17.6,,-9.7,,,"8",2.8,,"S",15,
"249200930","PORONIN                       ","2025","01","06",3.5,,-4.8,,-0.5,,,"8",0.1,,"S",13,
"249200930","PORONIN                       ","2025","01","07",5.7,,-3.2,,1.1,,,"8",4.6,,"S",12,
"249200930","PORONIN                       ","2025","01","08",6.1,,-1.1,,2.0,,,"8",,"9",,11,
"249200930","PORONIN                       ","2025","01","09",7.7,,-2.2,,3.1,,,"8",3.8,,"S",7,
"249200930","PORONIN                       ","2025","01","10",8.5,,-2.7,,0.5,,,"8",2.5,,"S",6,
"249200930","PORONIN                       ","2025","01","11",-1.9,,-4.8,,-3.7,,,"8",2.5,,"S",10,
"249200930","PORONIN                       ","2025","01","12",-1.7,,-4.8,,-3.5,,,"8",11.2,,"S",15,
"249200930","PORONIN                       ","2025","01","13",-3.6,,-6.3,,-5.0,,,"8",1.0,,"S",27,
"249200930","PORONIN                       ","2025","01","14",2.5,,-14.7,,-7.2,,,"8",2.4,,"S",25,
"249200930","PORONIN                       ","2025","01","15",0.9,,-5.3,,-1.9,,,"8",1.3,,"S",23,
"249200930","PORONIN                       ","2025","01","16",-1.1,,-4.8,,-2.7,,,"8",,"9",,22,
"249200930","PORONIN                       ","2025","01","17",3.7,,-12.3,,-5.6,,,"8",,"9",,20,
"249200930","PORONIN                       ","2025","01","18",7.9,,-7.9,,-2.5,,,"8",,"9",,20,
"249200930","PORONIN                       ","2025","01","19",6.5,,-7.9,,-2.8,,,"8",,"9",,19,
"249200930","PORONIN                       ","2025","01","20",5.9,,-8.4,,-2.8,,,"8",,"9",,18,
"249200930","PORONIN                       ","2025","01","21",4.3,,-3.7,,-0.3,,,"8",1.4,,"W",17,
"249200930","PORONIN                       ","2025","01","22",4.6,,-1.1,,0.9,,,"8",0.3,,"W",15,
"249200930","PORONIN                       ","2025","01","23",3.9,,-4.8,,-0.7,,,"8",0.9,,"S",15,
"249200930","PORONIN                       ","2025","01","24",3.6,,-4.3,,-1.0,,,"8",,"9",,15,
"249200930","PORONIN                       ","2025","01","25",7.1,,-8.4,,-1.1,,,"8",,"9",,15,
"249200930","PORONIN                       ","2025","01","26",10.5,,-2.7,,4.3,,,"8",0.3,,"W",14,
"249200930","PORONIN                       ","2025","01","27",9.3,,-0.1,,4.1,,,"8",,"9",,12,
"249200930","PORONIN                       ","2025","01","28",11.1,,-2.4,,4.4,,,"8",0.6,,"W",10,
"249200930","PORONIN                       ","2025","01","29",11.1,,1.3,,4.5,,,"8",,"9",,6,
"249200930","PORONIN                       ","2025","01","30",10.1,,-3.7,,0.8,,,"8",,"9",,5,
"249200930","PORONIN                       ","2025","01","31",8.2,,-4.3,,0.4,,,"8",2.0,,"S",,"9"
"249200980","MSZANA DOLNA                  ","2025","01","01",9.8,,1.4,,5.8,,,"8",,"9",,,"9"
"249200980","MSZANA DOLNA                  ","2025","01","02",11.6,,2.0,,6.1,,,"8",5.4,,"S",,"9"
"249200980","MSZANA DOLNA                  ","2025","01","03",2.0,,-2.2,,-0.6,,,"8",3.7,,"S",6,
"249200980","MSZANA DOLNA                  ","2025","01","04",0.3,,-7.1,,-4.3,,,"8",0.2,,"S",10,
"249200980","MSZANA DOLNA                  ","2025","01","05",-0.3,,-11.5,,-6.0,,,"8",1.6,,"W",10,
"249200980","MSZANA DOLNA                  ","2025","01","06",9.0,,-1.4,,5.5,,,"8",,"9",,2,
"249200980","MSZANA DOLNA                  ","2025","01","07",10.0,,1.8,,5.4,,,"8",7.3,,"W",,"9"
"249200980","MSZANA DOLNA                  ","2025","01","08",5.1,,-0.1,,2.2,,,"8",3.4,,"W",,"9"
"249200980","MSZANA DOLNA                  ","2025","01","09",10.8,,0.6,,6.4,,,"8",3.2,,"W",,"9"
"249200980","MSZANA DOLNA                  ","2025","01","10",10.3,,-0.6,,2.7,,,"8",1.9,,"S",,"9"
"249200980","MSZANA DOLNA                  ","2025","01","11",0.7,,-3.2,,-1.8,,,"8",5.2,,"S",5,
"249200980","MSZANA DOLNA                  ","2025","01","12",-0.2,,-3.1,,-1.8,,,"8",10.4,,"S",18,
"249200980","MSZANA DOLNA                  ","2025","01","13",-1.4,,-4.1,,-2.7,,,"8",,"9",,25,
"249200980","MSZANA DOLNA                  ","2025","01","14",2.8,,-8.4,,-3.2,,,"8",1.6,,"S",20,
"249200980","MSZANA DOLNA                  ","2025","01","15",1.8,,-1.9,,-0.4,,,"8",3.2,,"S",17,
"249200980","MSZANA DOLNA                  ","2025","01","16",1.1,,-0.2,,0.3,,,"8",,"9",,13,
"249200980","MSZANA DOLNA                  ","2025","01","17",4.1,,-4.1,,-1.3,,,"8",,"9",,13,
"249200980","MSZANA DOLNA                  ","2025","01","18",6.2,,-6.0,,-1.6,,,"8",,"9",,7,
"249200980","MSZANA DOLNA                  ","2025","01","19",7.2,,-5.8,,-1.5,,,"8",,"9",,7,
"249200980","MSZANA DOLNA                  ","2025","01","20",8.2,,-5.8,,-0.8,,,"8",,"9",,7,
"249200980","MSZANA DOLNA                  ","2025","01","21",2.8,,-2.4,,-0.4,,,"8",,"9",,6,
"249200980","MSZANA DOLNA                  ","2025","01","22",5.9,,-1.5,,0.7,,,"8",,"9",,6,
"249200980","MSZANA DOLNA                  ","2025","01","23",7.2,,-3.6,,1.4,,,"8",,"9",,5,
"249200980","MSZANA DOLNA                  ","2025","01","24",5.7,,-1.4,,1.1,,,"8",,"9",,4,
"249200980","MSZANA DOLNA                  ","2025","01","25",9.9,,-0.4,,5.4,,,"8",,"9",,4,
"249200980","MSZANA DOLNA                  ","2025","01","26",11.2,,0.4,,4.7,,,"8",,"9",,,"9"
"249200980","MSZANA DOLNA                  ","2025","01","27",11.4,,0.3,,4.8,,,"8",,"9",,,"9"
"249200980","MSZANA DOLNA                  ","2025","01","28",15.2,,-0.2,,6.9,,,"8",,"9",,,"9"
"249200980","MSZANA DOLNA                  ","2025","01","29",11.1,,4.6,,7.0,,,"8",,"9",,,"9"
"249200980","MSZANA DOLNA                  ","2025","01","30",13.2,,-2.5,,2.7,,,"8",,"9",,,"9"
"249200980","MSZANA DOLNA                  ","2025","01","31",10.4,,-2.6,,1.8,,,"8",0.2,,"W",,"9"
"249220150","SOLINA-JAWOR                  ","2025","01","01",5.1,,-5.3,,-0.1,,-9.3,,,"9",,3,
"249220150","SOLINA-JAWOR                  ","2025","01","02",4.3,,0.8,,2.1,,-2.2,,2.3,,"S",3,
"249220150","SOLINA-JAWOR                  ","2025","01","03",1.8,,-2.9,,-0.8,,-4.5,,1.1,,"S",4,
"249220150","SOLINA-JAWOR                  ","2025","01","04",-0.1,,-5.3,,-3.6,,-8.6,,1.2,,"S",6,
"249220150","SOLINA-JAWOR                  ","2025","01","05",-1.3,,-9.5,,-4.1,,-13.4,,2.1,,"W",9,
"249220150","SOLINA-JAWOR                  ","2025","01","06",8.5,,-2.0,,4.5,,-3.4,,0.8,,"W",4,
"249220150","SOLINA-JAWOR                  ","2025","01","07",10.8,,7.4,,8.9,,5.9,,9.7,,"S",,"9"
"249220150","SOLINA-JAWOR                  ","2025","01","08",9.8,,-0.8,,4.3,,-2.6,,0.1,,"W",3,
"249220150","SOLINA-JAWOR                  ","2025","01","09",8.7,,0.8,,6.2,,-0.5,,2.9,,"W",,"9"
"249220150","SOLINA-JAWOR                  ","2025","01","10",9.5,,-1.0,,2.2,,-2.5,,7.5,,"S",,"9"
"249220150","SOLINA-JAWOR                  ","2025","01","11",-0.2,,-3.2,,-1.6,,-7.0,,3.9,,"S",12,
"249220150","SOLINA-JAWOR                  ","2025","01","12",-0.9,,-3.5,,-2.2,,-5.0,,9.6,,"S",18,
"249220150","SOLINA-JAWOR                  ","2025","01","13",-1.2,,-3.4,,-2.6,,-4.0,,2.2,,"S",24,
"249220150","SOLINA-JAWOR                  ","2025","01","14",-0.5,,-7.6,,-4.0,,-10.8,,0.4,,"S",24,
"249220150","SOLINA-JAWOR                  ","2025","01","15",-1.4,,-3.4,,-2.5,,-3.4,,6.4,,"S",22,
"249220150","SOLINA-JAWOR                  ","2025","01","16",0.6,,-2.9,,-1.0,,-2.9,,0.5,,"S",26,
"249220150","SOLINA-JAWOR                  ","2025","01","17",3.4,,-2.3,,-0.5,,-7.3,,,"9",,20,
"249220150","SOLINA-JAWOR                  ","2025","01","18",5.4,,-5.2,,-1.3,,-8.6,,,"9",,16,
"249220150","SOLINA-JAWOR                  ","2025","01","19",5.5,,-6.5,,-2.0,,-10.0,,,"9",,15,
"249220150","SOLINA-JAWOR                  ","2025","01","20",8.0,,-4.1,,0.2,,-8.2,,,"9",,15,
"249220150","SOLINA-JAWOR                  ","2025","01","21",4.4,,-1.6,,1.1,,-5.3,,0.2,,"S",15,
"249220150","SOLINA-JAWOR                  ","2025","01","22",3.4,,-1.6,,0.8,,-3.4,,0.3,,"S",14,
"249220150","SOLINA-JAWOR                  ","2025","01","23",4.6,,0.0,,2.6,,-1.6,,1.7,,"W",13,
"249220150","SOLINA-JAWOR                  ","2025","01","24",4.6,,-1.3,,0.8,,-2.9,,0.8,,"W",10,
"249220150","SOLINA-JAWOR                  ","2025","01","25",5.4,,-2.9,,2.6,,-4.8,,,"9",,8,
"249220150","SOLINA-JAWOR                  ","2025","01","26",8.4,,3.8,,6.4,,2.0,,,"9",,6,
"249220150","SOLINA-JAWOR                  ","2025","01","27",10.3,,6.4,,8.4,,4.3,,,"9",,,"9"
"249220150","SOLINA-JAWOR                  ","2025","01","28",13.5,,8.4,,11.3,,6.4,,0.1,,"W",,"9"
"249220150","SOLINA-JAWOR                  ","2025","01","29",13.3,,7.5,,9.5,,5.4,,,"9",,,"9"
"249220150","SOLINA-JAWOR                  ","2025","01","30",12.9,,1.1,,5.2,,-1.5,,,"9",,,"9"
"249220150","SOLINA-JAWOR                  ","2025","01","31",11.6,,-0.5,,5.4,,-3.6,,1.0,,"W",,"9"
"249220180","KOMAÑCZA                      ","2025","01","01",-1.3,,-4.0,,-2.6,,,"8",,"9",,5,
"249220180","KOMAÑCZA                      ","2025","01","02",-0.3,,-3.0,,-1.5,,,"8",0.6,,"S",4,
"249220180","KOMAÑCZA                      ","2025","01","03",0.7,,-4.0,,-2.1,,,"8",1.1,,"S",5,
"249220180","KOMAÑCZA                      ","2025","01","04",-0.3,,-10.8,,-6.9,,,"8",0.2,,"S",8,
"249220180","KOMAÑCZA                      ","2025","01","05",-2.4,,-11.7,,-5.3,,,"8",2.7,,"S",8,
"249220180","KOMAÑCZA                      ","2025","01","06",7.3,,-2.7,,3.0,,,"8",0.6,,"W",9,
"249220180","KOMAÑCZA                      ","2025","01","07",8.3,,5.9,,6.9,,,"8",10.2,,"S",,"9"
"249220180","KOMAÑCZA                      ","2025","01","08",8.8,,-0.5,,4.0,,,"8",0.5,,"S",,"9"
"249220180","KOMAÑCZA                      ","2025","01","09",7.8,,4.1,,6.2,,,"8",4.0,,"S",,"9"
"249220180","KOMAÑCZA                      ","2025","01","10",8.8,,-1.0,,1.9,,,"8",8.3,,"S",1,
"249220180","KOMAÑCZA                      ","2025","01","11",0.2,,-4.0,,-2.1,,,"8",6.9,,"S",11,
"249220180","KOMAÑCZA                      ","2025","01","12",-0.3,,-4.0,,-2.1,,,"8",9.6,,"S",22,
"249220180","KOMAÑCZA                      ","2025","01","13",0.7,,-3.5,,-2.0,,,"8",,"9",,28,
"249220180","KOMAÑCZA                      ","2025","01","14",-1.3,,-8.0,,-4.4,,,"8",0.4,,"S",26,
"249220180","KOMAÑCZA                      ","2025","01","15",-1.7,,-4.0,,-3.2,,,"8",4.0,,"S",20,
"249220180","KOMAÑCZA                      ","2025","01","16",1.1,,-3.0,,-0.7,,,"8",0.5,,"S",21,
"249220180","KOMAÑCZA                      ","2025","01","17",0.7,,-1.8,,-0.9,,,"8",,"9",,18,
"249220180","KOMAÑCZA                      ","2025","01","18",-0.3,,-3.0,,-2.3,,,"8",,"9",,16,
"249220180","KOMAÑCZA                      ","2025","01","19",1.7,,-5.2,,-3.3,,,"8",,"9",,15,
"249220180","KOMAÑCZA                      ","2025","01","20",2.2,,-9.9,,-4.7,,,"8",,"9",,15,
"249220180","KOMAÑCZA                      ","2025","01","21",3.7,,-4.0,,0.0,,,"8",,"9",,14,
"249220180","KOMAÑCZA                      ","2025","01","22",1.7,,-1.0,,0.0,,,"8",,"9",,13,
"249220180","KOMAÑCZA                      ","2025","01","23",3.7,,-1.0,,1.2,,,"8",1.7,,"W",12,
"249220180","KOMAÑCZA                      ","2025","01","24",4.9,,-1.2,,0.8,,,"8",,"9",,10,
"249220180","KOMAÑCZA                      ","2025","01","25",3.7,,-3.0,,1.5,,,"8",,"9",,8,
"249220180","KOMAÑCZA                      ","2025","01","26",6.3,,1.9,,4.6,,,"8",,"9",,5,
"249220180","KOMAÑCZA                      ","2025","01","27",8.8,,2.9,,6.1,,,"8",0.1,,"W",,"9"
"249220180","KOMAÑCZA                      ","2025","01","28",10.9,,7.1,,9.3,,,"8",1.6,,"W",,"9"
"249220180","KOMAÑCZA                      ","2025","01","29",12.8,,5.4,,8.0,,,"8",,"9",,,"9"
"249220180","KOMAÑCZA                      ","2025","01","30",12.8,,-1.0,,3.0,,,"8",,"9",,,"9"
"249220180","KOMAÑCZA                      ","2025","01","31",11.3,,-3.0,,4.2,,,"8",0.9,,"W",,"9"
"250180580","DRONIOWICE                    ","2025","01","01",2.5,,-2.2,,0.1,,-2.8,,,"9",,,"9"
"250180580","DRONIOWICE                    ","2025","01","02",4.8,,-2.2,,1.6,,-0.3,,1.3,,"S",,"9"
"250180580","DRONIOWICE                    ","2025","01","03",1.2,,-0.7,,0.1,,-1.6,,1.8,,"S",1,
"250180580","DRONIOWICE                    ","2025","01","04",0.2,,-5.0,,-2.9,,-7.4,,0.7,,"S",4,
"250180580","DRONIOWICE                    ","2025","01","05",-1.0,,-8.3,,-4.8,,-8.5,,1.9,,"S",4,
"250180580","DRONIOWICE                    ","2025","01","06",8.2,,-2.0,,4.1,,-2.2,,0.0,,"W",3,
"250180580","DRONIOWICE                    ","2025","01","07",7.0,,3.5,,5.1,,2.9,,2.2,,"W",,"9"
"250180580","DRONIOWICE                    ","2025","01","08",3.8,,0.8,,1.9,,-0.2,,4.3,,"S",,"9"
"250180580","DRONIOWICE                    ","2025","01","09",8.3,,-0.4,,4.6,,-1.2,,6.1,,"W",,"9"
"250180580","DRONIOWICE                    ","2025","01","10",9.0,,-0.4,,2.4,,-0.6,,3.3,,"S",,"9"
"250180580","DRONIOWICE                    ","2025","01","11",0.7,,-2.2,,-1.0,,-2.3,,4.8,,"S",9,
"250180580","DRONIOWICE                    ","2025","01","12",0.0,,-2.2,,-1.1,,-2.2,,2.9,,"S",21,
"250180580","DRONIOWICE                    ","2025","01","13",-0.5,,-6.0,,-3.4,,-0.5,,,"9",,20,
"250180580","DRONIOWICE                    ","2025","01","14",1.5,,-7.2,,-2.5,,-0.8,,4.5,,"S",18,
"250180580","DRONIOWICE                    ","2025","01","15",2.0,,-0.7,,0.8,,-0.5,,0.9,,"W",21,
"250180580","DRONIOWICE                    ","2025","01","16",2.7,,0.2,,1.0,,-0.3,,0.1,,"W",15,
"250180580","DRONIOWICE                    ","2025","01","17",4.4,,-0.4,,1.0,,-0.4,,,"9",,10,
"250180580","DRONIOWICE                    ","2025","01","18",6.0,,-3.3,,-0.6,,-1.7,,,"9",,8,
"250180580","DRONIOWICE                    ","2025","01","19",6.8,,-4.8,,-0.9,,-2.4,,,"9",,7,
"250180580","DRONIOWICE                    ","2025","01","20",6.5,,-1.5,,1.1,,-2.0,,,"9",,4,
"250180580","DRONIOWICE                    ","2025","01","21",2.5,,-2.4,,-0.3,,-1.7,,,"9",,4,
"250180580","DRONIOWICE                    ","2025","01","22",7.0,,-1.2,,1.2,,-1.6,,,"9",,4,
"250180580","DRONIOWICE                    ","2025","01","23",4.1,,-2.3,,0.5,,-1.9,,1.3,,"W",4,
"250180580","DRONIOWICE                    ","2025","01","24",6.5,,0.1,,2.1,,-0.9,,,"9",,3,
"250180580","DRONIOWICE                    ","2025","01","25",9.7,,1.5,,5.5,,-0.9,,,"9",,,"9"
"250180580","DRONIOWICE                    ","2025","01","26",9.2,,1.7,,4.7,,0.2,,0.0,,"W",,"9"
"250180580","DRONIOWICE                    ","2025","01","27",12.2,,0.5,,6.0,,-1.1,,,"9",,,"9"
"250180580","DRONIOWICE                    ","2025","01","28",13.1,,1.6,,7.5,,-0.2,,0.0,,"W",,"9"
"250180580","DRONIOWICE                    ","2025","01","29",11.4,,5.3,,7.5,,4.0,,,"9",,,"9"
"250180580","DRONIOWICE                    ","2025","01","30",12.7,,-0.8,,4.4,,-2.0,,,"9",,,"9"
"250180580","DRONIOWICE                    ","2025","01","31",6.1,,0.4,,2.4,,-1.1,,0.8,,"W",,"9"
"250190390","KRAKÓW-OBSERWATORIUM          ","2025","01","01",5.7,,-2.8,,0.7,,-6.3,,,"9",,,"9"
"250190390","KRAKÓW-OBSERWATORIUM          ","2025","01","02",11.3,,0.7,,5.1,,-3.9,,6.1,,"S",,"9"
"250190390","KRAKÓW-OBSERWATORIUM          ","2025","01","03",2.5,,-0.2,,0.8,,-3.8,,3.1,,"S",2,
"250190390","KRAKÓW-OBSERWATORIUM          ","2025","01","04",0.8,,-4.2,,-2.6,,-8.8,,0.0,,"S",6,
"250190390","KRAKÓW-OBSERWATORIUM          ","2025","01","05",0.0,,-8.1,,-4.0,,-13.1,,1.4,,"S",5,
"250190390","KRAKÓW-OBSERWATORIUM          ","2025","01","06",6.6,,-0.5,,1.9,,-4.2,,,"9",,4,
"250190390","KRAKÓW-OBSERWATORIUM          ","2025","01","07",5.5,,-0.3,,2.1,,-3.6,,5.5,,"W",2,
"250190390","KRAKÓW-OBSERWATORIUM          ","2025","01","08",4.9,,0.0,,1.9,,-3.7,,2.7,,"W",,"9"
"250190390","KRAKÓW-OBSERWATORIUM          ","2025","01","09",9.1,,0.0,,4.6,,-2.7,,5.3,,"W",,"9"
"250190390","KRAKÓW-OBSERWATORIUM          ","2025","01","10",10.7,,1.0,,4.0,,-1.6,,0.8,,"S",,"9"
"250190390","KRAKÓW-OBSERWATORIUM          ","2025","01","11",1.4,,-1.6,,-0.5,,-2.2,,5.5,,"S",3,
"250190390","KRAKÓW-OBSERWATORIUM          ","2025","01","12",0.9,,-1.4,,-0.1,,-2.7,,3.2,,"S",10,
"250190390","KRAKÓW-OBSERWATORIUM          ","2025","01","13",0.3,,-1.5,,-0.9,,-3.7,,,"9",,14,
"250190390","KRAKÓW-OBSERWATORIUM          ","2025","01","14",0.9,,-2.9,,-1.2,,-5.3,,6.0,,"S",9,
"250190390","KRAKÓW-OBSERWATORIUM          ","2025","01","15",2.1,,-0.3,,0.7,,-3.2,,3.0,,"S",12,
"250190390","KRAKÓW-OBSERWATORIUM          ","2025","01","16",1.8,,0.5,,1.1,,-0.9,,0.2,,"W",8,
"250190390","KRAKÓW-OBSERWATORIUM          ","2025","01","17",5.4,,1.0,,2.3,,-0.9,,,"9",,4,
"250190390","KRAKÓW-OBSERWATORIUM          ","2025","01","18",6.2,,-1.3,,1.4,,-3.8,,,"9",,2,
"250190390","KRAKÓW-OBSERWATORIUM          ","2025","01","19",7.4,,-3.0,,0.4,,-4.3,,,"9",,,"9"
"250190390","KRAKÓW-OBSERWATORIUM          ","2025","01","20",4.3,,-4.1,,-1.3,,-5.7,,0.0,,"W",,"9"
"250190390","KRAKÓW-OBSERWATORIUM          ","2025","01","21",2.5,,-2.3,,-0.4,,-4.5,,,"9",,,"9"
"250190390","KRAKÓW-OBSERWATORIUM          ","2025","01","22",4.6,,-0.4,,1.0,,-2.7,,,"9",,,"9"
"250190390","KRAKÓW-OBSERWATORIUM          ","2025","01","23",2.0,,-1.8,,-0.2,,-3.7,,0.3,,"W",,"9"
"250190390","KRAKÓW-OBSERWATORIUM          ","2025","01","24",7.8,,0.1,,2.2,,-3.7,,,"9",,,"9"
"250190390","KRAKÓW-OBSERWATORIUM          ","2025","01","25",12.7,,-0.8,,5.0,,-4.2,,,"9",,,"9"
"250190390","KRAKÓW-OBSERWATORIUM          ","2025","01","26",12.5,,1.4,,5.8,,-2.3,,,"9",,,"9"
"250190390","KRAKÓW-OBSERWATORIUM          ","2025","01","27",15.2,,0.4,,5.8,,-2.8,,,"9",,,"9"
"250190390","KRAKÓW-OBSERWATORIUM          ","2025","01","28",13.9,,0.8,,6.4,,-2.3,,0.0,,"W",,"9"
"250190390","KRAKÓW-OBSERWATORIUM          ","2025","01","29",12.8,,4.0,,7.7,,0.1,,,"9",,,"9"
"250190390","KRAKÓW-OBSERWATORIUM          ","2025","01","30",14.9,,0.2,,5.5,,-3.4,,,"9",,,"9"
"250190390","KRAKÓW-OBSERWATORIUM          ","2025","01","31",9.1,,-1.0,,2.3,,-3.9,,0.0,,"W",,"9"
"250210050","ŒWIÊTY KRZY¯                  ","2025","01","01",2.7,,-1.0,,0.9,,-1.6,,,"9",,,"8"
"250210050","ŒWIÊTY KRZY¯                  ","2025","01","02",6.8,,-0.3,,2.9,,-0.6,,2.6,,"W",,"8"
"250210050","ŒWIÊTY KRZY¯                  ","2025","01","03",-0.3,,-2.7,,-1.8,,-2.9,,1.4,,"W",,"8"
"250210050","ŒWIÊTY KRZY¯                  ","2025","01","04",-2.4,,-6.7,,-5.3,,-9.3,,1.6,,"W",,"8"
"250210050","ŒWIÊTY KRZY¯                  ","2025","01","05",-4.3,,-7.2,,-5.4,,-9.2,,2.3,,"W",,"8"
"250210050","ŒWIÊTY KRZY¯                  ","2025","01","06",2.1,,-4.6,,-0.2,,-4.7,,,"9",,,"8"
"250210050","ŒWIÊTY KRZY¯                  ","2025","01","07",6.2,,1.8,,3.4,,1.5,,4.1,,"W",,"8"
"250210050","ŒWIÊTY KRZY¯                  ","2025","01","08",1.9,,-0.9,,0.2,,-1.3,,4.8,,"W",,"8"
"250210050","ŒWIÊTY KRZY¯                  ","2025","01","09",4.4,,-0.8,,1.9,,-1.5,,3.1,,"W",,"8"
"250210050","ŒWIÊTY KRZY¯                  ","2025","01","10",5.5,,-2.0,,0.1,,-2.1,,2.1,,"W",,"8"
"250210050","ŒWIÊTY KRZY¯                  ","2025","01","11",-1.9,,-3.6,,-2.9,,-3.4,,4.9,,"W",,"8"
"250210050","ŒWIÊTY KRZY¯                  ","2025","01","12",-1.4,,-3.9,,-2.6,,-3.6,,3.0,,"W",,"8"
"250210050","ŒWIÊTY KRZY¯                  ","2025","01","13",-2.3,,-4.3,,-3.7,,-1.8,,,"9",,,"8"
"250210050","ŒWIÊTY KRZY¯                  ","2025","01","14",-1.9,,-6.2,,-4.0,,-3.1,,2.9,,"W",,"8"
"250210050","ŒWIÊTY KRZY¯                  ","2025","01","15",-0.1,,-3.2,,-1.2,,-1.8,,,"9",,,"8"
"250210050","ŒWIÊTY KRZY¯                  ","2025","01","16",-0.2,,-1.6,,-1.2,,-0.5,,,"9",,,"8"
"250210050","ŒWIÊTY KRZY¯                  ","2025","01","17",1.5,,-1.6,,0.0,,-1.1,,,"9",,,"8"
"250210050","ŒWIÊTY KRZY¯                  ","2025","01","18",7.2,,-0.1,,4.2,,-1.3,,,"9",,,"8"
"250210050","ŒWIÊTY KRZY¯                  ","2025","01","19",7.8,,-1.6,,3.8,,-2.7,,,"9",,,"8"
"250210050","ŒWIÊTY KRZY¯                  ","2025","01","20",8.2,,1.5,,4.6,,-2.3,,,"9",,,"8"
"250210050","ŒWIÊTY KRZY¯                  ","2025","01","21",9.3,,1.5,,5.4,,-1.8,,0.2,,"W",,"8"
"250210050","ŒWIÊTY KRZY¯                  ","2025","01","22",3.7,,-0.5,,0.8,,-0.7,,,"9",,,"8"
"250210050","ŒWIÊTY KRZY¯                  ","2025","01","23",1.5,,-2.6,,-0.6,,-2.6,,,"9",,,"8"
"250210050","ŒWIÊTY KRZY¯                  ","2025","01","24",2.7,,-0.2,,0.8,,-1.4,,,"9",,,"8"
"250210050","ŒWIÊTY KRZY¯                  ","2025","01","25",5.0,,-0.6,,2.1,,-0.9,,,"9",,,"8"
"250210050","ŒWIÊTY KRZY¯                  ","2025","01","26",6.4,,1.6,,3.6,,1.2,,,"9",,,"8"
"250210050","ŒWIÊTY KRZY¯                  ","2025","01","27",8.8,,2.4,,4.7,,1.9,,,"9",,,"8"
"250210050","ŒWIÊTY KRZY¯                  ","2025","01","28",8.9,,4.2,,6.4,,3.4,,0.2,,"W",,"8"
"250210050","ŒWIÊTY KRZY¯                  ","2025","01","29",8.0,,3.5,,5.4,,2.7,,,"9",,,"8"
"250210050","ŒWIÊTY KRZY¯                  ","2025","01","30",9.5,,3.8,,6.3,,2.8,,,"9",,,"8"
"250210050","ŒWIÊTY KRZY¯                  ","2025","01","31",8.2,,0.2,,3.6,,-0.1,,,"9",,,"8"
"250210130","STASZÓW                       ","2025","01","01",5.5,,-4.8,,-0.1,,,"8",,"9",,,"9"
"250210130","STASZÓW                       ","2025","01","02",9.7,,-2.0,,2.4,,,"8",1.5,,"S",,"9"
"250210130","STASZÓW                       ","2025","01","03",2.4,,-0.5,,0.5,,,"8",2.1,,"S",0,
"250210130","STASZÓW                       ","2025","01","04",0.6,,-7.4,,-4.5,,,"8",,"9",,3,
"250210130","STASZÓW                       ","2025","01","05",0.3,,-11.7,,-5.1,,,"8",2.9,,"S",3,
"250210130","STASZÓW                       ","2025","01","06",6.1,,-1.4,,2.2,,,"8",,"9",,4,
"250210130","STASZÓW                       ","2025","01","07",4.5,,-1.9,,1.3,,,"8",3.7,,"W",,"9"
"250210130","STASZÓW                       ","2025","01","08",4.0,,-1.4,,0.7,,,"8",10.6,,"S",,"9"
"250210130","STASZÓW                       ","2025","01","09",8.0,,-1.0,,3.3,,,"8",7.8,,"W",,"9"
"250210130","STASZÓW                       ","2025","01","10",7.5,,0.2,,2.6,,,"8",2.6,,"S",,"9"
"250210130","STASZÓW                       ","2025","01","11",0.5,,-1.2,,-0.5,,,"8",2.0,,"S",5,
"250210130","STASZÓW                       ","2025","01","12",1.0,,-1.5,,-0.1,,,"8",2.4,,"S",9,
"250210130","STASZÓW                       ","2025","01","13",0.4,,-1.9,,-1.1,,,"8",,"9",,9,
"250210130","STASZÓW                       ","2025","01","14",0.3,,-4.7,,-2.7,,,"8",7.0,,"S",9,
"250210130","STASZÓW                       ","2025","01","15",1.7,,-2.5,,0.0,,,"8",0.2,,"S",13,
"250210130","STASZÓW                       ","2025","01","16",1.4,,0.3,,0.7,,,"8",0.0,,"W",9,
"250210130","STASZÓW                       ","2025","01","17",4.3,,-0.2,,1.1,,,"8",,"9",,5,
"250210130","STASZÓW                       ","2025","01","18",6.4,,-1.9,,0.4,,,"8",,"9",,3,
"250210130","STASZÓW                       ","2025","01","19",1.2,,-4.5,,-2.2,,,"8",0.1,,"W",3,
"250210130","STASZÓW                       ","2025","01","20",6.0,,-6.3,,-2.2,,,"8",,"9",,3,
"250210130","STASZÓW                       ","2025","01","21",2.2,,-4.1,,-1.0,,,"8",1.0,,"W",3,
"250210130","STASZÓW                       ","2025","01","22",2.2,,0.0,,0.9,,,"8",0.1,,"W",2,
"250210130","STASZÓW                       ","2025","01","23",5.6,,-4.4,,-0.3,,,"8",0.1,,"W",2,
"250210130","STASZÓW                       ","2025","01","24",5.4,,-1.5,,0.7,,,"8",,"9",,,"9"
"250210130","STASZÓW                       ","2025","01","25",9.1,,-2.7,,3.2,,,"8",,"9",,,"9"
"250210130","STASZÓW                       ","2025","01","26",10.0,,2.1,,4.7,,,"8",,"9",,,"9"
"250210130","STASZÓW                       ","2025","01","27",12.9,,0.0,,5.3,,,"8",,"9",,,"9"
"250210130","STASZÓW                       ","2025","01","28",13.4,,-2.0,,5.1,,,"8",0.3,,"W",,"9"
"250210130","STASZÓW                       ","2025","01","29",11.5,,6.0,,7.7,,,"8",,"9",,,"9"
"250210130","STASZÓW                       ","2025","01","30",12.9,,-2.2,,2.8,,,"8",,"9",,,"9"
"250210130","STASZÓW                       ","2025","01","31",8.9,,-3.0,,2.0,,,"8",,"9",,,"9"
"250220120","JAROCIN                       ","2025","01","01",5.1,,-2.2,,0.5,,,"8",,"9",,,"9"
"250220120","JAROCIN                       ","2025","01","02",5.6,,-0.2,,2.1,,,"8",6.0,,"S",,"9"
"250220120","JAROCIN                       ","2025","01","03",1.3,,0.3,,0.6,,,"8",1.3,,"S",2,
"250220120","JAROCIN                       ","2025","01","04",0.4,,-8.3,,-4.7,,,"8",0.4,,"S",3,
"250220120","JAROCIN                       ","2025","01","05",-0.4,,-10.8,,-5.5,,,"8",6.1,,"S",4,
"250220120","JAROCIN                       ","2025","01","06",6.6,,-1.7,,2.8,,,"8",,"9",,3,
"250220120","JAROCIN                       ","2025","01","07",10.1,,1.8,,4.9,,,"8",3.9,,"W",2,
"250220120","JAROCIN                       ","2025","01","08",5.1,,0.3,,2.0,,,"8",6.4,,"S",,"9"
"250220120","JAROCIN                       ","2025","01","09",8.6,,-0.7,,3.6,,,"8",6.4,,"W",,"9"
"250220120","JAROCIN                       ","2025","01","10",9.6,,0.8,,3.7,,,"8",2.5,,"S",,"9"
"250220120","JAROCIN                       ","2025","01","11",1.3,,-1.2,,-0.1,,,"8",4.0,,"S",0,
"250220120","JAROCIN                       ","2025","01","12",0.6,,-1.2,,-0.2,,,"8",3.0,,"S",8,
"250220120","JAROCIN                       ","2025","01","13",0.2,,-1.6,,-0.8,,,"8",,"9",,11,
"250220120","JAROCIN                       ","2025","01","14",-0.4,,-5.3,,-2.6,,,"8",4.2,,"S",10,
"250220120","JAROCIN                       ","2025","01","15",1.1,,-0.7,,0.4,,,"8",0.7,,"S",15,
"250220120","JAROCIN                       ","2025","01","16",1.1,,0.3,,0.9,,,"8",,"9",,8,
"250220120","JAROCIN                       ","2025","01","17",4.1,,0.3,,1.8,,,"8",,"9",,4,
"250220120","JAROCIN                       ","2025","01","18",7.1,,-0.7,,2.0,,,"8",,"9",,,"9"
"250220120","JAROCIN                       ","2025","01","19",1.9,,-2.7,,-0.4,,,"8",,"9",,,"9"
"250220120","JAROCIN                       ","2025","01","20",8.1,,-4.7,,-0.4,,,"8",,"9",,,"9"
"250220120","JAROCIN                       ","2025","01","21",2.6,,-3.7,,-0.9,,,"8",0.8,,"S",,"9"
"250220120","JAROCIN                       ","2025","01","22",2.6,,-0.2,,1.3,,,"8",,"9",,,"9"
"250220120","JAROCIN                       ","2025","01","23",6.1,,-2.7,,1.8,,,"8",0.4,,"W",,"9"
"250220120","JAROCIN                       ","2025","01","24",5.6,,-1.2,,1.4,,,"8",,"9",,,"9"
"250220120","JAROCIN                       ","2025","01","25",8.6,,-2.7,,3.4,,,"8",,"9",,,"9"
"250220120","JAROCIN                       ","2025","01","26",10.6,,3.2,,5.6,,,"8",,"9",,,"9"
"250220120","JAROCIN                       ","2025","01","27",12.1,,1.8,,6.4,,,"8",,"9",,,"9"
"250220120","JAROCIN                       ","2025","01","28",14.1,,0.3,,7.1,,,"8",1.2,,"W",,"9"
"250220120","JAROCIN                       ","2025","01","29",12.6,,5.6,,8.6,,,"8",0.5,,"W",,"9"
"250220120","JAROCIN                       ","2025","01","30",13.6,,-1.2,,3.6,,,"8",,"9",,,"9"
"250220120","JAROCIN                       ","2025","01","31",11.1,,-1.7,,3.7,,,"8",,"9",,,"9"
"250240010","STRZY¯ÓW                      ","2025","01","01",5.5,,-1.4,,1.7,,-4.9,,,"9",,,"9"
"250240010","STRZY¯ÓW                      ","2025","01","02",7.5,,1.1,,3.8,,0.7,,3.5,,"S",,"9"
"250240010","STRZY¯ÓW                      ","2025","01","03",2.9,,-1.8,,-0.2,,-6.4,,0.5,,"S",1,
"250240010","STRZY¯ÓW                      ","2025","01","04",-0.1,,-4.7,,-2.6,,-6.4,,,"9",,1,
"250240010","STRZY¯ÓW                      ","2025","01","05",0.4,,-9.6,,-5.0,,-13.5,,2.1,,"S",1,
"250240010","STRZY¯ÓW                      ","2025","01","06",5.5,,-3.8,,1.3,,-5.4,,2.1,,"S",1,
"250240010","STRZY¯ÓW                      ","2025","01","07",9.5,,-0.9,,3.4,,-1.3,,1.8,,"W",,"9"
"250240010","STRZY¯ÓW                      ","2025","01","08",3.3,,-0.4,,0.8,,-2.4,,4.5,,"S",,"9"
"250240010","STRZY¯ÓW                      ","2025","01","09",7.5,,-1.4,,3.1,,-4.4,,2.2,,"W",,"9"
"250240010","STRZY¯ÓW                      ","2025","01","10",7.5,,0.1,,4.0,,-0.3,,2.6,,"S",,"9"
"250240010","STRZY¯ÓW                      ","2025","01","11",1.9,,-0.4,,0.5,,-0.8,,0.1,,"S",1,
"250240010","STRZY¯ÓW                      ","2025","01","12",1.4,,-1.4,,-0.2,,-2.4,,0.6,,"S",1,
"250240010","STRZY¯ÓW                      ","2025","01","13",0.4,,-1.4,,-0.5,,-3.9,,,"9",,1,
"250240010","STRZY¯ÓW                      ","2025","01","14",0.4,,-5.2,,-2.4,,-7.0,,4.7,,"S",1,
"250240010","STRZY¯ÓW                      ","2025","01","15",0.4,,-0.9,,-0.2,,-2.4,,2.7,,"S",5,
"250240010","STRZY¯ÓW                      ","2025","01","16",0.9,,-0.4,,0.3,,-0.8,,,"9",,3,
"250240010","STRZY¯ÓW                      ","2025","01","17",2.4,,0.1,,1.1,,0.2,,,"9",,1,
"250240010","STRZY¯ÓW                      ","2025","01","18",6.5,,-0.9,,1.6,,-2.4,,,"9",,,"9"
"250240010","STRZY¯ÓW                      ","2025","01","19",1.4,,-1.4,,0.2,,-2.9,,,"9",,,"9"
"250240010","STRZY¯ÓW                      ","2025","01","20",7.5,,-3.3,,0.4,,-3.9,,,"9",,,"9"
"250240010","STRZY¯ÓW                      ","2025","01","21",2.9,,-3.3,,-0.7,,-4.9,,,"9",,,"9"
"250240010","STRZY¯ÓW                      ","2025","01","22",1.9,,-0.9,,0.4,,-1.3,,0.1,,"W",,"9"
"250240010","STRZY¯ÓW                      ","2025","01","23",7.0,,-0.9,,2.9,,-1.9,,0.3,,"W",,"9"
"250240010","STRZY¯ÓW                      ","2025","01","24",7.0,,-0.4,,2.3,,-0.8,,,"9",,,"9"
"250240010","STRZY¯ÓW                      ","2025","01","25",8.5,,-2.8,,2.7,,-5.4,,,"9",,,"9"
"250240010","STRZY¯ÓW                      ","2025","01","26",9.0,,0.6,,3.8,,0.2,,,"9",,,"9"
"250240010","STRZY¯ÓW                      ","2025","01","27",13.0,,0.1,,5.6,,-2.9,,,"9",,,"9"
"250240010","STRZY¯ÓW                      ","2025","01","28",12.5,,2.7,,6.9,,0.2,,2.5,,"W",,"9"
"250240010","STRZY¯ÓW                      ","2025","01","29",12.5,,5.8,,8.0,,5.6,,0.7,,"W",,"9"
"250240010","STRZY¯ÓW                      ","2025","01","30",14.0,,2.2,,6.7,,-1.9,,,"9",,,"9"
"250240010","STRZY¯ÓW                      ","2025","01","31",12.0,,0.1,,4.3,,-3.9,,0.2,,"W",,"9"
"251150060","CEBER                         ","2025","01","01",8.3,,-1.4,,4.6,,-6.2,,0.5,,"W",,"9"
"251150060","CEBER                         ","2025","01","02",8.9,,0.3,,4.5,,-4.2,,1.0,,"W",,"9"
"251150060","CEBER                         ","2025","01","03",3.8,,-0.4,,1.5,,-4.2,,0.3,,"S",,"9"
"251150060","CEBER                         ","2025","01","04",1.5,,-3.2,,-1.4,,-7.2,,,"9",,0,
"251150060","CEBER                         ","2025","01","05",0.0,,-7.0,,-3.5,,-11.1,,6.1,,"S",0,
"251150060","CEBER                         ","2025","01","06",10.4,,-2.4,,4.6,,-5.2,,,"9",,2,
"251150060","CEBER                         ","2025","01","07",9.6,,2.9,,6.0,,-1.4,,0.5,,"W",,"9"
"251150060","CEBER                         ","2025","01","08",5.6,,0.3,,2.8,,-4.1,,5.6,,"S",,"9"
"251150060","CEBER                         ","2025","01","09",12.1,,-2.1,,5.2,,-6.7,,6.4,,"W",,"9"
"251150060","CEBER                         ","2025","01","10",9.3,,-0.5,,2.7,,-2.5,,2.3,,"S",,"9"
"251150060","CEBER                         ","2025","01","11",1.5,,-1.5,,0.0,,-3.4,,2.5,,"S",,"9"
"251150060","CEBER                         ","2025","01","12",0.7,,-1.4,,-0.3,,-3.7,,,"9",,6,
"251150060","CEBER                         ","2025","01","13",1.0,,-5.1,,-2.5,,-11.8,,,"9",,4,
"251150060","CEBER                         ","2025","01","14",2.5,,-3.9,,-0.8,,-8.3,,2.5,,"W",3,
"251150060","CEBER                         ","2025","01","15",4.6,,-0.3,,2.5,,-2.2,,1.1,,"W",,"9"
"251150060","CEBER                         ","2025","01","16",4.6,,1.0,,2.6,,-0.6,,,"9",,,"9"
"251150060","CEBER                         ","2025","01","17",7.6,,-0.5,,2.6,,-4.2,,,"9",,,"9"
"251150060","CEBER                         ","2025","01","18",8.9,,-3.4,,0.8,,-8.2,,,"9",,,"9"
"251150060","CEBER                         ","2025","01","19",4.8,,-5.0,,-1.1,,-10.0,,,"9",,,"9"
"251150060","CEBER                         ","2025","01","20",6.4,,-3.2,,0.3,,-7.4,,,"9",,,"9"
"251150060","CEBER                         ","2025","01","21",3.5,,-3.4,,-0.5,,-6.8,,,"9",,,"9"
"251150060","CEBER                         ","2025","01","22",4.5,,-6.5,,-1.7,,-10.3,,,"9",,,"9"
"251150060","CEBER                         ","2025","01","23",3.5,,-3.9,,0.1,,-8.2,,3.1,,"W",,"9"
"251150060","CEBER                         ","2025","01","24",8.1,,0.6,,3.7,,-2.4,,1.2,,"W",,"9"
"251150060","CEBER                         ","2025","01","25",13.0,,2.3,,6.9,,-0.2,,0.2,,"W",,"9"
"251150060","CEBER                         ","2025","01","26",10.3,,2.7,,6.1,,-0.2,,0.8,,"W",,"9"
"251150060","CEBER                         ","2025","01","27",11.8,,0.5,,5.4,,-2.2,,1.6,,"W",,"9"
"251150060","CEBER                         ","2025","01","28",8.1,,2.3,,5.3,,-1.4,,0.5,,"W",,"9"
"251150060","CEBER                         ","2025","01","29",12.3,,3.2,,6.7,,-1.2,,1.8,,"W",,"9"
"251150060","CEBER                         ","2025","01","30",8.1,,-0.7,,3.0,,-4.7,,1.7,,"W",,"9"
"251150060","CEBER                         ","2025","01","31",7.2,,1.5,,4.0,,-1.7,,2.0,,"W",,"9"
"251160320","RADZYÑ                        ","2025","01","01",7.2,,-1.5,,4.0,,-5.3,,1.8,,"W",,"9"
"251160320","RADZYÑ                        ","2025","01","02",9.1,,0.7,,4.8,,-2.8,,1.7,,"S",,"9"
"251160320","RADZYÑ                        ","2025","01","03",3.2,,-0.2,,1.4,,-1.2,,2.0,,"S",0,
"251160320","RADZYÑ                        ","2025","01","04",0.9,,-2.7,,-1.1,,-7.3,,,"9",,1,
"251160320","RADZYÑ                        ","2025","01","05",0.2,,-5.5,,-2.7,,-9.9,,5.6,,"S",1,
"251160320","RADZYÑ                        ","2025","01","06",9.0,,-1.9,,4.0,,-1.9,,,"9",,4,
"251160320","RADZYÑ                        ","2025","01","07",8.7,,2.8,,5.7,,0.1,,1.3,,"W",,"9"
"251160320","RADZYÑ                        ","2025","01","08",4.6,,0.6,,2.4,,-2.7,,3.3,,"S",,"9"
"251160320","RADZYÑ                        ","2025","01","09",11.4,,-2.0,,4.9,,-5.8,,6.0,,"S",,"9"
"251160320","RADZYÑ                        ","2025","01","10",8.7,,0.2,,2.7,,-0.1,,2.4,,"S",,"9"
"251160320","RADZYÑ                        ","2025","01","11",0.8,,-0.8,,0.0,,-2.8,,4.0,,"S",1,
"251160320","RADZYÑ                        ","2025","01","12",0.8,,-0.6,,0.1,,-1.7,,0.1,,"S",4,
"251160320","RADZYÑ                        ","2025","01","13",1.1,,-4.0,,-1.7,,-9.9,,0.1,,"S",4,
"251160320","RADZYÑ                        ","2025","01","14",2.3,,-3.5,,-0.5,,-8.1,,4.5,,"S",4,
"251160320","RADZYÑ                        ","2025","01","15",4.1,,0.5,,2.6,,-0.2,,0.9,,"W",,"9"
"251160320","RADZYÑ                        ","2025","01","16",3.6,,1.4,,2.5,,1.4,,0.1,,"W",,"9"
"251160320","RADZYÑ                        ","2025","01","17",6.5,,0.5,,2.5,,-2.2,,,"9",,,"9"
"251160320","RADZYÑ                        ","2025","01","18",5.2,,-3.0,,-0.2,,-6.3,,,"9",,,"9"
"251160320","RADZYÑ                        ","2025","01","19",1.3,,-4.1,,-1.9,,-6.1,,,"9",,,"9"
"251160320","RADZYÑ                        ","2025","01","20",5.0,,-3.8,,-0.5,,-6.9,,,"9",,,"9"
"251160320","RADZYÑ                        ","2025","01","21",2.1,,-3.2,,-1.2,,-6.1,,,"9",,,"9"
"251160320","RADZYÑ                        ","2025","01","22",3.9,,-5.7,,-1.6,,-8.3,,,"9",,,"9"
"251160320","RADZYÑ                        ","2025","01","23",2.9,,-3.0,,0.4,,-6.5,,3.2,,"S",,"9"
"251160320","RADZYÑ                        ","2025","01","24",7.7,,0.8,,4.1,,-0.8,,1.4,,"W",,"9"
"251160320","RADZYÑ                        ","2025","01","25",12.9,,3.3,,7.1,,-0.1,,0.3,,"W",,"9"
"251160320","RADZYÑ                        ","2025","01","26",10.2,,1.4,,5.8,,0.8,,1.2,,"W",,"9"
"251160320","RADZYÑ                        ","2025","01","27",10.5,,0.7,,6.0,,-2.3,,2.5,,"W",,"9"
"251160320","RADZYÑ                        ","2025","01","28",7.8,,2.5,,5.4,,-1.2,,3.1,,"W",,"9"
"251160320","RADZYÑ                        ","2025","01","29",9.5,,2.7,,6.0,,-0.4,,0.7,,"W",,"9"
"251160320","RADZYÑ                        ","2025","01","30",8.4,,-0.5,,3.1,,-3.3,,2.5,,"W",,"9"
"251160320","RADZYÑ                        ","2025","01","31",5.8,,1.9,,3.8,,-0.7,,2.2,,"W",,"9"
"251190050","PUCZNIEW                      ","2025","01","01",7.9,,0.3,,3.6,,-2.7,,,"9",,,"9"
"251190050","PUCZNIEW                      ","2025","01","02",11.3,,0.7,,5.2,,-1.8,,0.6,,"W",,"9"
"251190050","PUCZNIEW                      ","2025","01","03",3.5,,-0.5,,1.1,,-3.7,,0.7,,"S",,"9"
"251190050","PUCZNIEW                      ","2025","01","04",1.0,,-5.7,,-2.8,,-11.3,,0.0,,"S",1,
"251190050","PUCZNIEW                      ","2025","01","05",0.1,,-7.0,,-3.8,,-11.5,,2.8,,"S",1,
"251190050","PUCZNIEW                      ","2025","01","06",9.4,,-2.7,,4.1,,-4.4,,0.9,,"S",2,
"251190050","PUCZNIEW                      ","2025","01","07",8.8,,5.2,,6.6,,2.5,,0.7,,"W",,"9"
"251190050","PUCZNIEW                      ","2025","01","08",6.2,,-0.3,,2.2,,-4.0,,1.0,,"S",,"9"
"251190050","PUCZNIEW                      ","2025","01","09",11.5,,-1.7,,4.8,,-5.9,,3.6,,"W",,"9"
"251190050","PUCZNIEW                      ","2025","01","10",10.2,,0.3,,3.2,,-0.5,,0.9,,"S",,"9"
"251190050","PUCZNIEW                      ","2025","01","11",2.5,,-1.2,,0.1,,-1.5,,4.3,,"S",2,
"251190050","PUCZNIEW                      ","2025","01","12",1.0,,-1.2,,0.1,,-1.8,,2.9,,"S",10,
"251190050","PUCZNIEW                      ","2025","01","13",1.7,,-1.7,,-0.7,,-7.9,,,"9",,14,
"251190050","PUCZNIEW                      ","2025","01","14",1.3,,-2.9,,-0.8,,-6.0,,4.9,,"S",12,
"251190050","PUCZNIEW                      ","2025","01","15",4.5,,0.0,,1.8,,-0.9,,0.5,,"W",10,
"251190050","PUCZNIEW                      ","2025","01","16",3.5,,0.6,,1.7,,-0.3,,0.1,,"W",7,
"251190050","PUCZNIEW                      ","2025","01","17",6.0,,1.1,,2.7,,0.4,,,"9",,,"9"
"251190050","PUCZNIEW                      ","2025","01","18",7.9,,-0.6,,1.8,,-3.8,,,"9",,,"9"
"251190050","PUCZNIEW                      ","2025","01","19",1.3,,-1.8,,-0.7,,-2.1,,,"9",,,"9"
"251190050","PUCZNIEW                      ","2025","01","20",9.4,,-2.4,,2.2,,-4.2,,,"9",,,"9"
"251190050","PUCZNIEW                      ","2025","01","21",4.4,,-1.3,,1.0,,-4.3,,0.3,,"W",,"9"
"251190050","PUCZNIEW                      ","2025","01","22",3.1,,-2.4,,-0.6,,-3.5,,,"9",,,"9"
"251190050","PUCZNIEW                      ","2025","01","23",3.4,,-1.8,,1.1,,-4.0,,0.8,,"W",,"9"
"251190050","PUCZNIEW                      ","2025","01","24",7.5,,0.5,,2.9,,-2.3,,,"9",,,"9"
"251190050","PUCZNIEW                      ","2025","01","25",10.8,,2.0,,6.8,,0.3,,,"9",,,"9"
"251190050","PUCZNIEW                      ","2025","01","26",10.8,,5.3,,7.6,,2.9,,,"9",,,"9"
"251190050","PUCZNIEW                      ","2025","01","27",15.5,,1.7,,7.0,,-1.4,,,"9",,,"9"
"251190050","PUCZNIEW                      ","2025","01","28",13.1,,3.9,,8.4,,-0.1,,0.0,,"W",,"9"
"251190050","PUCZNIEW                      ","2025","01","29",12.2,,3.5,,7.4,,3.3,,,"9",,,"9"
"251190050","PUCZNIEW                      ","2025","01","30",11.9,,0.0,,5.0,,-3.8,,,"9",,,"9"
"251190050","PUCZNIEW                      ","2025","01","31",7.6,,0.5,,3.5,,-3.1,,1.7,,"W",,"9"
"251200030","SKIERNIEWICE                  ","2025","01","01",6.7,,0.9,,3.8,,-1.2,,,"9",,,"9"
"251200030","SKIERNIEWICE                  ","2025","01","02",8.7,,0.3,,4.1,,-1.9,,0.7,,"S",,"9"
"251200030","SKIERNIEWICE                  ","2025","01","03",2.3,,-1.6,,0.6,,-4.9,,0.7,,"S",0,
"251200030","SKIERNIEWICE                  ","2025","01","04",0.1,,-5.7,,-3.2,,-9.2,,,"9",,1,
"251200030","SKIERNIEWICE                  ","2025","01","05",-1.1,,-6.3,,-3.9,,-8.2,,2.0,,"S",1,
"251200030","SKIERNIEWICE                  ","2025","01","06",6.8,,-3.2,,2.6,,-3.2,,0.0,,"W",2,
"251200030","SKIERNIEWICE                  ","2025","01","07",6.8,,4.4,,5.5,,3.6,,1.5,,"W",,"9"
"251200030","SKIERNIEWICE                  ","2025","01","08",5.2,,-0.5,,1.8,,-2.9,,1.5,,"S",,"9"
"251200030","SKIERNIEWICE                  ","2025","01","09",7.8,,-2.2,,3.2,,-3.2,,2.2,,"W",,"9"
"251200030","SKIERNIEWICE                  ","2025","01","10",8.2,,1.1,,3.3,,0.7,,0.9,,"S",,"9"
"251200030","SKIERNIEWICE                  ","2025","01","11",1.6,,-1.3,,-0.1,,-1.9,,4.4,,"S",1,
"251200030","SKIERNIEWICE                  ","2025","01","12",0.8,,-1.6,,0.1,,-1.3,,4.2,,"S",5,
"251200030","SKIERNIEWICE                  ","2025","01","13",0.7,,-2.2,,-0.9,,-3.0,,,"9",,5,
"251200030","SKIERNIEWICE                  ","2025","01","14",1.3,,-2.7,,-0.7,,-4.3,,6.4,,"W",5,
"251200030","SKIERNIEWICE                  ","2025","01","15",2.2,,-0.1,,1.3,,-0.4,,1.2,,"W",3,
"251200030","SKIERNIEWICE                  ","2025","01","16",2.2,,0.9,,1.6,,0.4,,,"9",,,"9"
"251200030","SKIERNIEWICE                  ","2025","01","17",3.2,,-0.8,,1.0,,-3.6,,,"9",,,"9"
"251200030","SKIERNIEWICE                  ","2025","01","18",6.7,,-0.8,,2.2,,-2.3,,,"9",,,"9"
"251200030","SKIERNIEWICE                  ","2025","01","19",0.5,,-1.7,,-0.7,,-1.2,,,"9",,,"9"
"251200030","SKIERNIEWICE                  ","2025","01","20",7.3,,-2.9,,1.1,,-4.1,,,"9",,,"9"
"251200030","SKIERNIEWICE                  ","2025","01","21",3.3,,-0.6,,1.0,,-3.2,,,"9",,,"9"
"251200030","SKIERNIEWICE                  ","2025","01","22",5.7,,-2.2,,0.7,,-5.8,,,"9",,,"9"
"251200030","SKIERNIEWICE                  ","2025","01","23",3.7,,-3.2,,0.7,,-6.5,,0.5,,"W",,"9"
"251200030","SKIERNIEWICE                  ","2025","01","24",6.9,,1.4,,3.0,,-2.3,,,"9",,,"9"
"251200030","SKIERNIEWICE                  ","2025","01","25",9.1,,1.0,,5.7,,1.2,,,"9",,,"9"
"251200030","SKIERNIEWICE                  ","2025","01","26",8.4,,3.4,,6.1,,2.0,,,"9",,,"9"
"251200030","SKIERNIEWICE                  ","2025","01","27",11.9,,0.9,,5.5,,-1.7,,,"9",,,"9"
"251200030","SKIERNIEWICE                  ","2025","01","28",10.7,,3.4,,7.4,,2.1,,,"9",,,"9"
"251200030","SKIERNIEWICE                  ","2025","01","29",11.1,,5.8,,8.3,,4.0,,,"9",,,"9"
"251200030","SKIERNIEWICE                  ","2025","01","30",11.9,,1.7,,5.7,,-1.2,,,"9",,,"9"
"251200030","SKIERNIEWICE                  ","2025","01","31",7.2,,1.3,,3.3,,-3.1,,0.8,,"W",,"9"
"251210040","JARCZEW                       ","2025","01","01",5.4,,-1.3,,1.9,,-6.0,,,"9",,,"9"
"251210040","JARCZEW                       ","2025","01","02",9.0,,0.8,,4.9,,-3.5,,,"9",,,"9"
"251210040","JARCZEW                       ","2025","01","03",1.9,,-2.7,,-0.6,,-7.5,,1.1,,"S",,"9"
"251210040","JARCZEW                       ","2025","01","04",0.2,,-6.2,,-3.4,,-15.0,,,"9",,2,
"251210040","JARCZEW                       ","2025","01","05",-3.3,,-7.2,,-5.2,,-15.0,,1.3,,"S",2,
"251210040","JARCZEW                       ","2025","01","06",4.4,,-5.1,,0.9,,-10.0,,1.2,,"W",3,
"251210040","JARCZEW                       ","2025","01","07",7.9,,3.8,,5.3,,-1.4,,4.6,,"W",,"9"
"251210040","JARCZEW                       ","2025","01","08",4.5,,0.5,,1.7,,-5.0,,2.6,,"W",,"9"
"251210040","JARCZEW                       ","2025","01","09",6.1,,-1.2,,2.5,,-6.5,,3.8,,"W",,"9"
"251210040","JARCZEW                       ","2025","01","10",7.7,,1.2,,3.1,,-3.5,,1.1,,"S",,"9"
"251210040","JARCZEW                       ","2025","01","11",1.4,,-1.0,,-0.2,,-6.0,,3.4,,"S",1,
"251210040","JARCZEW                       ","2025","01","12",0.3,,-1.4,,-0.6,,-6.0,,1.2,,"S",4,
"251210040","JARCZEW                       ","2025","01","13",0.3,,-6.2,,-2.7,,-8.5,,,"9",,5,
"251210040","JARCZEW                       ","2025","01","14",0.9,,-3.7,,-1.4,,-9.5,,5.4,,"S",4,
"251210040","JARCZEW                       ","2025","01","15",1.5,,-0.3,,0.7,,-4.0,,0.3,,"W",4,
"251210040","JARCZEW                       ","2025","01","16",1.6,,-1.2,,0.5,,-3.6,,0.0,,"W",2,
"251210040","JARCZEW                       ","2025","01","17",2.7,,-2.2,,0.9,,-3.0,,,"9",,,"9"
"251210040","JARCZEW                       ","2025","01","18",6.0,,-2.7,,1.2,,-5.0,,,"9",,,"9"
"251210040","JARCZEW                       ","2025","01","19",1.3,,-3.6,,-0.7,,-4.0,,,"9",,,"9"
"251210040","JARCZEW                       ","2025","01","20",5.6,,-5.7,,-0.2,,-8.0,,,"9",,,"9"
"251210040","JARCZEW                       ","2025","01","21",2.9,,-4.2,,-0.2,,-6.0,,6.3,,"W",,"9"
"251210040","JARCZEW                       ","2025","01","22",2.7,,-3.2,,0.2,,-7.4,,0.3,,"W",,"9"
"251210040","JARCZEW                       ","2025","01","23",3.2,,-3.7,,0.3,,-6.4,,,"9",,,"9"
"251210040","JARCZEW                       ","2025","01","24",4.7,,-1.2,,2.0,,-5.5,,,"9",,,"9"
"251210040","JARCZEW                       ","2025","01","25",6.9,,-1.7,,3.3,,-4.0,,,"9",,,"9"
"251210040","JARCZEW                       ","2025","01","26",8.1,,-1.9,,4.3,,-1.7,,,"9",,,"9"
"251210040","JARCZEW                       ","2025","01","27",10.6,,-0.7,,5.0,,-3.2,,,"9",,,"9"
"251210040","JARCZEW                       ","2025","01","28",10.0,,0.2,,5.5,,-2.2,,0.0,,"W",,"9"
"251210040","JARCZEW                       ","2025","01","29",11.5,,4.5,,8.1,,1.3,,,"9",,,"9"
"251210040","JARCZEW                       ","2025","01","30",11.4,,0.3,,5.5,,-5.0,,,"9",,,"9"
"251210040","JARCZEW                       ","2025","01","31",8.0,,-0.6,,3.2,,-4.0,,0.6,,"W",,"9"
"252150120","GORZYÑ                        ","2025","01","01",8.4,,1.0,,4.7,,0.3,,0.5,,"W",,"9"
"252150120","GORZYÑ                        ","2025","01","02",11.4,,0.1,,4.7,,-3.9,,1.1,,"W",,"9"
"252150120","GORZYÑ                        ","2025","01","03",4.1,,-2.4,,0.3,,-5.9,,0.6,,"S",,"9"
"252150120","GORZYÑ                        ","2025","01","04",5.0,,-2.5,,0.3,,-4.9,,,"9",,0,
"252150120","GORZYÑ                        ","2025","01","05",2.1,,-2.5,,-1.0,,-4.4,,6.1,,"S",0,
"252150120","GORZYÑ                        ","2025","01","06",9.4,,-2.0,,4.9,,-2.4,,0.3,,"W",1,
"252150120","GORZYÑ                        ","2025","01","07",12.8,,3.1,,6.7,,0.6,,0.4,,"S",,"9"
"252150120","GORZYÑ                        ","2025","01","08",6.3,,1.0,,2.5,,-1.9,,1.3,,"S",,"9"
"252150120","GORZYÑ                        ","2025","01","09",7.0,,-1.8,,2.1,,-4.4,,11.2,,"S",0,
"252150120","GORZYÑ                        ","2025","01","10",6.5,,1.0,,2.5,,0.1,,1.1,,"S",0,
"252150120","GORZYÑ                        ","2025","01","11",5.4,,-0.4,,1.4,,-0.9,,2.5,,"S",0,
"252150120","GORZYÑ                        ","2025","01","12",3.4,,-0.2,,0.9,,-0.9,,,"9",,1,
"252150120","GORZYÑ                        ","2025","01","13",1.7,,-3.2,,-1.3,,-5.9,,,"9",,,"9"
"252150120","GORZYÑ                        ","2025","01","14",1.7,,-3.4,,-0.8,,-5.9,,4.9,,"W",,"9"
"252150120","GORZYÑ                        ","2025","01","15",8.0,,0.5,,3.4,,0.1,,0.6,,"W",,"9"
"252150120","GORZYÑ                        ","2025","01","16",7.4,,1.3,,3.3,,0.9,,0.1,,"W",,"9"
"252150120","GORZYÑ                        ","2025","01","17",7.9,,0.9,,2.9,,-2.9,,,"9",,,"9"
"252150120","GORZYÑ                        ","2025","01","18",1.5,,-2.4,,-1.0,,-3.4,,0.2,,"W",,"9"
"252150120","GORZYÑ                        ","2025","01","19",2.1,,-3.2,,-1.4,,-3.4,,,"9",,,"9"
"252150120","GORZYÑ                        ","2025","01","20",4.7,,-3.4,,-0.5,,-4.4,,,"9",,,"9"
"252150120","GORZYÑ                        ","2025","01","21",4.1,,-2.0,,0.0,,-3.4,,,"9",,,"9"
"252150120","GORZYÑ                        ","2025","01","22",3.1,,-3.0,,-0.7,,-2.5,,,"9",,,"9"
"252150120","GORZYÑ                        ","2025","01","23",4.1,,-1.5,,1.2,,-2.9,,5.9,,"S",,"9"
"252150120","GORZYÑ                        ","2025","01","24",7.4,,1.9,,4.3,,0.1,,1.1,,"W",,"9"
"252150120","GORZYÑ                        ","2025","01","25",12.6,,4.7,,8.4,,3.4,,0.6,,"W",,"9"
"252150120","GORZYÑ                        ","2025","01","26",10.3,,4.4,,6.7,,3.0,,1.9,,"W",,"9"
"252150120","GORZYÑ                        ","2025","01","27",10.9,,3.5,,6.9,,0.7,,1.8,,"W",,"9"
"252150120","GORZYÑ                        ","2025","01","28",11.2,,6.1,,7.4,,3.2,,3.4,,"W",,"9"
"252150120","GORZYÑ                        ","2025","01","29",8.5,,4.0,,5.8,,2.0,,2.3,,"W",,"9"
"252150120","GORZYÑ                        ","2025","01","30",8.9,,3.3,,5.6,,0.9,,3.8,,"W",,"9"
"252150120","GORZYÑ                        ","2025","01","31",6.7,,2.5,,3.6,,1.1,,3.1,,"W",,"9"
"252150270","BABIMOST                      ","2025","01","01",7.5,,0.4,,4.4,,,"8",0.6,,"W",,"9"
"252150270","BABIMOST                      ","2025","01","02",9.6,,0.4,,4.7,,,"8",0.1,,"S",,"9"
"252150270","BABIMOST                      ","2025","01","03",2.9,,-0.4,,1.1,,,"8",0.5,,"S",,"9"
"252150270","BABIMOST                      ","2025","01","04",0.4,,-1.9,,-0.8,,,"8",,"9",,0,
"252150270","BABIMOST                      ","2025","01","05",-0.3,,-5.2,,-2.8,,,"8",6.2,,"S",0,
"252150270","BABIMOST                      ","2025","01","06",8.2,,-1.5,,4.4,,,"8",,"9",,3,
"252150270","BABIMOST                      ","2025","01","07",8.6,,0.2,,4.6,,,"8",1.1,,"W",,"9"
"252150270","BABIMOST                      ","2025","01","08",4.8,,-0.6,,1.4,,,"8",2.2,,"S",,"9"
"252150270","BABIMOST                      ","2025","01","09",8.7,,-3.8,,3.6,,,"8",9.3,,"S",1,
"252150270","BABIMOST                      ","2025","01","10",9.1,,0.6,,2.9,,,"8",0.9,,"S",,"9"
"252150270","BABIMOST                      ","2025","01","11",0.9,,-0.4,,0.3,,,"8",2.1,,"S",0,
"252150270","BABIMOST                      ","2025","01","12",1.2,,-0.1,,0.4,,,"8",0.0,,"S",3,
"252150270","BABIMOST                      ","2025","01","13",1.2,,-4.2,,-1.9,,,"8",,"9",,3,
"252150270","BABIMOST                      ","2025","01","14",2.1,,-4.0,,-0.8,,,"8",3.2,,"W",2,
"252150270","BABIMOST                      ","2025","01","15",4.2,,0.2,,2.4,,,"8",0.1,,"W",,"9"
"252150270","BABIMOST                      ","2025","01","16",3.5,,1.4,,2.3,,,"8",0.0,,"W",,"9"
"252150270","BABIMOST                      ","2025","01","17",6.3,,0.4,,2.3,,,"8",,"9",,,"9"
"252150270","BABIMOST                      ","2025","01","18",4.8,,-2.9,,-0.7,,,"8",,"9",,,"9"
"252150270","BABIMOST                      ","2025","01","19",-0.8,,-3.1,,-2.1,,,"8",,"9",,,"9"
"252150270","BABIMOST                      ","2025","01","20",4.9,,-4.3,,-1.3,,,"8",,"9",,,"9"
"252150270","BABIMOST                      ","2025","01","21",-0.1,,-4.1,,-1.9,,,"8",,"9",,,"9"
"252150270","BABIMOST                      ","2025","01","22",2.0,,-3.8,,-1.6,,,"8",,"9",,,"9"
"252150270","BABIMOST                      ","2025","01","23",3.5,,-3.8,,0.3,,,"8",3.9,,"S",,"9"
"252150270","BABIMOST                      ","2025","01","24",7.2,,1.4,,4.0,,,"8",0.8,,"W",,"9"
"252150270","BABIMOST                      ","2025","01","25",13.9,,3.7,,7.8,,,"8",0.8,,"W",,"9"
"252150270","BABIMOST                      ","2025","01","26",10.0,,3.8,,6.2,,,"8",1.0,,"W",,"9"
"252150270","BABIMOST                      ","2025","01","27",10.3,,1.2,,5.3,,,"8",1.4,,"W",,"9"
"252150270","BABIMOST                      ","2025","01","28",8.3,,2.3,,4.9,,,"8",3.1,,"W",,"9"
"252150270","BABIMOST                      ","2025","01","29",9.0,,2.2,,5.5,,,"8",0.2,,"W",,"9"
"252150270","BABIMOST                      ","2025","01","30",7.7,,-2.0,,2.2,,,"8",2.3,,"W",,"9"
"252150270","BABIMOST                      ","2025","01","31",6.1,,2.0,,3.5,,,"8",0.4,,"S",,"9"
"252160230","WIELICHOWO                    ","2025","01","01",7.2,,-0.3,,4.2,,-2.0,,0.3,,"W",,"9"
"252160230","WIELICHOWO                    ","2025","01","02",7.0,,-0.1,,3.5,,-2.6,,0.4,,"S",,"9"
"252160230","WIELICHOWO                    ","2025","01","03",3.5,,-1.0,,1.1,,-4.7,,1.0,,"S",,"9"
"252160230","WIELICHOWO                    ","2025","01","04",2.0,,-2.5,,-0.6,,-4.7,,,"9",,1,
"252160230","WIELICHOWO                    ","2025","01","05",-0.5,,-7.2,,-3.6,,-9.7,,5.2,,"S",,"9"
"252160230","WIELICHOWO                    ","2025","01","06",9.0,,-2.3,,4.0,,-2.5,,,"9",,2,
"252160230","WIELICHOWO                    ","2025","01","07",9.1,,3.7,,6.1,,-1.5,,0.3,,"W",,"9"
"252160230","WIELICHOWO                    ","2025","01","08",5.0,,-0.1,,1.9,,-4.3,,1.9,,"W",,"9"
"252160230","WIELICHOWO                    ","2025","01","09",10.0,,-2.9,,4.2,,-5.0,,6.7,,"W",,"9"
"252160230","WIELICHOWO                    ","2025","01","10",8.7,,0.4,,2.8,,-0.3,,1.5,,"S",,"9"
"252160230","WIELICHOWO                    ","2025","01","11",1.2,,-0.8,,0.3,,-1.5,,1.6,,"S",0,
"252160230","WIELICHOWO                    ","2025","01","12",1.0,,-0.4,,0.2,,-0.9,,0.6,,"S",3,
"252160230","WIELICHOWO                    ","2025","01","13",1.0,,-3.6,,-1.9,,-5.4,,,"9",,2,
"252160230","WIELICHOWO                    ","2025","01","14",1.9,,-3.4,,-0.7,,-5.1,,2.5,,"W",2,
"252160230","WIELICHOWO                    ","2025","01","15",4.1,,0.0,,2.3,,-0.6,,0.5,,"W",,"9"
"252160230","WIELICHOWO                    ","2025","01","16",3.9,,0.9,,2.2,,0.5,,,"9",,,"9"
"252160230","WIELICHOWO                    ","2025","01","17",5.9,,0.8,,2.3,,-2.4,,,"9",,,"9"
"252160230","WIELICHOWO                    ","2025","01","18",5.2,,-2.6,,-0.2,,-4.5,,,"9",,,"9"
"252160230","WIELICHOWO                    ","2025","01","19",-0.8,,-3.5,,-2.2,,-3.0,,,"9",,,"9"
"252160230","WIELICHOWO                    ","2025","01","20",5.2,,-2.5,,0.2,,-4.0,,,"9",,,"9"
"252160230","WIELICHOWO                    ","2025","01","21",2.9,,-4.0,,-0.9,,-6.5,,,"9",,,"9"
"252160230","WIELICHOWO                    ","2025","01","22",0.7,,-4.5,,-2.1,,-4.0,,,"9",,,"9"
"252160230","WIELICHOWO                    ","2025","01","23",3.2,,-3.9,,-0.2,,-6.5,,4.0,,"W",,"9"
"252160230","WIELICHOWO                    ","2025","01","24",7.9,,1.0,,3.9,,-1.0,,2.5,,"W",,"9"
"252160230","WIELICHOWO                    ","2025","01","25",11.8,,3.0,,6.4,,-1.1,,0.6,,"W",,"9"
"252160230","WIELICHOWO                    ","2025","01","26",9.1,,3.0,,5.9,,0.8,,2.6,,"W",,"9"
"252160230","WIELICHOWO                    ","2025","01","27",10.3,,0.7,,5.7,,-3.5,,2.1,,"W",,"9"
"252160230","WIELICHOWO                    ","2025","01","28",9.3,,2.0,,5.3,,-2.2,,2.3,,"W",,"9"
"252160230","WIELICHOWO                    ","2025","01","29",9.3,,3.0,,6.0,,-0.5,,0.1,,"W",,"9"
"252160230","WIELICHOWO                    ","2025","01","30",8.8,,-0.2,,3.6,,-4.0,,3.3,,"W",,"9"
"252160230","WIELICHOWO                    ","2025","01","31",5.7,,2.2,,3.7,,-1.0,,1.9,,"W",,"9"
"252180080","KO£UDA WIELKA                 ","2025","01","01",6.3,,0.8,,4.1,,0.5,,0.8,,"W",,"9"
"252180080","KO£UDA WIELKA                 ","2025","01","02",6.7,,-1.2,,2.1,,-4.0,,0.3,,"S",,"9"
"252180080","KO£UDA WIELKA                 ","2025","01","03",1.8,,-2.0,,-0.3,,-6.0,,1.9,,"S",0,
"252180080","KO£UDA WIELKA                 ","2025","01","04",-0.5,,-3.6,,-2.5,,-5.2,,,"9",,2,
"252180080","KO£UDA WIELKA                 ","2025","01","05",-0.6,,-6.0,,-3.7,,-7.0,,1.7,,"S",2,
"252180080","KO£UDA WIELKA                 ","2025","01","06",8.1,,-2.4,,3.7,,-5.5,,0.6,,"W",1,
"252180080","KO£UDA WIELKA                 ","2025","01","07",7.9,,5.1,,5.9,,1.8,,0.5,,"S",,"9"
"252180080","KO£UDA WIELKA                 ","2025","01","08",5.1,,1.4,,2.5,,-0.5,,0.0,,"W",,"9"
"252180080","KO£UDA WIELKA                 ","2025","01","09",6.9,,-0.2,,3.3,,-3.2,,2.9,,"S",0,
"252180080","KO£UDA WIELKA                 ","2025","01","10",6.4,,0.2,,2.0,,-1.0,,1.4,,"S",,"9"
"252180080","KO£UDA WIELKA                 ","2025","01","11",1.4,,-0.5,,0.4,,-1.0,,2.2,,"S",1,
"252180080","KO£UDA WIELKA                 ","2025","01","12",2.0,,0.2,,1.0,,-0.4,,1.2,,"S",2,
"252180080","KO£UDA WIELKA                 ","2025","01","13",1.4,,-1.8,,-0.9,,-5.0,,,"9",,,"9"
"252180080","KO£UDA WIELKA                 ","2025","01","14",1.0,,-2.2,,-0.8,,-3.0,,13.2,,"S",,"9"
"252180080","KO£UDA WIELKA                 ","2025","01","15",3.3,,0.2,,1.7,,-0.5,,0.3,,"W",,"9"
"252180080","KO£UDA WIELKA                 ","2025","01","16",2.7,,1.0,,1.8,,0.5,,,"9",,,"9"
"252180080","KO£UDA WIELKA                 ","2025","01","17",2.7,,1.0,,1.6,,0.0,,,"9",,,"9"
"252180080","KO£UDA WIELKA                 ","2025","01","18",1.5,,-0.8,,-0.2,,-2.2,,,"9",,,"9"
"252180080","KO£UDA WIELKA                 ","2025","01","19",0.2,,-1.2,,-0.5,,-1.5,,,"9",,,"9"
"252180080","KO£UDA WIELKA                 ","2025","01","20",2.9,,-2.2,,0.8,,-2.0,,,"9",,,"9"
"252180080","KO£UDA WIELKA                 ","2025","01","21",2.0,,-1.2,,-0.4,,-3.0,,,"9",,,"9"
"252180080","KO£UDA WIELKA                 ","2025","01","22",4.9,,-2.0,,0.2,,-2.0,,,"9",,,"9"
"252180080","KO£UDA WIELKA                 ","2025","01","23",2.4,,-1.0,,0.6,,-1.5,,1.8,,"W",,"9"
"252180080","KO£UDA WIELKA                 ","2025","01","24",6.4,,1.3,,3.2,,-0.5,,1.2,,"W",,"9"
"252180080","KO£UDA WIELKA                 ","2025","01","25",10.8,,3.4,,7.3,,2.5,,,"9",,,"9"
"252180080","KO£UDA WIELKA                 ","2025","01","26",10.3,,3.8,,6.5,,2.0,,0.5,,"W",,"9"
"252180080","KO£UDA WIELKA                 ","2025","01","27",11.3,,1.0,,5.7,,-0.5,,3.1,,"W",,"9"
"252180080","KO£UDA WIELKA                 ","2025","01","28",9.8,,3.8,,6.5,,1.5,,0.9,,"W",,"9"
"252180080","KO£UDA WIELKA                 ","2025","01","29",8.8,,4.3,,6.1,,3.2,,0.1,,"W",,"9"
"252180080","KO£UDA WIELKA                 ","2025","01","30",9.8,,3.1,,5.1,,0.0,,0.1,,"W",,"9"
"252180080","KO£UDA WIELKA                 ","2025","01","31",4.9,,1.9,,3.2,,-0.2,,6.7,,"W",,"9"
"252200120","LEGIONOWO                     ","2025","01","01",6.3,,-0.6,,3.0,,-2.8,,0.0,,"W",,"9"
"252200120","LEGIONOWO                     ","2025","01","02",8.9,,1.4,,5.0,,0.1,,0.6,,"S",,"9"
"252200120","LEGIONOWO                     ","2025","01","03",1.6,,-2.9,,-0.2,,-4.1,,0.6,,"S",,"9"
"252200120","LEGIONOWO                     ","2025","01","04",0.8,,-4.8,,-2.6,,-7.1,,,"9",,2,
"252200120","LEGIONOWO                     ","2025","01","05",-1.3,,-6.0,,-4.3,,-8.0,,2.2,,"S",2,
"252200120","LEGIONOWO                     ","2025","01","06",4.9,,-4.8,,1.2,,-5.1,,2.8,,"W",1,
"252200120","LEGIONOWO                     ","2025","01","07",5.3,,2.0,,3.8,,0.1,,2.0,,"W",,"9"
"252200120","LEGIONOWO                     ","2025","01","08",5.5,,0.8,,2.3,,-0.6,,0.1,,"S",,"9"
"252200120","LEGIONOWO                     ","2025","01","09",6.0,,-2.0,,2.1,,-4.2,,4.9,,"S",,"9"
"252200120","LEGIONOWO                     ","2025","01","10",7.5,,1.6,,3.3,,0.7,,0.1,,"S",,"9"
"252200120","LEGIONOWO                     ","2025","01","11",1.9,,-0.6,,0.3,,-0.7,,1.7,,"S",0,
"252200120","LEGIONOWO                     ","2025","01","12",0.8,,-0.6,,0.1,,-2.9,,1.2,,"S",3,
"252200120","LEGIONOWO                     ","2025","01","13",0.6,,-1.6,,-0.8,,-2.3,,,"9",,5,
"252200120","LEGIONOWO                     ","2025","01","14",1.1,,-1.5,,-0.5,,-2.2,,6.8,,"S",5,
"252200120","LEGIONOWO                     ","2025","01","15",2.5,,0.0,,1.3,,-0.1,,0.3,,"W",4,
"252200120","LEGIONOWO                     ","2025","01","16",2.2,,1.5,,1.8,,0.9,,,"9",,4,
"252200120","LEGIONOWO                     ","2025","01","17",3.1,,1.7,,2.3,,1.6,,,"9",,,"9"
"252200120","LEGIONOWO                     ","2025","01","18",4.4,,0.5,,1.8,,-0.3,,,"9",,,"9"
"252200120","LEGIONOWO                     ","2025","01","19",1.6,,-0.1,,0.5,,0.0,,,"9",,,"9"
"252200120","LEGIONOWO                     ","2025","01","20",5.6,,-2.0,,0.5,,-1.6,,,"9",,,"9"
"252200120","LEGIONOWO                     ","2025","01","21",3.2,,-1.5,,0.6,,-2.9,,,"9",,,"9"
"252200120","LEGIONOWO                     ","2025","01","22",2.9,,-2.2,,-0.4,,-4.8,,,"9",,,"9"
"252200120","LEGIONOWO                     ","2025","01","23",3.4,,-3.2,,0.9,,-4.7,,,"9",,,"9"
"252200120","LEGIONOWO                     ","2025","01","24",7.9,,1.6,,3.5,,-0.7,,0.0,,"W",,"9"
"252200120","LEGIONOWO                     ","2025","01","25",10.1,,1.4,,6.0,,-1.2,,,"9",,,"9"
"252200120","LEGIONOWO                     ","2025","01","26",9.0,,4.4,,6.3,,3.4,,0.1,,"W",,"9"
"252200120","LEGIONOWO                     ","2025","01","27",10.6,,0.8,,5.0,,-1.4,,,"9",,,"9"
"252200120","LEGIONOWO                     ","2025","01","28",11.4,,4.5,,7.3,,3.6,,,"9",,,"9"
"252200120","LEGIONOWO                     ","2025","01","29",11.3,,7.5,,9.1,,7.1,,,"9",,,"9"
"252200120","LEGIONOWO                     ","2025","01","30",12.1,,3.2,,6.3,,1.6,,,"9",,,"9"
"252200120","LEGIONOWO                     ","2025","01","31",6.8,,0.3,,2.7,,-2.4,,1.2,,"W",,"9"
"252200230","WARSZAWA-FILTRY               ","2025","01","01",6.5,,-1.1,,3.0,,-3.2,,,"9",,,"9"
"252200230","WARSZAWA-FILTRY               ","2025","01","02",8.3,,1.4,,4.7,,0.6,,0.8,,"S",,"9"
"252200230","WARSZAWA-FILTRY               ","2025","01","03",1.7,,-1.3,,0.4,,-2.0,,1.4,,"S",1,
"252200230","WARSZAWA-FILTRY               ","2025","01","04",0.9,,-3.7,,-2.1,,-5.4,,,"9",,3,
"252200230","WARSZAWA-FILTRY               ","2025","01","05",-1.5,,-6.0,,-3.9,,-7.9,,1.7,,"S",2,
"252200230","WARSZAWA-FILTRY               ","2025","01","06",5.3,,-3.5,,1.7,,-3.8,,2.1,,"W",3,
"252200230","WARSZAWA-FILTRY               ","2025","01","07",6.0,,1.9,,4.1,,-0.2,,2.4,,"W",,"9"
"252200230","WARSZAWA-FILTRY               ","2025","01","08",5.0,,1.0,,2.4,,-0.2,,1.4,,"S",,"9"
"252200230","WARSZAWA-FILTRY               ","2025","01","09",6.7,,-1.6,,2.7,,-3.5,,4.7,,"S",,"9"
"252200230","WARSZAWA-FILTRY               ","2025","01","10",7.8,,1.4,,3.4,,1.3,,0.7,,"S",,"9"
"252200230","WARSZAWA-FILTRY               ","2025","01","11",1.9,,-0.7,,0.2,,-0.7,,5.2,,"S",0,
"252200230","WARSZAWA-FILTRY               ","2025","01","12",0.9,,-0.7,,0.1,,-0.7,,1.8,,"S",4,
"252200230","WARSZAWA-FILTRY               ","2025","01","13",0.5,,-1.2,,-0.6,,-1.7,,,"9",,5,
"252200230","WARSZAWA-FILTRY               ","2025","01","14",1.6,,-1.6,,-0.3,,-1.9,,9.6,,"S",2,
"252200230","WARSZAWA-FILTRY               ","2025","01","15",2.4,,0.1,,1.4,,0.1,,1.4,,"W",3,
"252200230","WARSZAWA-FILTRY               ","2025","01","16",2.5,,1.4,,1.8,,1.3,,0.2,,"W",,"9"
"252200230","WARSZAWA-FILTRY               ","2025","01","17",2.6,,1.6,,2.1,,1.6,,,"9",,,"9"
"252200230","WARSZAWA-FILTRY               ","2025","01","18",5.2,,1.0,,2.2,,0.4,,0.0,,"W",,"9"
"252200230","WARSZAWA-FILTRY               ","2025","01","19",1.5,,0.1,,0.7,,0.4,,,"9",,,"9"
"252200230","WARSZAWA-FILTRY               ","2025","01","20",4.1,,-2.1,,0.6,,-1.7,,,"9",,,"9"
"252200230","WARSZAWA-FILTRY               ","2025","01","21",3.5,,-0.2,,1.4,,-1.9,,,"9",,,"9"
"252200230","WARSZAWA-FILTRY               ","2025","01","22",4.9,,-0.6,,1.2,,-3.3,,,"9",,,"9"
"252200230","WARSZAWA-FILTRY               ","2025","01","23",3.4,,-1.2,,1.4,,-3.8,,,"9",,,"9"
"252200230","WARSZAWA-FILTRY               ","2025","01","24",7.0,,3.0,,4.2,,0.6,,,"9",,,"9"
"252200230","WARSZAWA-FILTRY               ","2025","01","25",9.4,,2.1,,5.9,,0.4,,,"9",,,"9"
"252200230","WARSZAWA-FILTRY               ","2025","01","26",8.6,,4.7,,6.4,,3.1,,0.0,,"W",,"9"
"252200230","WARSZAWA-FILTRY               ","2025","01","27",10.8,,2.2,,5.9,,-0.4,,,"9",,,"9"
"252200230","WARSZAWA-FILTRY               ","2025","01","28",11.0,,4.0,,7.0,,2.7,,0.0,,"W",,"9"
"252200230","WARSZAWA-FILTRY               ","2025","01","29",11.1,,7.6,,9.0,,6.6,,,"9",,,"9"
"252200230","WARSZAWA-FILTRY               ","2025","01","30",11.4,,2.2,,6.1,,-1.1,,,"9",,,"9"
"252200230","WARSZAWA-FILTRY               ","2025","01","31",8.0,,0.6,,3.1,,-2.5,,1.1,,"W",,"9"
"252210050","PU£TUSK                       ","2025","01","01",6.1,,0.3,,3.4,,-0.4,,,"9",,,"8"
"252210050","PU£TUSK                       ","2025","01","02",7.7,,0.3,,3.7,,-0.7,,1.4,,"W",,"8"
"252210050","PU£TUSK                       ","2025","01","03",1.5,,-2.8,,-0.2,,-4.7,,0.1,,"W",,"8"
"252210050","PU£TUSK                       ","2025","01","04",0.4,,-4.6,,-2.8,,-5.7,,,"9",,,"8"
"252210050","PU£TUSK                       ","2025","01","05",-1.6,,-5.9,,-4.0,,-6.4,,,"9",,,"8"
"252210050","PU£TUSK                       ","2025","01","06",5.1,,-4.6,,1.1,,-4.9,,2.4,,"W",,"8"
"252210050","PU£TUSK                       ","2025","01","07",5.4,,2.6,,4.0,,0.8,,1.3,,"W",,"8"
"252210050","PU£TUSK                       ","2025","01","08",5.4,,0.8,,2.3,,-0.2,,,"9",,,"8"
"252210050","PU£TUSK                       ","2025","01","09",5.0,,-2.1,,1.9,,-2.9,,3.0,,"W",,"8"
"252210050","PU£TUSK                       ","2025","01","10",7.0,,1.2,,3.0,,1.0,,0.1,,"W",,"8"
"252210050","PU£TUSK                       ","2025","01","11",1.6,,-0.7,,0.1,,-1.1,,,"9",,,"8"
"252210050","PU£TUSK                       ","2025","01","12",0.7,,-0.8,,-0.2,,-0.9,,0.7,,"W",,"8"
"252210050","PU£TUSK                       ","2025","01","13",-0.1,,-3.1,,-1.7,,-2.9,,0.2,,"W",,"8"
"252210050","PU£TUSK                       ","2025","01","14",0.5,,-2.5,,-1.0,,-2.1,,5.0,,"W",,"8"
"252210050","PU£TUSK                       ","2025","01","15",2.2,,0.0,,1.2,,-0.1,,5.7,,"W",,"8"
"252210050","PU£TUSK                       ","2025","01","16",1.9,,1.0,,1.5,,1.0,,0.1,,"W",,"8"
"252210050","PU£TUSK                       ","2025","01","17",3.2,,1.5,,2.2,,1.5,,0.7,,"W",,"8"
"252210050","PU£TUSK                       ","2025","01","18",2.5,,0.0,,1.1,,-0.9,,,"9",,,"8"
"252210050","PU£TUSK                       ","2025","01","19",1.7,,-0.5,,0.4,,-0.1,,,"9",,,"8"
"252210050","PU£TUSK                       ","2025","01","20",0.4,,-1.9,,-0.9,,-1.3,,,"9",,,"8"
"252210050","PU£TUSK                       ","2025","01","21",2.2,,-1.8,,-0.1,,-2.2,,,"9",,,"8"
"252210050","PU£TUSK                       ","2025","01","22",0.3,,-0.9,,-0.5,,-1.1,,,"9",,,"8"
"252210050","PU£TUSK                       ","2025","01","23",3.3,,-2.1,,0.6,,-1.5,,,"9",,,"8"
"252210050","PU£TUSK                       ","2025","01","24",6.5,,1.7,,3.2,,-0.5,,,"9",,,"8"
"252210050","PU£TUSK                       ","2025","01","25",8.8,,1.1,,5.4,,-0.5,,,"9",,,"8"
"252210050","PU£TUSK                       ","2025","01","26",8.5,,3.7,,5.7,,0.9,,,"9",,,"8"
"252210050","PU£TUSK                       ","2025","01","27",11.1,,1.2,,5.2,,-0.2,,,"9",,,"8"
"252210050","PU£TUSK                       ","2025","01","28",9.4,,4.8,,6.9,,3.1,,,"9",,,"8"
"252210050","PU£TUSK                       ","2025","01","29",10.7,,7.0,,8.5,,6.5,,,"9",,,"8"
"252210050","PU£TUSK                       ","2025","01","30",10.7,,3.5,,6.0,,1.0,,0.7,,"W",,"8"
"252210050","PU£TUSK                       ","2025","01","31",6.4,,-0.1,,2.2,,-2.2,,0.5,,"W",,"8"
"252210170","WARSZAWA-OBSERWATORIUM II     ","2025","01","01",6.3,,-0.8,,3.0,,,"8",,"8",,,"8"
"252210170","WARSZAWA-OBSERWATORIUM II     ","2025","01","02",8.0,,1.2,,4.5,,,"8",,"8",,,"8"
"252210170","WARSZAWA-OBSERWATORIUM II     ","2025","01","03",1.5,,-1.4,,0.3,,,"8",,"8",,,"8"
"252210170","WARSZAWA-OBSERWATORIUM II     ","2025","01","04",0.7,,-3.8,,-2.2,,,"8",,"8",,,"8"
"252210170","WARSZAWA-OBSERWATORIUM II     ","2025","01","05",-2.2,,-5.9,,-4.2,,,"8",,"8",,,"8"
"252210170","WARSZAWA-OBSERWATORIUM II     ","2025","01","06",4.2,,-4.1,,0.9,,,"8",,"8",,,"8"
"252210170","WARSZAWA-OBSERWATORIUM II     ","2025","01","07",5.2,,1.8,,3.6,,,"8",,"8",,,"8"
"252210170","WARSZAWA-OBSERWATORIUM II     ","2025","01","08",4.9,,0.7,,2.2,,,"8",,"8",,,"8"
"252210170","WARSZAWA-OBSERWATORIUM II     ","2025","01","09",5.3,,-2.2,,1.4,,,"8",,"8",,,"8"
"252210170","WARSZAWA-OBSERWATORIUM II     ","2025","01","10",7.2,,1.2,,3.1,,,"8",,"8",,,"8"
"252210170","WARSZAWA-OBSERWATORIUM II     ","2025","01","11",1.7,,-0.8,,0.1,,,"8",,"8",,,"8"
"252210170","WARSZAWA-OBSERWATORIUM II     ","2025","01","12",0.7,,-0.8,,-0.1,,,"8",,"8",,,"8"
"252210170","WARSZAWA-OBSERWATORIUM II     ","2025","01","13",0.3,,-1.2,,-0.7,,,"8",,"8",,,"8"
"252210170","WARSZAWA-OBSERWATORIUM II     ","2025","01","14",1.9,,-1.7,,-0.3,,,"8",,"8",,,"8"
"252210170","WARSZAWA-OBSERWATORIUM II     ","2025","01","15",2.3,,0.0,,1.2,,,"8",,"8",,,"8"
"252210170","WARSZAWA-OBSERWATORIUM II     ","2025","01","16",2.1,,1.3,,1.7,,,"8",,"8",,,"8"
"252210170","WARSZAWA-OBSERWATORIUM II     ","2025","01","17",2.5,,1.6,,2.0,,,"8",,"8",,,"8"
"252210170","WARSZAWA-OBSERWATORIUM II     ","2025","01","18",4.5,,1.1,,2.1,,,"8",,"8",,,"8"
"252210170","WARSZAWA-OBSERWATORIUM II     ","2025","01","19",1.7,,-0.1,,0.6,,,"8",,"8",,,"8"
"252210170","WARSZAWA-OBSERWATORIUM II     ","2025","01","20",2.6,,-2.3,,-0.3,,,"8",,"8",,,"8"
"252210170","WARSZAWA-OBSERWATORIUM II     ","2025","01","21",3.1,,-1.1,,0.8,,,"8",,"8",,,"8"
"252210170","WARSZAWA-OBSERWATORIUM II     ","2025","01","22",4.5,,-0.1,,1.3,,,"8",,"8",,,"8"
"252210170","WARSZAWA-OBSERWATORIUM II     ","2025","01","23",3.0,,-1.5,,1.0,,,"8",,"8",,,"8"
"252210170","WARSZAWA-OBSERWATORIUM II     ","2025","01","24",6.4,,1.5,,3.2,,,"8",,"8",,,"8"
"252210170","WARSZAWA-OBSERWATORIUM II     ","2025","01","25",8.9,,0.9,,5.2,,,"8",,"8",,,"8"
"252210170","WARSZAWA-OBSERWATORIUM II     ","2025","01","26",8.1,,3.4,,5.6,,,"8",,"8",,,"8"
"252210170","WARSZAWA-OBSERWATORIUM II     ","2025","01","27",10.0,,0.6,,4.3,,,"8",,"8",,,"8"
"252210170","WARSZAWA-OBSERWATORIUM II     ","2025","01","28",9.9,,3.4,,6.4,,,"8",,"8",,,"8"
"252210170","WARSZAWA-OBSERWATORIUM II     ","2025","01","29",10.7,,7.4,,8.8,,,"8",,"8",,,"8"
"252210170","WARSZAWA-OBSERWATORIUM II     ","2025","01","30",10.6,,2.6,,5.4,,,"8",,"8",,,"8"
"252210170","WARSZAWA-OBSERWATORIUM II     ","2025","01","31",7.2,,-0.1,,2.4,,,"8",,"8",,,"8"
"252220030","SZEPIETOWO                    ","2025","01","01",5.2,,0.0,,2.5,,-2.5,,,"9",,,"9"
"252220030","SZEPIETOWO                    ","2025","01","02",7.2,,1.0,,3.9,,-2.0,,0.5,,"W",,"9"
"252220030","SZEPIETOWO                    ","2025","01","03",1.2,,-3.0,,-1.3,,-6.9,,0.3,,"S",,"9"
"252220030","SZEPIETOWO                    ","2025","01","04",-1.0,,-5.0,,-3.6,,-7.4,,,"9",,1,
"252220030","SZEPIETOWO                    ","2025","01","05",-1.2,,-6.0,,-4.6,,-10.8,,0.2,,"S",,"9"
"252220030","SZEPIETOWO                    ","2025","01","06",2.7,,-5.9,,-0.9,,-8.8,,3.1,,"W",1,
"252220030","SZEPIETOWO                    ","2025","01","07",5.2,,0.5,,2.7,,-3.9,,4.0,,"W",,"9"
"252220030","SZEPIETOWO                    ","2025","01","08",3.1,,-0.5,,0.9,,-3.4,,,"9",,,"9"
"252220030","SZEPIETOWO                    ","2025","01","09",3.2,,-2.0,,0.5,,-4.9,,4.9,,"S",,"9"
"252220030","SZEPIETOWO                    ","2025","01","10",6.7,,-0.4,,2.0,,-1.5,,,"9",,,"9"
"252220030","SZEPIETOWO                    ","2025","01","11",0.3,,-1.5,,-0.8,,-4.4,,0.8,,"S",,"9"
"252220030","SZEPIETOWO                    ","2025","01","12",0.3,,-1.5,,-0.8,,-3.9,,,"9",,1,
"252220030","SZEPIETOWO                    ","2025","01","13",-1.0,,-2.6,,-2.2,,-4.9,,,"9",,1,
"252220030","SZEPIETOWO                    ","2025","01","14",-0.2,,-2.5,,-1.3,,-6.4,,2.5,,"S",1,
"252220030","SZEPIETOWO                    ","2025","01","15",2.2,,-1.0,,0.8,,-3.4,,0.8,,"W",1,
"252220030","SZEPIETOWO                    ","2025","01","16",1.8,,0.5,,1.4,,-2.0,,,"9",,,"9"
"252220030","SZEPIETOWO                    ","2025","01","17",2.7,,1.0,,1.7,,-1.0,,,"9",,,"9"
"252220030","SZEPIETOWO                    ","2025","01","18",2.3,,-0.5,,0.9,,-3.9,,,"9",,,"9"
"252220030","SZEPIETOWO                    ","2025","01","19",1.9,,-0.2,,0.6,,-2.0,,,"9",,,"9"
"252220030","SZEPIETOWO                    ","2025","01","20",0.0,,-2.2,,-1.4,,-4.9,,,"9",,,"9"
"252220030","SZEPIETOWO                    ","2025","01","21",1.8,,-1.5,,0.0,,-4.4,,0.9,,"W",,"9"
"252220030","SZEPIETOWO                    ","2025","01","22",1.8,,-0.5,,0.5,,-3.4,,0.5,,"W",,"9"
"252220030","SZEPIETOWO                    ","2025","01","23",3.2,,-0.5,,1.2,,-2.9,,,"9",,,"9"
"252220030","SZEPIETOWO                    ","2025","01","24",4.2,,0.5,,2.3,,-3.4,,0.1,,"W",,"9"
"252220030","SZEPIETOWO                    ","2025","01","25",7.2,,0.0,,3.5,,-2.9,,,"9",,,"9"
"252220030","SZEPIETOWO                    ","2025","01","26",6.7,,2.5,,4.7,,-0.5,,,"9",,,"9"
"252220030","SZEPIETOWO                    ","2025","01","27",9.2,,0.0,,4.2,,-3.9,,,"9",,,"9"
"252220030","SZEPIETOWO                    ","2025","01","28",9.7,,2.0,,5.3,,-1.0,,2.0,,"W",,"9"
"252220030","SZEPIETOWO                    ","2025","01","29",9.7,,3.0,,6.6,,1.0,,,"9",,,"9"
"252220030","SZEPIETOWO                    ","2025","01","30",9.2,,2.0,,5.0,,-1.5,,,"9",,,"9"
"252220030","SZEPIETOWO                    ","2025","01","31",7.2,,-0.5,,2.2,,-3.9,,2.3,,"W",,"9"
"253140060","GOLENIÓW                      ","2025","01","01",7.4,,2.1,,5.0,,,"8",0.2,,"W",,"9"
"253140060","GOLENIÓW                      ","2025","01","02",8.2,,-2.9,,1.5,,,"8",0.0,,"W",,"9"
"253140060","GOLENIÓW                      ","2025","01","03",2.2,,-3.0,,-0.9,,,"8",0.2,,"S",0,
"253140060","GOLENIÓW                      ","2025","01","04",-0.4,,-6.9,,-2.8,,,"8",,"9",,1,
"253140060","GOLENIÓW                      ","2025","01","05",0.2,,-1.4,,-0.5,,,"8",8.0,,"S",1,
"253140060","GOLENIÓW                      ","2025","01","06",7.8,,-1.5,,3.7,,,"8",1.2,,"W",1,
"253140060","GOLENIÓW                      ","2025","01","07",10.1,,1.6,,5.0,,,"8",2.0,,"S",,"9"
"253140060","GOLENIÓW                      ","2025","01","08",4.1,,-0.1,,2.1,,,"8",0.1,,"S",,"9"
"253140060","GOLENIÓW                      ","2025","01","09",3.1,,-0.7,,0.7,,,"8",7.4,,"S",0,
"253140060","GOLENIÓW                      ","2025","01","10",1.5,,0.2,,0.8,,,"8",2.4,,"S",7,
"253140060","GOLENIÓW                      ","2025","01","11",0.7,,-0.3,,0.3,,,"8",2.6,,"S",8,
"253140060","GOLENIÓW                      ","2025","01","12",0.6,,-0.5,,-0.1,,,"8",0.0,,"W",16,
"253140060","GOLENIÓW                      ","2025","01","13",-0.5,,-9.4,,-5.4,,,"8",,"9",,15,
"253140060","GOLENIÓW                      ","2025","01","14",0.7,,-3.8,,-1.5,,,"8",3.0,,"W",13,
"253140060","GOLENIÓW                      ","2025","01","15",3.7,,0.6,,2.4,,,"8",,"9",,8,
"253140060","GOLENIÓW                      ","2025","01","16",3.1,,1.1,,2.2,,,"8",,"9",,6,
"253140060","GOLENIÓW                      ","2025","01","17",3.3,,0.5,,1.3,,,"8",,"9",,,"9"
"253140060","GOLENIÓW                      ","2025","01","18",0.7,,-1.8,,-1.2,,,"8",,"9",,,"9"
"253140060","GOLENIÓW                      ","2025","01","19",-0.6,,-2.7,,-2.1,,,"8",,"9",,,"9"
"253140060","GOLENIÓW                      ","2025","01","20",4.2,,-3.3,,0.1,,,"8",,"9",,,"9"
"253140060","GOLENIÓW                      ","2025","01","21",1.1,,-1.6,,-0.7,,,"8",,"9",,,"9"
"253140060","GOLENIÓW                      ","2025","01","22",-0.8,,-2.8,,-1.7,,,"8",,"9",,,"9"
"253140060","GOLENIÓW                      ","2025","01","23",2.9,,-0.8,,1.2,,,"8",2.6,,"S",,"9"
"253140060","GOLENIÓW                      ","2025","01","24",5.7,,0.4,,3.0,,,"8",0.7,,"W",,"9"
"253140060","GOLENIÓW                      ","2025","01","25",12.6,,4.9,,8.0,,,"8",4.1,,"W",,"9"
"253140060","GOLENIÓW                      ","2025","01","26",8.9,,2.2,,5.3,,,"8",0.3,,"W",,"9"
"253140060","GOLENIÓW                      ","2025","01","27",9.9,,1.3,,5.7,,,"8",0.6,,"W",,"9"
"253140060","GOLENIÓW                      ","2025","01","28",8.3,,4.7,,6.0,,,"8",1.8,,"W",,"9"
"253140060","GOLENIÓW                      ","2025","01","29",7.1,,3.4,,5.2,,,"8",0.5,,"W",,"9"
"253140060","GOLENIÓW                      ","2025","01","30",7.4,,3.1,,5.3,,,"8",1.7,,"W",,"9"
"253140060","GOLENIÓW                      ","2025","01","31",5.7,,2.2,,3.8,,,"8",0.7,,"W",,"9"
"253170210","CHRZ¥STOWO                    ","2025","01","01",6.3,,-0.6,,3.3,,-1.6,,0.8,,"W",,"9"
"253170210","CHRZ¥STOWO                    ","2025","01","02",7.0,,-1.2,,2.6,,-3.2,,0.8,,"S",,"9"
"253170210","CHRZ¥STOWO                    ","2025","01","03",1.7,,-2.2,,-0.6,,-4.4,,0.2,,"S",0,
"253170210","CHRZ¥STOWO                    ","2025","01","04",-1.6,,-5.0,,-3.5,,-7.1,,,"9",,1,
"253170210","CHRZ¥STOWO                    ","2025","01","05",-1.7,,-4.3,,-2.9,,-6.4,,2.0,,"S",1,
"253170210","CHRZ¥STOWO                    ","2025","01","06",6.6,,-2.6,,2.4,,-4.2,,0.8,,"W",1,
"253170210","CHRZ¥STOWO                    ","2025","01","07",7.5,,3.0,,4.8,,2.0,,3.2,,"S",,"9"
"253170210","CHRZ¥STOWO                    ","2025","01","08",4.4,,-0.6,,1.5,,-2.2,,0.0,,"S",2,
"253170210","CHRZ¥STOWO                    ","2025","01","09",3.5,,-1.8,,1.1,,-4.0,,7.8,,"S",0,
"253170210","CHRZ¥STOWO                    ","2025","01","10",6.9,,-0.6,,1.8,,-1.9,,0.9,,"S",,"9"
"253170210","CHRZ¥STOWO                    ","2025","01","11",0.8,,-1.0,,0.2,,-2.1,,0.5,,"S",0,
"253170210","CHRZ¥STOWO                    ","2025","01","12",1.6,,-0.8,,0.8,,-1.2,,0.1,,"S",2,
"253170210","CHRZ¥STOWO                    ","2025","01","13",1.4,,-3.4,,-1.8,,-5.5,,,"9",,,"9"
"253170210","CHRZ¥STOWO                    ","2025","01","14",0.5,,-3.4,,-1.5,,-4.2,,3.6,,"W",,"9"
"253170210","CHRZ¥STOWO                    ","2025","01","15",3.2,,-0.4,,1.5,,-1.0,,0.4,,"W",,"9"
"253170210","CHRZ¥STOWO                    ","2025","01","16",2.6,,0.8,,1.7,,0.5,,0.1,,"W",,"9"
"253170210","CHRZ¥STOWO                    ","2025","01","17",2.4,,1.2,,1.7,,0.8,,,"9",,,"9"
"253170210","CHRZ¥STOWO                    ","2025","01","18",1.4,,-1.8,,-0.5,,-2.2,,,"9",,,"9"
"253170210","CHRZ¥STOWO                    ","2025","01","19",-0.4,,-1.9,,-1.3,,-1.4,,0.1,,"W",,"9"
"253170210","CHRZ¥STOWO                    ","2025","01","20",0.0,,-2.6,,-1.2,,-2.2,,,"9",,,"9"
"253170210","CHRZ¥STOWO                    ","2025","01","21",0.0,,-2.8,,-1.3,,-4.1,,,"9",,,"9"
"253170210","CHRZ¥STOWO                    ","2025","01","22",-0.7,,-2.8,,-2.0,,-2.7,,,"9",,,"9"
"253170210","CHRZ¥STOWO                    ","2025","01","23",1.2,,-3.0,,-0.6,,-2.6,,2.2,,"S",,"9"
"253170210","CHRZ¥STOWO                    ","2025","01","24",5.2,,0.8,,2.6,,-0.5,,1.1,,"W",,"9"
"253170210","CHRZ¥STOWO                    ","2025","01","25",9.5,,2.6,,6.2,,1.5,,0.9,,"W",,"9"
"253170210","CHRZ¥STOWO                    ","2025","01","26",8.2,,2.8,,5.2,,1.7,,5.0,,"W",,"9"
"253170210","CHRZ¥STOWO                    ","2025","01","27",8.9,,1.7,,5.2,,-0.5,,0.2,,"W",,"9"
"253170210","CHRZ¥STOWO                    ","2025","01","28",9.6,,5.7,,7.0,,3.2,,0.3,,"W",,"9"
"253170210","CHRZ¥STOWO                    ","2025","01","29",8.4,,5.1,,6.3,,2.4,,0.6,,"W",,"9"
"253170210","CHRZ¥STOWO                    ","2025","01","30",8.1,,3.8,,5.3,,2.0,,2.7,,"W",,"9"
"253170210","CHRZ¥STOWO                    ","2025","01","31",5.7,,1.2,,3.3,,0.0,,4.7,,"W",,"9"
"253220330","MARIANOWO II                  ","2025","01","01",5.3,,1.0,,3.4,,-0.5,,0.5,,"W",,"9"
"253220330","MARIANOWO II                  ","2025","01","02",7.0,,-0.2,,2.9,,-1.4,,1.8,,"W",,"9"
"253220330","MARIANOWO II                  ","2025","01","03",0.8,,-3.3,,-1.2,,-4.6,,1.3,,"S",,"9"
"253220330","MARIANOWO II                  ","2025","01","04",-0.2,,-5.6,,-3.8,,-9.0,,,"9",,4,
"253220330","MARIANOWO II                  ","2025","01","05",-1.5,,-6.4,,-3.6,,-10.0,,0.4,,"S",4,
"253220330","MARIANOWO II                  ","2025","01","06",3.7,,-4.8,,-0.1,,-6.5,,1.4,,"S",3,
"253220330","MARIANOWO II                  ","2025","01","07",5.2,,3.4,,4.4,,1.6,,5.2,,"W",,"9"
"253220330","MARIANOWO II                  ","2025","01","08",5.0,,0.7,,1.9,,-1.1,,,"9",,,"9"
"253220330","MARIANOWO II                  ","2025","01","09",3.6,,-1.0,,1.5,,-2.0,,3.2,,"S",,"9"
"253220330","MARIANOWO II                  ","2025","01","10",7.3,,0.1,,2.6,,-0.3,,1.3,,"S",,"9"
"253220330","MARIANOWO II                  ","2025","01","11",0.9,,-1.0,,-0.4,,-2.0,,0.7,,"S",2,
"253220330","MARIANOWO II                  ","2025","01","12",-0.3,,-1.0,,-0.7,,-2.2,,1.4,,"S",3,
"253220330","MARIANOWO II                  ","2025","01","13",-0.5,,-2.7,,-1.9,,-3.8,,,"9",,3,
"253220330","MARIANOWO II                  ","2025","01","14",-0.6,,-2.7,,-1.6,,-4.6,,4.3,,"W",3,
"253220330","MARIANOWO II                  ","2025","01","15",2.0,,-0.9,,0.7,,-0.9,,0.3,,"W",2,
"253220330","MARIANOWO II                  ","2025","01","16",2.8,,0.0,,1.3,,0.1,,0.2,,"W",,"9"
"253220330","MARIANOWO II                  ","2025","01","17",3.0,,0.8,,1.7,,0.5,,,"9",,,"9"
"253220330","MARIANOWO II                  ","2025","01","18",2.3,,-0.4,,0.9,,-1.5,,,"9",,,"9"
"253220330","MARIANOWO II                  ","2025","01","19",2.8,,-0.7,,0.6,,-0.5,,,"9",,,"9"
"253220330","MARIANOWO II                  ","2025","01","20",-0.6,,-1.6,,-1.2,,-1.6,,0.1,,"S",,"9"
"253220330","MARIANOWO II                  ","2025","01","21",1.5,,-1.6,,0.2,,-1.3,,,"9",,,"9"
"253220330","MARIANOWO II                  ","2025","01","22",0.8,,-0.5,,0.1,,-0.5,,,"9",,,"9"
"253220330","MARIANOWO II                  ","2025","01","23",2.5,,-0.3,,1.0,,-1.0,,0.3,,"W",,"9"
"253220330","MARIANOWO II                  ","2025","01","24",4.2,,0.4,,2.1,,-0.3,,0.1,,"W",,"9"
"253220330","MARIANOWO II                  ","2025","01","25",7.2,,1.0,,4.1,,-0.5,,,"9",,,"9"
"253220330","MARIANOWO II                  ","2025","01","26",7.8,,2.4,,4.9,,1.0,,0.4,,"W",,"9"
"253220330","MARIANOWO II                  ","2025","01","27",8.6,,2.9,,5.3,,0.7,,0.3,,"W",,"9"
"253220330","MARIANOWO II                  ","2025","01","28",8.4,,2.9,,5.6,,0.8,,0.1,,"W",,"9"
"253220330","MARIANOWO II                  ","2025","01","29",9.9,,4.0,,7.4,,3.2,,0.2,,"W",,"9"
"253220330","MARIANOWO II                  ","2025","01","30",8.8,,5.4,,6.3,,0.5,,,"9",,,"9"
"253220330","MARIANOWO II                  ","2025","01","31",6.1,,1.1,,2.7,,-2.2,,4.4,,"S",,"9"
"254180090","GDAÑSK-RÊBIECHOWO             ","2025","01","01",5.4,,1.4,,3.9,,,"8",3.3,,"W",,"9"
"254180090","GDAÑSK-RÊBIECHOWO             ","2025","01","02",6.4,,-1.0,,2.3,,,"8",4.9,,"S",,"9"
"254180090","GDAÑSK-RÊBIECHOWO             ","2025","01","03",0.3,,-2.0,,-1.2,,,"8",4.1,,"S",1,
"254180090","GDAÑSK-RÊBIECHOWO             ","2025","01","04",-1.7,,-7.3,,-4.8,,,"8",,"9",,12,
"254180090","GDAÑSK-RÊBIECHOWO             ","2025","01","05",0.1,,-4.3,,-2.3,,,"8",2.7,,"S",12,
"254180090","GDAÑSK-RÊBIECHOWO             ","2025","01","06",5.1,,-4.0,,0.7,,,"8",5.1,,"W",13,
"254180090","GDAÑSK-RÊBIECHOWO             ","2025","01","07",7.0,,3.2,,4.6,,,"8",0.4,,"S",4,
"254180090","GDAÑSK-RÊBIECHOWO             ","2025","01","08",3.5,,0.6,,1.7,,,"8",0.0,,"W",,"9"
"254180090","GDAÑSK-RÊBIECHOWO             ","2025","01","09",1.9,,-1.1,,-0.1,,,"8",15.0,,"S",,"9"
"254180090","GDAÑSK-RÊBIECHOWO             ","2025","01","10",1.7,,-0.4,,0.3,,,"8",3.7,,"S",3,
"254180090","GDAÑSK-RÊBIECHOWO             ","2025","01","11",1.5,,-1.1,,0.0,,,"8",10.4,,"S",13,
"254180090","GDAÑSK-RÊBIECHOWO             ","2025","01","12",2.2,,0.1,,1.3,,,"8",1.3,,"S",19,
"254180090","GDAÑSK-RÊBIECHOWO             ","2025","01","13",2.3,,-2.6,,-0.4,,,"8",,"9",,12,
"254180090","GDAÑSK-RÊBIECHOWO             ","2025","01","14",0.8,,-2.6,,-0.5,,,"8",2.8,,"S",12,
"254180090","GDAÑSK-RÊBIECHOWO             ","2025","01","15",3.1,,0.8,,2.0,,,"8",,"9",,9,
"254180090","GDAÑSK-RÊBIECHOWO             ","2025","01","16",4.2,,-0.2,,1.8,,,"8",,"9",,6,
"254180090","GDAÑSK-RÊBIECHOWO             ","2025","01","17",3.0,,0.6,,1.7,,,"8",,"9",,,"9"
"254180090","GDAÑSK-RÊBIECHOWO             ","2025","01","18",3.5,,0.3,,2.0,,,"8",0.1,,"W",,"9"
"254180090","GDAÑSK-RÊBIECHOWO             ","2025","01","19",5.8,,-0.6,,1.5,,,"8",,"9",,,"9"
"254180090","GDAÑSK-RÊBIECHOWO             ","2025","01","20",6.4,,-2.8,,0.0,,,"8",,"9",,,"9"
"254180090","GDAÑSK-RÊBIECHOWO             ","2025","01","21",-0.6,,-2.3,,-1.4,,,"8",0.0,,"W",,"9"
"254180090","GDAÑSK-RÊBIECHOWO             ","2025","01","22",0.0,,-2.7,,-1.9,,,"8",0.0,,"W",,"9"
"254180090","GDAÑSK-RÊBIECHOWO             ","2025","01","23",0.6,,-3.1,,-0.9,,,"8",0.7,,"S",,"9"
"254180090","GDAÑSK-RÊBIECHOWO             ","2025","01","24",4.3,,0.5,,2.2,,,"8",0.2,,"W",,"9"
"254180090","GDAÑSK-RÊBIECHOWO             ","2025","01","25",8.9,,2.6,,6.0,,,"8",0.1,,"W",,"9"
"254180090","GDAÑSK-RÊBIECHOWO             ","2025","01","26",8.7,,4.2,,5.9,,,"8",1.8,,"W",,"9"
"254180090","GDAÑSK-RÊBIECHOWO             ","2025","01","27",6.7,,2.0,,4.4,,,"8",0.1,,"W",,"9"
"254180090","GDAÑSK-RÊBIECHOWO             ","2025","01","28",10.1,,5.8,,7.4,,,"8",0.3,,"W",,"9"
"254180090","GDAÑSK-RÊBIECHOWO             ","2025","01","29",7.4,,5.8,,6.4,,,"8",0.1,,"W",,"9"
"254180090","GDAÑSK-RÊBIECHOWO             ","2025","01","30",8.5,,4.2,,5.8,,,"8",0.9,,"W",,"9"
"254180090","GDAÑSK-RÊBIECHOWO             ","2025","01","31",6.2,,2.0,,3.7,,,"8",4.0,,"W",,"9"
"254200080","LIDZBARK WARMIÑSKI            ","2025","01","01",5.9,,1.2,,4.2,,0.7,,2.1,,"W",,"9"
"254200080","LIDZBARK WARMIÑSKI            ","2025","01","02",7.0,,-0.7,,2.9,,-1.3,,3.2,,"S",,"9"
"254200080","LIDZBARK WARMIÑSKI            ","2025","01","03",1.4,,-3.2,,-0.9,,-4.9,,4.4,,"S",2,
"254200080","LIDZBARK WARMIÑSKI            ","2025","01","04",-0.6,,-4.7,,-3.1,,-7.4,,1.2,,"S",8,
"254200080","LIDZBARK WARMIÑSKI            ","2025","01","05",-0.6,,-5.8,,-3.5,,-8.5,,0.3,,"S",9,
"254200080","LIDZBARK WARMIÑSKI            ","2025","01","06",4.4,,-4.2,,0.5,,-6.4,,5.7,,"S",9,
"254200080","LIDZBARK WARMIÑSKI            ","2025","01","07",7.0,,3.6,,5.4,,2.6,,2.2,,"S",5,
"254200080","LIDZBARK WARMIÑSKI            ","2025","01","08",4.9,,-0.2,,1.9,,-0.8,,0.8,,"S",,"9"
"254200080","LIDZBARK WARMIÑSKI            ","2025","01","09",2.4,,-1.2,,0.7,,-2.4,,4.4,,"S",,"9"
"254200080","LIDZBARK WARMIÑSKI            ","2025","01","10",2.4,,0.7,,1.5,,0.2,,5.1,,"S",,"9"
"254200080","LIDZBARK WARMIÑSKI            ","2025","01","11",0.9,,-0.7,,0.1,,-0.8,,3.6,,"S",3,
"254200080","LIDZBARK WARMIÑSKI            ","2025","01","12",0.9,,-2.2,,-0.4,,-3.4,,0.2,,"S",8,
"254200080","LIDZBARK WARMIÑSKI            ","2025","01","13",0.9,,-8.3,,-3.5,,-10.0,,,"9",,7,
"254200080","LIDZBARK WARMIÑSKI            ","2025","01","14",0.4,,-2.7,,-0.8,,-4.4,,4.2,,"W",7,
"254200080","LIDZBARK WARMIÑSKI            ","2025","01","15",3.9,,-0.2,,2.2,,0.7,,0.2,,"W",5,
"254200080","LIDZBARK WARMIÑSKI            ","2025","01","16",3.4,,0.7,,2.2,,0.7,,0.0,,"W",,"9"
"254200080","LIDZBARK WARMIÑSKI            ","2025","01","17",4.9,,0.7,,2.4,,0.2,,,"9",,,"9"
"254200080","LIDZBARK WARMIÑSKI            ","2025","01","18",3.4,,0.7,,2.1,,0.7,,0.5,,"W",,"9"
"254200080","LIDZBARK WARMIÑSKI            ","2025","01","19",3.4,,0.3,,1.4,,0.2,,,"9",,,"9"
"254200080","LIDZBARK WARMIÑSKI            ","2025","01","20",1.9,,-1.7,,-0.2,,-3.9,,,"9",,,"9"
"254200080","LIDZBARK WARMIÑSKI            ","2025","01","21",0.9,,-1.2,,-0.1,,-2.9,,,"9",,,"9"
"254200080","LIDZBARK WARMIÑSKI            ","2025","01","22",0.4,,-1.7,,-0.7,,-1.8,,,"9",,,"9"
"254200080","LIDZBARK WARMIÑSKI            ","2025","01","23",2.4,,-2.7,,0.2,,-3.4,,,"9",,,"9"
"254200080","LIDZBARK WARMIÑSKI            ","2025","01","24",5.4,,1.7,,3.1,,0.7,,1.5,,"W",,"9"
"254200080","LIDZBARK WARMIÑSKI            ","2025","01","25",9.0,,1.7,,5.8,,0.7,,0.1,,"W",,"9"
"254200080","LIDZBARK WARMIÑSKI            ","2025","01","26",9.0,,4.0,,6.1,,3.6,,1.8,,"W",,"9"
"254200080","LIDZBARK WARMIÑSKI            ","2025","01","27",8.5,,5.0,,6.9,,1.6,,0.2,,"W",,"9"
"254200080","LIDZBARK WARMIÑSKI            ","2025","01","28",10.5,,5.0,,7.5,,3.6,,1.0,,"W",,"9"
"254200080","LIDZBARK WARMIÑSKI            ","2025","01","29",10.0,,5.9,,7.9,,5.0,,,"9",,,"9"
"254200080","LIDZBARK WARMIÑSKI            ","2025","01","30",9.5,,5.0,,6.8,,3.6,,0.3,,"W",,"9"
"254200080","LIDZBARK WARMIÑSKI            ","2025","01","31",7.0,,-0.2,,3.0,,0.2,,15.6,,"S",,"9"
"254220090","OLECKO                        ","2025","01","01",4.8,,1.0,,3.1,,0.6,,3.8,,"W",,"9"
"254220090","OLECKO                        ","2025","01","02",5.7,,-0.8,,2.4,,-1.2,,3.7,,"S",,"9"
"254220090","OLECKO                        ","2025","01","03",0.3,,-3.4,,-1.6,,-4.3,,1.6,,"S",0,
"254220090","OLECKO                        ","2025","01","04",-0.7,,-5.9,,-4.3,,-7.5,,0.4,,"S",4,
"254220090","OLECKO                        ","2025","01","05",-0.9,,-7.6,,-3.9,,-10.0,,,"9",,5,
"254220090","OLECKO                        ","2025","01","06",1.1,,-4.9,,-1.7,,-6.0,,3.5,,"S",4,
"254220090","OLECKO                        ","2025","01","07",2.8,,1.1,,2.2,,-0.2,,4.8,,"W",5,
"254220090","OLECKO                        ","2025","01","08",2.8,,0.0,,1.1,,-1.4,,,"9",,,"9"
"254220090","OLECKO                        ","2025","01","09",1.6,,-1.6,,0.1,,-2.1,,1.8,,"S",,"9"
"254220090","OLECKO                        ","2025","01","10",5.3,,0.3,,2.2,,-0.1,,0.6,,"S",,"9"
"254220090","OLECKO                        ","2025","01","11",0.3,,-1.1,,-0.6,,-1.2,,0.5,,"S",1,
"254220090","OLECKO                        ","2025","01","12",-0.4,,-1.5,,-0.9,,-1.6,,0.7,,"S",2,
"254220090","OLECKO                        ","2025","01","13",-0.5,,-4.9,,-2.7,,-6.1,,,"9",,3,
"254220090","OLECKO                        ","2025","01","14",0.0,,-2.4,,-1.2,,-3.0,,4.8,,"W",2,
"254220090","OLECKO                        ","2025","01","15",2.5,,-0.5,,1.3,,-0.5,,0.5,,"W",1,
"254220090","OLECKO                        ","2025","01","16",2.3,,0.1,,1.3,,0.1,,0.1,,"W",,"9"
"254220090","OLECKO                        ","2025","01","17",2.9,,2.0,,2.4,,1.4,,,"9",,,"9"
"254220090","OLECKO                        ","2025","01","18",4.8,,-0.2,,2.6,,-0.7,,,"9",,,"9"
"254220090","OLECKO                        ","2025","01","19",4.0,,-0.2,,1.3,,0.0,,,"9",,,"9"
"254220090","OLECKO                        ","2025","01","20",-0.1,,-1.9,,-1.3,,-1.7,,,"9",,,"9"
"254220090","OLECKO                        ","2025","01","21",1.1,,-1.5,,-0.1,,-1.5,,0.2,,"W",,"9"
"254220090","OLECKO                        ","2025","01","22",0.7,,-1.2,,-0.4,,-1.1,,,"9",,,"9"
"254220090","OLECKO                        ","2025","01","23",2.7,,-1.4,,0.9,,-1.3,,1.2,,"W",,"9"
"254220090","OLECKO                        ","2025","01","24",3.8,,0.3,,1.6,,-0.1,,1.2,,"W",,"9"
"254220090","OLECKO                        ","2025","01","25",5.1,,0.3,,3.0,,-0.6,,0.1,,"W",,"9"
"254220090","OLECKO                        ","2025","01","26",6.0,,2.6,,3.9,,1.7,,0.8,,"W",,"9"
"254220090","OLECKO                        ","2025","01","27",6.8,,3.0,,5.0,,2.8,,,"9",,,"9"
"254220090","OLECKO                        ","2025","01","28",9.1,,3.5,,5.5,,2.2,,,"9",,,"9"
"254220090","OLECKO                        ","2025","01","29",8.3,,5.8,,6.9,,4.9,,,"9",,,"9"
"254220090","OLECKO                        ","2025","01","30",9.2,,4.7,,6.0,,3.0,,,"9",,,"9"
"254220090","OLECKO                        ","2025","01","31",5.8,,0.5,,2.3,,-1.4,,8.7,,"S",,"9"
