"249180010","PSZCZYNA                      ","2025","02","01",4.0,,-3.2,,0.5,,-5.7,,,"9",,,"9"
"249180010","PSZCZYNA                      ","2025","02","02",3.1,,-2.6,,0.3,,-5.4,,,"9",,,"9"
"249180010","PSZCZYNA                      ","2025","02","03",3.6,,-4.0,,-1.1,,-5.8,,,"9",,,"9"
"249180010","PSZCZYNA                      ","2025","02","04",4.6,,-7.4,,-2.4,,-8.3,,,"9",,,"9"
"249180010","PSZCZYNA                      ","2025","02","05",6.1,,-5.0,,0.3,,-6.3,,1.0,,"S",,"9"
"249180010","PSZCZYNA                      ","2025","02","06",2.7,,-1.5,,0.8,,-5.4,,0.3,,"W",0,
"249180010","PSZCZYNA                      ","2025","02","07",1.6,,-4.5,,-1.7,,-4.9,,,"9",,,"9"
"249180010","PSZCZYNA                      ","2025","02","08",5.6,,-3.4,,-0.5,,-3.9,,,"9",,,"9"
"249180010","PSZCZYNA                      ","2025","02","09",1.3,,-6.0,,-1.7,,-6.3,,,"9",,,"9"
"249180010","PSZCZYNA                      ","2025","02","10",3.6,,-7.0,,-3.0,,-7.3,,,"9",,,"9"
"249180010","PSZCZYNA                      ","2025","02","11",2.0,,-8.5,,-3.9,,-9.3,,,"9",,,"9"
"249180010","PSZCZYNA                      ","2025","02","12",0.9,,-9.0,,-3.9,,-7.3,,0.0,,"W",,"9"
"249180010","PSZCZYNA                      ","2025","02","13",2.6,,-2.5,,0.2,,-7.3,,0.9,,"S",0,
"249180010","PSZCZYNA                      ","2025","02","14",1.9,,-3.2,,-1.4,,-5.7,,,"9",,2,
"249180010","PSZCZYNA                      ","2025","02","15",-1.1,,-7.5,,-4.3,,-9.3,,,"9",,1,
"249180010","PSZCZYNA                      ","2025","02","16",0.6,,-11.2,,-5.7,,-12.7,,0.1,,"S",1,
"249180010","PSZCZYNA                      ","2025","02","17",-0.5,,-12.6,,-7.6,,-13.2,,,"9",,1,
"249180010","PSZCZYNA                      ","2025","02","18",-1.0,,-12.0,,-6.6,,-11.7,,,"9",,1,
"249180010","PSZCZYNA                      ","2025","02","19",1.7,,-9.4,,-4.5,,-8.5,,,"9",,1,
"249180010","PSZCZYNA                      ","2025","02","20",3.5,,-12.6,,-5.5,,-12.7,,,"9",,1,
"249180010","PSZCZYNA                      ","2025","02","21",6.2,,-10.8,,-3.8,,-12.7,,,"9",,,"9"
"249180010","PSZCZYNA                      ","2025","02","22",8.2,,-6.5,,-1.0,,-11.7,,,"9",,,"9"
"249180010","PSZCZYNA                      ","2025","02","23",5.1,,-5.2,,0.1,,-7.3,,1.7,,"W",,"9"
"249180010","PSZCZYNA                      ","2025","02","24",8.2,,-0.1,,3.2,,-1.4,,0.3,,"W",,"9"
"249180010","PSZCZYNA                      ","2025","02","25",10.8,,-5.5,,1.5,,-6.2,,,"9",,,"9"
"249180010","PSZCZYNA                      ","2025","02","26",9.6,,0.6,,4.6,,-1.3,,,"9",,,"9"
"249180010","PSZCZYNA                      ","2025","02","27",7.1,,2.4,,4.7,,1.0,,10.2,,"W",,"9"
"249180010","PSZCZYNA                      ","2025","02","28",6.6,,0.5,,3.0,,0.0,,0.6,,"W",,"9"
"249190560","JAB£ONKA                      ","2025","02","01",2.8,,-6.4,,-2.4,,,"8",,"9",,,"9"
"249190560","JAB£ONKA                      ","2025","02","02",-0.4,,-9.7,,-4.8,,,"8",,"9",,,"9"
"249190560","JAB£ONKA                      ","2025","02","03",0.6,,-8.4,,-4.5,,,"8",,"9",,,"9"
"249190560","JAB£ONKA                      ","2025","02","04",2.1,,-10.6,,-5.9,,,"8",,"9",,,"9"
"249190560","JAB£ONKA                      ","2025","02","05",6.2,,-9.3,,-3.7,,,"8",0.0,,"W",,"9"
"249190560","JAB£ONKA                      ","2025","02","06",0.6,,-9.5,,-3.0,,,"8",0.6,,"S",,"9"
"249190560","JAB£ONKA                      ","2025","02","07",1.6,,-2.1,,-0.9,,,"8",,"9",,,"9"
"249190560","JAB£ONKA                      ","2025","02","08",4.5,,-7.0,,-3.1,,,"8",,"9",,,"9"
"249190560","JAB£ONKA                      ","2025","02","09",7.5,,-10.8,,-3.0,,,"8",,"9",,,"9"
"249190560","JAB£ONKA                      ","2025","02","10",7.2,,-9.0,,-3.2,,,"8",,"9",,,"9"
"249190560","JAB£ONKA                      ","2025","02","11",4.3,,-13.1,,-5.8,,,"8",,"9",,,"9"
"249190560","JAB£ONKA                      ","2025","02","12",2.9,,-13.6,,-6.1,,,"8",,"9",,,"9"
"249190560","JAB£ONKA                      ","2025","02","13",4.5,,-3.6,,0.1,,,"8",0.2,,"S",,"9"
"249190560","JAB£ONKA                      ","2025","02","14",1.0,,-3.2,,-1.3,,,"8",0.3,,"S",0,
"249190560","JAB£ONKA                      ","2025","02","15",-2.6,,-10.5,,-6.5,,,"8",0.1,,"S",1,
"249190560","JAB£ONKA                      ","2025","02","16",-1.3,,-15.4,,-9.4,,,"8",,"9",,0,
"249190560","JAB£ONKA                      ","2025","02","17",-1.3,,-16.0,,-10.0,,,"8",,"9",,,"9"
"249190560","JAB£ONKA                      ","2025","02","18",-3.1,,-15.6,,-8.9,,,"8",,"9",,,"9"
"249190560","JAB£ONKA                      ","2025","02","19",1.1,,-15.9,,-9.2,,,"8",,"9",,,"9"
"249190560","JAB£ONKA                      ","2025","02","20",2.0,,-18.0,,-9.7,,,"8",,"9",,,"9"
"249190560","JAB£ONKA                      ","2025","02","21",4.2,,-17.2,,-8.4,,,"8",,"9",,,"9"
"249190560","JAB£ONKA                      ","2025","02","22",7.2,,-12.3,,-4.8,,,"8",,"9",,,"9"
"249190560","JAB£ONKA                      ","2025","02","23",7.7,,-11.6,,-3.3,,,"8",1.6,,"W",,"9"
"249190560","JAB£ONKA                      ","2025","02","24",6.7,,-1.5,,1.3,,,"8",0.2,,"W",,"9"
"249190560","JAB£ONKA                      ","2025","02","25",8.7,,-2.7,,1.1,,,"8",,"9",,,"9"
"249190560","JAB£ONKA                      ","2025","02","26",7.1,,-3.7,,1.2,,,"8",0.1,,"W",,"9"
"249190560","JAB£ONKA                      ","2025","02","27",6.2,,0.2,,2.6,,,"8",15.0,,"S",,"9"
"249190560","JAB£ONKA                      ","2025","02","28",5.1,,-0.9,,1.0,,,"8",,"9",,2,
"249190670","POLANA CHOCHO£OWSKA           ","2025","02","01",-0.4,,-8.5,,-5.4,,,"8",,"9",,0,
"249190670","POLANA CHOCHO£OWSKA           ","2025","02","02",-2.5,,-8.6,,-5.9,,,"8",0.3,,"S",0,
"249190670","POLANA CHOCHO£OWSKA           ","2025","02","03",-1.8,,-9.6,,-6.8,,,"8",,"9",,0,
"249190670","POLANA CHOCHO£OWSKA           ","2025","02","04",0.0,,-11.6,,-7.0,,,"8",,"9",,,"9"
"249190670","POLANA CHOCHO£OWSKA           ","2025","02","05",4.4,,-7.7,,-3.1,,,"8",,"9",,,"9"
"249190670","POLANA CHOCHO£OWSKA           ","2025","02","06",-1.9,,-8.3,,-4.4,,,"8",0.2,,"S",,"9"
"249190670","POLANA CHOCHO£OWSKA           ","2025","02","07",-1.4,,-5.7,,-3.4,,,"8",,"9",,,"9"
"249190670","POLANA CHOCHO£OWSKA           ","2025","02","08",5.0,,-3.7,,0.3,,,"8",,"9",,,"9"
"249190670","POLANA CHOCHO£OWSKA           ","2025","02","09",7.0,,-2.8,,1.1,,,"8",,"9",,,"9"
"249190670","POLANA CHOCHO£OWSKA           ","2025","02","10",5.1,,-4.5,,-1.8,,,"8",,"9",,,"9"
"249190670","POLANA CHOCHO£OWSKA           ","2025","02","11",3.7,,-8.1,,-3.4,,,"8",,"9",,,"9"
"249190670","POLANA CHOCHO£OWSKA           ","2025","02","12",-0.2,,-4.7,,-2.3,,,"8",0.2,,"S",,"9"
"249190670","POLANA CHOCHO£OWSKA           ","2025","02","13",4.6,,-4.7,,-0.5,,,"8",1.2,,"S",0,
"249190670","POLANA CHOCHO£OWSKA           ","2025","02","14",2.4,,-6.8,,-3.3,,,"8",1.5,,"S",1,
"249190670","POLANA CHOCHO£OWSKA           ","2025","02","15",-5.9,,-14.1,,-10.0,,,"8",0.4,,"S",2,
"249190670","POLANA CHOCHO£OWSKA           ","2025","02","16",-6.9,,-15.0,,-11.6,,,"8",0.6,,"S",2,
"249190670","POLANA CHOCHO£OWSKA           ","2025","02","17",-6.4,,-16.6,,-12.9,,,"8",0.2,,"S",2,
"249190670","POLANA CHOCHO£OWSKA           ","2025","02","18",-7.3,,-14.7,,-11.6,,,"8",0.2,,"S",3,
"249190670","POLANA CHOCHO£OWSKA           ","2025","02","19",-3.5,,-14.6,,-10.6,,,"8",,"9",,3,
"249190670","POLANA CHOCHO£OWSKA           ","2025","02","20",-1.9,,-13.6,,-9.4,,,"8",,"9",,2,
"249190670","POLANA CHOCHO£OWSKA           ","2025","02","21",1.6,,-12.3,,-7.0,,,"8",,"9",,1,
"249190670","POLANA CHOCHO£OWSKA           ","2025","02","22",5.2,,-8.6,,-3.1,,,"8",,"9",,1,
"249190670","POLANA CHOCHO£OWSKA           ","2025","02","23",5.5,,-5.5,,-0.8,,,"8",14.6,,"S",,"9"
"249190670","POLANA CHOCHO£OWSKA           ","2025","02","24",3.7,,-0.3,,1.4,,,"8",0.7,,"S",2,
"249190670","POLANA CHOCHO£OWSKA           ","2025","02","25",7.5,,-3.4,,0.4,,,"8",,"9",,1,
"249190670","POLANA CHOCHO£OWSKA           ","2025","02","26",5.6,,-2.6,,1.0,,,"8",,"9",,,"9"
"249190670","POLANA CHOCHO£OWSKA           ","2025","02","27",2.7,,-0.8,,1.0,,,"8",17.5,,"S",,"9"
"249190670","POLANA CHOCHO£OWSKA           ","2025","02","28",2.7,,-4.3,,-1.2,,,"8",,"9",,12,
"249190890","RADZIECHOWY                   ","2025","02","01",3.4,,-1.9,,0.3,,-4.0,,,"9",,,"9"
"249190890","RADZIECHOWY                   ","2025","02","02",2.5,,-5.2,,-1.9,,-6.8,,,"9",,,"9"
"249190890","RADZIECHOWY                   ","2025","02","03",3.4,,-4.5,,-1.7,,-6.6,,,"9",,,"9"
"249190890","RADZIECHOWY                   ","2025","02","04",5.9,,-9.5,,-3.4,,-10.3,,,"9",,,"9"
"249190890","RADZIECHOWY                   ","2025","02","05",7.1,,-4.5,,-0.4,,-6.3,,0.6,,"S",,"9"
"249190890","RADZIECHOWY                   ","2025","02","06",2.0,,-3.4,,-0.1,,-5.8,,0.3,,"W",1,
"249190890","RADZIECHOWY                   ","2025","02","07",3.0,,-0.8,,0.4,,-2.3,,,"9",,,"9"
"249190890","RADZIECHOWY                   ","2025","02","08",9.3,,-5.1,,0.4,,-6.3,,,"9",,,"9"
"249190890","RADZIECHOWY                   ","2025","02","09",5.3,,-5.8,,-1.0,,-6.8,,,"9",,,"9"
"249190890","RADZIECHOWY                   ","2025","02","10",6.3,,-4.7,,-1.3,,-6.8,,,"9",,,"9"
"249190890","RADZIECHOWY                   ","2025","02","11",4.3,,-9.5,,-4.1,,-10.8,,,"9",,,"9"
"249190890","RADZIECHOWY                   ","2025","02","12",5.6,,-8.4,,-1.6,,-9.8,,,"9",,,"9"
"249190890","RADZIECHOWY                   ","2025","02","13",6.6,,0.0,,2.8,,-0.4,,0.0,,"W",,"9"
"249190890","RADZIECHOWY                   ","2025","02","14",3.9,,-2.4,,-0.1,,-2.6,,1.2,,"S",0,
"249190890","RADZIECHOWY                   ","2025","02","15",-1.0,,-5.7,,-4.2,,-6.2,,,"9",,1,
"249190890","RADZIECHOWY                   ","2025","02","16",-0.3,,-12.8,,-7.6,,-13.4,,,"9",,1,
"249190890","RADZIECHOWY                   ","2025","02","17",0.0,,-11.8,,-7.4,,-12.9,,,"9",,,"9"
"249190890","RADZIECHOWY                   ","2025","02","18",-2.0,,-9.2,,-6.2,,-10.8,,,"9",,,"9"
"249190890","RADZIECHOWY                   ","2025","02","19",1.2,,-13.4,,-7.4,,-14.4,,,"9",,,"9"
"249190890","RADZIECHOWY                   ","2025","02","20",4.4,,-13.2,,-6.0,,-14.4,,,"9",,,"9"
"249190890","RADZIECHOWY                   ","2025","02","21",5.4,,-9.3,,-2.6,,-11.3,,,"9",,,"9"
"249190890","RADZIECHOWY                   ","2025","02","22",9.5,,-2.3,,1.7,,-3.7,,,"9",,,"9"
"249190890","RADZIECHOWY                   ","2025","02","23",7.1,,-2.3,,1.0,,-3.8,,3.0,,"W",,"9"
"249190890","RADZIECHOWY                   ","2025","02","24",6.9,,1.1,,4.0,,1.0,,,"9",,,"9"
"249190890","RADZIECHOWY                   ","2025","02","25",10.9,,-2.7,,3.6,,-4.3,,,"9",,,"9"
"249190890","RADZIECHOWY                   ","2025","02","26",10.2,,3.2,,5.8,,0.2,,0.4,,"W",,"9"
"249190890","RADZIECHOWY                   ","2025","02","27",8.6,,2.7,,4.6,,0.2,,17.9,,"W",,"9"
"249190890","RADZIECHOWY                   ","2025","02","28",4.9,,0.3,,1.9,,-1.3,,,"9",,,"9"
"249200020","£AZY                          ","2025","02","01",4.0,,0.7,,2.1,,,"8",,"9",,,"9"
"249200020","£AZY                          ","2025","02","02",2.5,,-1.8,,0.3,,,"8",0.1,,"S",,"9"
"249200020","£AZY                          ","2025","02","03",2.0,,-2.0,,-0.6,,,"8",,"9",,0,
"249200020","£AZY                          ","2025","02","04",5.0,,-4.2,,-0.7,,,"8",,"9",,,"9"
"249200020","£AZY                          ","2025","02","05",6.4,,-3.5,,0.9,,,"8",0.5,,"S",,"9"
"249200020","£AZY                          ","2025","02","06",3.5,,-0.4,,1.3,,,"8",0.2,,"S",1,
"249200020","£AZY                          ","2025","02","07",3.0,,-1.3,,0.3,,,"8",,"9",,,"9"
"249200020","£AZY                          ","2025","02","08",6.4,,-2.1,,1.3,,,"8",,"9",,,"9"
"249200020","£AZY                          ","2025","02","09",7.1,,-6.8,,-1.8,,,"8",,"9",,,"9"
"249200020","£AZY                          ","2025","02","10",1.2,,-8.4,,-4.3,,,"8",,"9",,,"9"
"249200020","£AZY                          ","2025","02","11",0.6,,-10.2,,-6.2,,,"8",,"9",,,"9"
"249200020","£AZY                          ","2025","02","12",4.5,,-11.4,,-4.1,,,"8",,"9",,,"9"
"249200020","£AZY                          ","2025","02","13",5.6,,-3.0,,0.8,,,"8",0.8,,"S",,"9"
"249200020","£AZY                          ","2025","02","14",3.5,,-1.8,,0.3,,,"8",0.2,,"S",0,
"249200020","£AZY                          ","2025","02","15",-1.1,,-6.1,,-3.6,,,"8",0.4,,"S",1,
"249200020","£AZY                          ","2025","02","16",-1.1,,-12.3,,-7.3,,,"8",0.0,,"S",1,
"249200020","£AZY                          ","2025","02","17",-0.5,,-12.0,,-7.3,,,"8",,"9",,,"9"
"249200020","£AZY                          ","2025","02","18",-0.9,,-12.3,,-6.3,,,"8",0.0,,"W",,"9"
"249200020","£AZY                          ","2025","02","19",2.0,,-5.2,,-2.8,,,"8",,"9",,0,
"249200020","£AZY                          ","2025","02","20",3.4,,-11.3,,-4.9,,,"8",,"9",,,"9"
"249200020","£AZY                          ","2025","02","21",5.9,,-8.2,,-2.0,,,"8",,"9",,,"9"
"249200020","£AZY                          ","2025","02","22",8.1,,-5.4,,0.5,,,"8",,"9",,,"9"
"249200020","£AZY                          ","2025","02","23",10.6,,-7.0,,0.5,,,"8",6.1,,"W",,"9"
"249200020","£AZY                          ","2025","02","24",5.5,,1.6,,3.8,,,"8",2.3,,"W",,"9"
"249200020","£AZY                          ","2025","02","25",11.6,,-0.9,,3.5,,,"8",,"9",,,"9"
"249200020","£AZY                          ","2025","02","26",11.9,,0.7,,5.3,,,"8",0.0,,"W",,"9"
"249200020","£AZY                          ","2025","02","27",9.4,,2.7,,5.3,,,"8",13.4,,"W",,"9"
"249200020","£AZY                          ","2025","02","28",5.9,,0.9,,3.0,,,"8",0.1,,"W",,"9"
"249200130","JASTRZÊBIA                    ","2025","02","01",4.1,,-4.0,,-0.3,,,"8",,"9",,,"9"
"249200130","JASTRZÊBIA                    ","2025","02","02",2.1,,-1.0,,0.0,,,"8",0.3,,"S",,"9"
"249200130","JASTRZÊBIA                    ","2025","02","03",1.8,,-2.4,,-0.7,,,"8",,"9",,0,
"249200130","JASTRZÊBIA                    ","2025","02","04",3.4,,-4.4,,-1.7,,,"8",,"9",,,"9"
"249200130","JASTRZÊBIA                    ","2025","02","05",6.2,,-4.1,,-0.7,,,"8",,"9",,,"9"
"249200130","JASTRZÊBIA                    ","2025","02","06",1.8,,-2.5,,0.2,,,"8",0.9,,"S",,"9"
"249200130","JASTRZÊBIA                    ","2025","02","07",2.1,,-1.4,,0.1,,,"8",,"9",,,"9"
"249200130","JASTRZÊBIA                    ","2025","02","08",5.1,,-2.8,,0.5,,,"8",,"9",,,"9"
"249200130","JASTRZÊBIA                    ","2025","02","09",9.8,,-7.5,,-1.6,,,"8",,"9",,,"9"
"249200130","JASTRZÊBIA                    ","2025","02","10",2.4,,-8.2,,-4.5,,,"8",,"9",,,"9"
"249200130","JASTRZÊBIA                    ","2025","02","11",2.1,,-11.8,,-6.1,,,"8",,"9",,,"9"
"249200130","JASTRZÊBIA                    ","2025","02","12",6.6,,-11.6,,-3.8,,,"8",,"9",,,"9"
"249200130","JASTRZÊBIA                    ","2025","02","13",4.1,,-2.2,,0.6,,,"8",0.7,,"S",,"9"
"249200130","JASTRZÊBIA                    ","2025","02","14",1.4,,-1.8,,-0.4,,,"8",0.7,,"S",0,
"249200130","JASTRZÊBIA                    ","2025","02","15",-0.4,,-7.4,,-3.7,,,"8",0.2,,"S",0,
"249200130","JASTRZÊBIA                    ","2025","02","16",-0.5,,-12.1,,-7.3,,,"8",,"9",,0,
"249200130","JASTRZÊBIA                    ","2025","02","17",0.2,,-11.8,,-7.8,,,"8",,"9",,,"9"
"249200130","JASTRZÊBIA                    ","2025","02","18",-0.6,,-12.8,,-7.3,,,"8",,"9",,,"9"
"249200130","JASTRZÊBIA                    ","2025","02","19",1.6,,-5.8,,-3.7,,,"8",,"9",,,"9"
"249200130","JASTRZÊBIA                    ","2025","02","20",3.1,,-13.1,,-6.9,,,"8",,"9",,,"9"
"249200130","JASTRZÊBIA                    ","2025","02","21",4.8,,-13.6,,-5.8,,,"8",,"9",,,"9"
"249200130","JASTRZÊBIA                    ","2025","02","22",6.5,,-8.0,,-2.2,,,"8",,"9",,,"9"
"249200130","JASTRZÊBIA                    ","2025","02","23",8.8,,-6.5,,-0.6,,,"8",5.0,,"W",,"9"
"249200130","JASTRZÊBIA                    ","2025","02","24",3.4,,0.2,,1.5,,,"8",2.7,,"W",,"9"
"249200130","JASTRZÊBIA                    ","2025","02","25",8.4,,-2.5,,1.3,,,"8",,"9",,,"9"
"249200130","JASTRZÊBIA                    ","2025","02","26",10.6,,-3.5,,2.6,,,"8",,"9",,,"9"
"249200130","JASTRZÊBIA                    ","2025","02","27",8.6,,0.8,,3.9,,,"8",12.1,,"W",,"9"
"249200130","JASTRZÊBIA                    ","2025","02","28",6.8,,0.3,,2.7,,,"8",,"9",,,"9"
"249200180","LIMANOWA                      ","2025","02","01",2.4,,-1.3,,0.5,,-2.1,,,"9",,,"9"
"249200180","LIMANOWA                      ","2025","02","02",1.1,,-2.1,,-0.9,,-3.8,,0.0,,"W",,"9"
"249200180","LIMANOWA                      ","2025","02","03",1.5,,-3.2,,-1.5,,-5.2,,0.0,,"S",0,
"249200180","LIMANOWA                      ","2025","02","04",3.5,,-5.2,,-1.4,,-7.8,,,"9",,,"9"
"249200180","LIMANOWA                      ","2025","02","05",5.6,,-2.2,,1.0,,-5.4,,0.4,,"S",,"9"
"249200180","LIMANOWA                      ","2025","02","06",1.6,,-1.5,,-0.2,,-1.7,,1.0,,"S",0,
"249200180","LIMANOWA                      ","2025","02","07",1.4,,-2.0,,-0.8,,-2.5,,,"9",,,"9"
"249200180","LIMANOWA                      ","2025","02","08",5.6,,-2.2,,0.7,,-2.7,,,"9",,,"9"
"249200180","LIMANOWA                      ","2025","02","09",8.2,,-2.2,,1.5,,-4.3,,,"9",,,"9"
"249200180","LIMANOWA                      ","2025","02","10",4.0,,-5.3,,-2.0,,-7.8,,,"9",,,"9"
"249200180","LIMANOWA                      ","2025","02","11",1.8,,-8.4,,-4.3,,-9.4,,,"9",,,"9"
"249200180","LIMANOWA                      ","2025","02","12",5.6,,-6.1,,-0.6,,-8.2,,,"9",,,"9"
"249200180","LIMANOWA                      ","2025","02","13",4.6,,-1.0,,1.0,,-3.3,,0.3,,"S",,"9"
"249200180","LIMANOWA                      ","2025","02","14",1.1,,-3.3,,-1.4,,-3.7,,1.5,,"S",0,
"249200180","LIMANOWA                      ","2025","02","15",-2.4,,-8.2,,-5.2,,-12.3,,0.6,,"S",4,
"249200180","LIMANOWA                      ","2025","02","16",-2.3,,-10.0,,-6.9,,-14.8,,1.2,,"S",5,
"249200180","LIMANOWA                      ","2025","02","17",-2.2,,-9.5,,-6.7,,-14.8,,,"9",,6,
"249200180","LIMANOWA                      ","2025","02","18",-2.2,,-9.9,,-6.7,,-14.3,,0.0,,"W",5,
"249200180","LIMANOWA                      ","2025","02","19",0.2,,-6.9,,-4.1,,-8.7,,0.0,,"S",4,
"249200180","LIMANOWA                      ","2025","02","20",1.4,,-8.6,,-4.3,,-12.5,,,"9",,4,
"249200180","LIMANOWA                      ","2025","02","21",4.5,,-7.5,,-2.6,,-10.9,,,"9",,,"9"
"249200180","LIMANOWA                      ","2025","02","22",6.3,,-5.1,,-0.7,,-9.1,,,"9",,,"9"
"249200180","LIMANOWA                      ","2025","02","23",9.2,,-4.2,,1.3,,-6.8,,3.7,,"W",,"9"
"249200180","LIMANOWA                      ","2025","02","24",5.6,,1.0,,3.3,,0.7,,1.0,,"W",,"9"
"249200180","LIMANOWA                      ","2025","02","25",9.7,,-1.8,,2.2,,-1.7,,,"9",,,"9"
"249200180","LIMANOWA                      ","2025","02","26",9.9,,-1.5,,3.6,,-2.1,,,"9",,,"9"
"249200180","LIMANOWA                      ","2025","02","27",7.6,,2.9,,4.8,,1.0,,11.3,,"W",,"9"
"249200180","LIMANOWA                      ","2025","02","28",5.0,,1.0,,2.5,,-2.1,,0.3,,"W",,"9"
"249200260","£¥CKO                         ","2025","02","01",5.6,,-4.7,,0.3,,,"8",,"9",,,"9"
"249200260","£¥CKO                         ","2025","02","02",2.5,,-3.0,,-0.7,,,"8",0.0,,"W",,"9"
"249200260","£¥CKO                         ","2025","02","03",2.5,,-3.6,,-1.5,,,"8",,"9",,0,
"249200260","£¥CKO                         ","2025","02","04",4.4,,-7.9,,-2.9,,,"8",,"9",,,"9"
"249200260","£¥CKO                         ","2025","02","05",8.4,,-3.6,,-0.3,,,"8",,"9",,,"9"
"249200260","£¥CKO                         ","2025","02","06",2.5,,-5.8,,-0.3,,,"8",,"9",,,"9"
"249200260","£¥CKO                         ","2025","02","07",3.4,,-0.7,,0.6,,,"8",,"9",,,"9"
"249200260","£¥CKO                         ","2025","02","08",7.4,,-2.3,,0.8,,,"8",,"9",,,"9"
"249200260","£¥CKO                         ","2025","02","09",10.4,,-6.1,,-0.4,,,"8",,"9",,,"9"
"249200260","£¥CKO                         ","2025","02","10",5.5,,-7.2,,-2.9,,,"8",,"9",,,"9"
"249200260","£¥CKO                         ","2025","02","11",3.0,,-11.7,,-5.8,,,"8",,"9",,,"9"
"249200260","£¥CKO                         ","2025","02","12",6.3,,-10.2,,-3.0,,,"8",,"9",,,"9"
"249200260","£¥CKO                         ","2025","02","13",5.6,,0.8,,2.4,,,"8",0.2,,"S",,"9"
"249200260","£¥CKO                         ","2025","02","14",3.0,,-0.8,,0.4,,,"8",0.2,,"S",0,
"249200260","£¥CKO                         ","2025","02","15",-0.8,,-8.7,,-4.3,,,"8",0.1,,"S",0,
"249200260","£¥CKO                         ","2025","02","16",-0.4,,-10.7,,-6.5,,,"8",0.2,,"S",1,
"249200260","£¥CKO                         ","2025","02","17",-0.5,,-9.9,,-6.8,,,"8",,"9",,1,
"249200260","£¥CKO                         ","2025","02","18",-1.0,,-11.2,,-6.6,,,"8",,"9",,,"9"
"249200260","£¥CKO                         ","2025","02","19",2.0,,-7.1,,-4.1,,,"8",,"9",,,"9"
"249200260","£¥CKO                         ","2025","02","20",3.2,,-11.5,,-5.6,,,"8",,"9",,,"9"
"249200260","£¥CKO                         ","2025","02","21",6.4,,-11.9,,-4.1,,,"8",,"9",,,"9"
"249200260","£¥CKO                         ","2025","02","22",8.9,,-6.7,,-0.4,,,"8",,"9",,,"9"
"249200260","£¥CKO                         ","2025","02","23",10.4,,-6.7,,0.7,,,"8",2.8,,"W",,"9"
"249200260","£¥CKO                         ","2025","02","24",7.4,,1.8,,3.5,,,"8",0.2,,"W",,"9"
"249200260","£¥CKO                         ","2025","02","25",10.5,,-0.3,,2.8,,,"8",,"9",,,"9"
"249200260","£¥CKO                         ","2025","02","26",10.9,,-4.3,,2.4,,,"8",,"9",,,"9"
"249200260","£¥CKO                         ","2025","02","27",7.9,,1.6,,4.2,,,"8",8.9,,"W",,"9"
"249200260","£¥CKO                         ","2025","02","28",7.3,,0.3,,2.8,,,"8",,"9",,,"9"
"249200370","KROŒCIENKO                    ","2025","02","01",5.5,,-3.4,,0.6,,,"8",,"9",,,"9"
"249200370","KROŒCIENKO                    ","2025","02","02",2.0,,-3.2,,-0.8,,,"8",0.0,,"W",,"9"
"249200370","KROŒCIENKO                    ","2025","02","03",2.0,,-2.6,,-1.0,,,"8",,"9",,,"9"
"249200370","KROŒCIENKO                    ","2025","02","04",4.2,,-8.2,,-3.3,,,"8",,"9",,,"9"
"249200370","KROŒCIENKO                    ","2025","02","05",7.2,,-4.3,,-1.1,,,"8",,"9",,,"9"
"249200370","KROŒCIENKO                    ","2025","02","06",2.1,,-6.2,,-0.9,,,"8",0.3,,"W",,"9"
"249200370","KROŒCIENKO                    ","2025","02","07",2.6,,-0.5,,0.5,,,"8",,"9",,,"9"
"249200370","KROŒCIENKO                    ","2025","02","08",6.7,,-1.0,,1.3,,,"8",,"9",,,"9"
"249200370","KROŒCIENKO                    ","2025","02","09",9.7,,-5.2,,0.1,,,"8",,"9",,,"9"
"249200370","KROŒCIENKO                    ","2025","02","10",5.5,,-6.5,,-2.1,,,"8",,"9",,,"9"
"249200370","KROŒCIENKO                    ","2025","02","11",3.6,,-10.1,,-5.0,,,"8",,"9",,,"9"
"249200370","KROŒCIENKO                    ","2025","02","12",5.6,,-6.7,,-0.1,,,"8",,"9",,,"9"
"249200370","KROŒCIENKO                    ","2025","02","13",5.5,,0.2,,2.1,,,"8",0.6,,"S",,"9"
"249200370","KROŒCIENKO                    ","2025","02","14",2.2,,-0.3,,0.5,,,"8",0.2,,"S",1,
"249200370","KROŒCIENKO                    ","2025","02","15",-0.3,,-7.6,,-4.0,,,"8",0.0,,"S",1,
"249200370","KROŒCIENKO                    ","2025","02","16",0.2,,-10.1,,-6.6,,,"8",0.2,,"S",1,
"249200370","KROŒCIENKO                    ","2025","02","17",-0.7,,-10.9,,-6.8,,,"8",,"9",,1,
"249200370","KROŒCIENKO                    ","2025","02","18",-1.5,,-11.7,,-7.1,,,"8",,"9",,,"9"
"249200370","KROŒCIENKO                    ","2025","02","19",1.5,,-7.0,,-4.0,,,"8",,"9",,,"9"
"249200370","KROŒCIENKO                    ","2025","02","20",3.5,,-12.2,,-6.2,,,"8",,"9",,,"9"
"249200370","KROŒCIENKO                    ","2025","02","21",6.1,,-12.2,,-4.7,,,"8",,"9",,,"9"
"249200370","KROŒCIENKO                    ","2025","02","22",7.8,,-7.8,,-2.2,,,"8",,"9",,,"9"
"249200370","KROŒCIENKO                    ","2025","02","23",9.6,,-7.6,,-0.2,,,"8",2.2,,"W",,"9"
"249200370","KROŒCIENKO                    ","2025","02","24",6.5,,1.2,,3.3,,,"8",0.4,,"W",,"9"
"249200370","KROŒCIENKO                    ","2025","02","25",10.1,,1.2,,3.8,,,"8",,"9",,,"9"
"249200370","KROŒCIENKO                    ","2025","02","26",11.7,,-3.4,,2.7,,,"8",,"9",,,"9"
"249200370","KROŒCIENKO                    ","2025","02","27",7.5,,-0.4,,3.6,,,"8",11.2,,"W",,"9"
"249200370","KROŒCIENKO                    ","2025","02","28",7.6,,0.2,,2.6,,,"8",,"9",,,"9"
"249200420","NIEDZICA                      ","2025","02","01",3.9,,-2.5,,0.3,,,"8",,"9",,,"9"
"249200420","NIEDZICA                      ","2025","02","02",0.7,,-4.8,,-2.3,,,"8",0.0,,"W",,"9"
"249200420","NIEDZICA                      ","2025","02","03",1.9,,-4.1,,-1.6,,,"8",,"9",,,"9"
"249200420","NIEDZICA                      ","2025","02","04",4.0,,-8.0,,-3.4,,,"8",,"9",,,"9"
"249200420","NIEDZICA                      ","2025","02","05",7.5,,-5.5,,-0.9,,,"8",,"9",,,"9"
"249200420","NIEDZICA                      ","2025","02","06",2.0,,-2.6,,-0.1,,,"8",0.0,,"S",,"9"
"249200420","NIEDZICA                      ","2025","02","07",2.3,,-1.1,,0.3,,,"8",,"9",,,"9"
"249200420","NIEDZICA                      ","2025","02","08",5.1,,-1.0,,0.9,,,"8",,"9",,,"9"
"249200420","NIEDZICA                      ","2025","02","09",9.0,,-7.0,,-0.5,,,"8",,"9",,,"9"
"249200420","NIEDZICA                      ","2025","02","10",7.2,,-6.8,,-1.8,,,"8",,"9",,,"9"
"249200420","NIEDZICA                      ","2025","02","11",6.1,,-10.5,,-3.8,,,"8",,"9",,,"9"
"249200420","NIEDZICA                      ","2025","02","12",3.8,,-8.0,,-2.2,,,"8",,"9",,,"9"
"249200420","NIEDZICA                      ","2025","02","13",4.6,,-2.1,,0.9,,,"8",0.4,,"S",,"9"
"249200420","NIEDZICA                      ","2025","02","14",1.9,,-1.9,,-0.5,,,"8",0.4,,"S",2,
"249200420","NIEDZICA                      ","2025","02","15",-1.7,,-7.9,,-5.0,,,"8",0.3,,"S",0,
"249200420","NIEDZICA                      ","2025","02","16",-0.5,,-9.7,,-6.5,,,"8",0.1,,"S",0,
"249200420","NIEDZICA                      ","2025","02","17",-0.6,,-11.9,,-7.6,,,"8",,"9",,0,
"249200420","NIEDZICA                      ","2025","02","18",-1.9,,-12.3,,-7.5,,,"8",,"9",,,"9"
"249200420","NIEDZICA                      ","2025","02","19",1.0,,-8.7,,-5.1,,,"8",,"9",,,"9"
"249200420","NIEDZICA                      ","2025","02","20",2.5,,-14.2,,-7.0,,,"8",,"9",,,"9"
"249200420","NIEDZICA                      ","2025","02","21",5.3,,-14.5,,-5.8,,,"8",,"9",,,"9"
"249200420","NIEDZICA                      ","2025","02","22",6.4,,-10.6,,-3.7,,,"8",,"9",,,"9"
"249200420","NIEDZICA                      ","2025","02","23",8.2,,-9.1,,-1.4,,,"8",3.8,,"W",,"9"
"249200420","NIEDZICA                      ","2025","02","24",7.0,,0.7,,3.1,,,"8",1.6,,"W",,"9"
"249200420","NIEDZICA                      ","2025","02","25",7.9,,0.4,,2.6,,,"8",,"9",,,"9"
"249200420","NIEDZICA                      ","2025","02","26",9.8,,-4.1,,1.7,,,"8",,"9",,,"9"
"249200420","NIEDZICA                      ","2025","02","27",7.0,,0.4,,3.3,,,"8",8.0,,"S",,"9"
"249200420","NIEDZICA                      ","2025","02","28",6.4,,0.5,,2.4,,,"8",0.4,,"S",0,
"249200480","BUKOWINA TATRZAÑSKA           ","2025","02","01",0.0,,-3.7,,-2.2,,,"8",,"9",,5,
"249200480","BUKOWINA TATRZAÑSKA           ","2025","02","02",-1.6,,-6.4,,-4.5,,,"8",,"9",,5,
"249200480","BUKOWINA TATRZAÑSKA           ","2025","02","03",-1.4,,-5.8,,-4.2,,,"8",,"9",,5,
"249200480","BUKOWINA TATRZAÑSKA           ","2025","02","04",1.3,,-8.5,,-4.5,,,"8",,"9",,5,
"249200480","BUKOWINA TATRZAÑSKA           ","2025","02","05",4.5,,-4.2,,-1.1,,,"8",,"9",,4,
"249200480","BUKOWINA TATRZAÑSKA           ","2025","02","06",-0.2,,-4.6,,-2.4,,,"8",,"9",,3,
"249200480","BUKOWINA TATRZAÑSKA           ","2025","02","07",-0.1,,-3.6,,-2.5,,,"8",,"9",,3,
"249200480","BUKOWINA TATRZAÑSKA           ","2025","02","08",2.4,,-4.4,,-1.9,,,"8",,"9",,2,
"249200480","BUKOWINA TATRZAÑSKA           ","2025","02","09",7.9,,-3.3,,1.1,,,"8",,"9",,2,
"249200480","BUKOWINA TATRZAÑSKA           ","2025","02","10",5.2,,-2.5,,-0.2,,,"8",,"9",,,"9"
"249200480","BUKOWINA TATRZAÑSKA           ","2025","02","11",2.2,,-6.6,,-2.9,,,"8",,"9",,,"9"
"249200480","BUKOWINA TATRZAÑSKA           ","2025","02","12",0.9,,-6.0,,-3.0,,,"8",,"9",,,"9"
"249200480","BUKOWINA TATRZAÑSKA           ","2025","02","13",2.6,,-4.0,,-1.2,,,"8",1.1,,"S",,"9"
"249200480","BUKOWINA TATRZAÑSKA           ","2025","02","14",0.9,,-5.2,,-2.7,,,"8",0.5,,"S",1,
"249200480","BUKOWINA TATRZAÑSKA           ","2025","02","15",-5.0,,-11.0,,-8.0,,,"8",0.1,,"S",2,
"249200480","BUKOWINA TATRZAÑSKA           ","2025","02","16",-4.7,,-11.5,,-9.1,,,"8",0.1,,"S",2,
"249200480","BUKOWINA TATRZAÑSKA           ","2025","02","17",-4.1,,-13.2,,-9.6,,,"8",0.0,,"W",2,
"249200480","BUKOWINA TATRZAÑSKA           ","2025","02","18",-6.2,,-12.1,,-9.3,,,"8",,"9",,2,
"249200480","BUKOWINA TATRZAÑSKA           ","2025","02","19",-2.6,,-10.4,,-7.2,,,"8",,"9",,2,
"249200480","BUKOWINA TATRZAÑSKA           ","2025","02","20",-0.8,,-10.4,,-6.4,,,"8",,"9",,2,
"249200480","BUKOWINA TATRZAÑSKA           ","2025","02","21",1.3,,-9.8,,-5.1,,,"8",,"9",,2,
"249200480","BUKOWINA TATRZAÑSKA           ","2025","02","22",4.2,,-8.0,,-3.1,,,"8",,"9",,2,
"249200480","BUKOWINA TATRZAÑSKA           ","2025","02","23",6.2,,-5.8,,-0.7,,,"8",4.7,,"W",,"9"
"249200480","BUKOWINA TATRZAÑSKA           ","2025","02","24",5.2,,0.4,,2.7,,,"8",1.0,,"W",,"9"
"249200480","BUKOWINA TATRZAÑSKA           ","2025","02","25",6.2,,-1.0,,1.8,,,"8",,"9",,,"9"
"249200480","BUKOWINA TATRZAÑSKA           ","2025","02","26",6.4,,-1.2,,1.8,,,"8",,"9",,,"9"
"249200480","BUKOWINA TATRZAÑSKA           ","2025","02","27",4.3,,1.3,,2.6,,,"8",9.1,,"S",,"9"
"249200480","BUKOWINA TATRZAÑSKA           ","2025","02","28",2.9,,-0.2,,0.8,,,"8",,"9",,4,
"249200550","DOLINA PIÊCIU STAWÓW          ","2025","02","01",-4.3,,-11.6,,-8.2,,,"8",,"9",,73,
"249200550","DOLINA PIÊCIU STAWÓW          ","2025","02","02",-4.3,,-11.2,,-8.6,,,"8",,"9",,72,
"249200550","DOLINA PIÊCIU STAWÓW          ","2025","02","03",-5.8,,-13.1,,-10.5,,,"8",,"9",,72,
"249200550","DOLINA PIÊCIU STAWÓW          ","2025","02","04",-4.3,,-13.1,,-8.3,,,"8",,"9",,72,
"249200550","DOLINA PIÊCIU STAWÓW          ","2025","02","05",0.8,,-7.5,,-4.0,,,"8",,"9",,71,
"249200550","DOLINA PIÊCIU STAWÓW          ","2025","02","06",-3.8,,-7.7,,-6.4,,,"8",,"9",,70,
"249200550","DOLINA PIÊCIU STAWÓW          ","2025","02","07",-5.8,,-9.7,,-7.5,,,"8",,"9",,70,
"249200550","DOLINA PIÊCIU STAWÓW          ","2025","02","08",0.3,,-7.7,,-3.3,,,"8",,"9",,70,
"249200550","DOLINA PIÊCIU STAWÓW          ","2025","02","09",1.3,,-5.2,,-2.5,,,"8",,"9",,68,
"249200550","DOLINA PIÊCIU STAWÓW          ","2025","02","10",-0.2,,-7.2,,-5.1,,,"8",,"9",,66,
"249200550","DOLINA PIÊCIU STAWÓW          ","2025","02","11",-3.3,,-10.7,,-7.3,,,"8",,"9",,65,
"249200550","DOLINA PIÊCIU STAWÓW          ","2025","02","12",-5.3,,-8.7,,-7.2,,,"8",0.0,,"S",65,
"249200550","DOLINA PIÊCIU STAWÓW          ","2025","02","13",-0.6,,-8.2,,-2.9,,,"8",0.6,,"S",65,
"249200550","DOLINA PIÊCIU STAWÓW          ","2025","02","14",-0.2,,-10.2,,-6.4,,,"8",1.1,,"S",67,
"249200550","DOLINA PIÊCIU STAWÓW          ","2025","02","15",-9.2,,-16.1,,-13.6,,,"8",0.6,,"S",69,
"249200550","DOLINA PIÊCIU STAWÓW          ","2025","02","16",-9.9,,-18.0,,-14.9,,,"8",0.9,,"S",70,
"249200550","DOLINA PIÊCIU STAWÓW          ","2025","02","17",-10.9,,-20.0,,-16.3,,,"8",0.2,,"S",72,
"249200550","DOLINA PIÊCIU STAWÓW          ","2025","02","18",-11.9,,-18.0,,-15.1,,,"8",0.5,,"S",72,
"249200550","DOLINA PIÊCIU STAWÓW          ","2025","02","19",-7.9,,-18.5,,-14.5,,,"8",,"9",,71,
"249200550","DOLINA PIÊCIU STAWÓW          ","2025","02","20",-6.9,,-16.6,,-12.5,,,"8",,"9",,71,
"249200550","DOLINA PIÊCIU STAWÓW          ","2025","02","21",-1.2,,-13.6,,-6.9,,,"8",,"9",,70,
"249200550","DOLINA PIÊCIU STAWÓW          ","2025","02","22",2.9,,-6.7,,-1.7,,,"8",,"9",,70,
"249200550","DOLINA PIÊCIU STAWÓW          ","2025","02","23",2.4,,-4.1,,-1.2,,,"8",11.5,,"S",68,
"249200550","DOLINA PIÊCIU STAWÓW          ","2025","02","24",1.0,,-2.2,,-0.6,,,"8",1.1,,"S",74,
"249200550","DOLINA PIÊCIU STAWÓW          ","2025","02","25",1.3,,-4.7,,-2.3,,,"8",,"9",,72,
"249200550","DOLINA PIÊCIU STAWÓW          ","2025","02","26",3.9,,-3.7,,-0.7,,,"8",0.1,,"S",72,
"249200550","DOLINA PIÊCIU STAWÓW          ","2025","02","27",0.3,,-2.7,,-1.6,,,"8",17.1,,"S",70,
"249200550","DOLINA PIÊCIU STAWÓW          ","2025","02","28",-0.7,,-6.7,,-4.3,,,"8",,"9",,90,
"249200920","PIWNICZNA                     ","2025","02","01",5.4,,-3.6,,-0.8,,,"8",,"9",,,"9"
"249200920","PIWNICZNA                     ","2025","02","02",1.6,,-5.4,,-1.7,,,"8",0.0,,"W",,"9"
"249200920","PIWNICZNA                     ","2025","02","03",1.7,,-1.8,,-0.4,,,"8",,"9",,0,
"249200920","PIWNICZNA                     ","2025","02","04",5.6,,-7.5,,-2.8,,,"8",,"9",,,"9"
"249200920","PIWNICZNA                     ","2025","02","05",6.6,,-3.9,,-0.6,,,"8",0.0,,"W",,"9"
"249200920","PIWNICZNA                     ","2025","02","06",1.4,,-5.4,,-0.7,,,"8",0.8,,"W",,"9"
"249200920","PIWNICZNA                     ","2025","02","07",2.7,,-0.6,,0.6,,,"8",,"9",,,"9"
"249200920","PIWNICZNA                     ","2025","02","08",5.5,,-0.2,,1.5,,,"8",,"9",,,"9"
"249200920","PIWNICZNA                     ","2025","02","09",9.4,,-4.7,,-0.2,,,"8",,"9",,,"9"
"249200920","PIWNICZNA                     ","2025","02","10",5.6,,-6.8,,-2.5,,,"8",,"9",,,"9"
"249200920","PIWNICZNA                     ","2025","02","11",6.6,,-10.6,,-4.7,,,"8",,"9",,,"9"
"249200920","PIWNICZNA                     ","2025","02","12",5.3,,-9.0,,-2.5,,,"8",,"9",,,"9"
"249200920","PIWNICZNA                     ","2025","02","13",3.3,,-0.7,,0.7,,,"8",0.5,,"S",,"9"
"249200920","PIWNICZNA                     ","2025","02","14",1.5,,-1.1,,-0.1,,,"8",0.6,,"S",0,
"249200920","PIWNICZNA                     ","2025","02","15",-0.4,,-7.6,,-3.6,,,"8",0.3,,"S",0,
"249200920","PIWNICZNA                     ","2025","02","16",-0.6,,-10.8,,-6.7,,,"8",,"9",,1,
"249200920","PIWNICZNA                     ","2025","02","17",-0.4,,-9.9,,-6.8,,,"8",,"9",,,"9"
"249200920","PIWNICZNA                     ","2025","02","18",-1.1,,-12.1,,-7.4,,,"8",0.0,,"W",,"9"
"249200920","PIWNICZNA                     ","2025","02","19",1.4,,-7.9,,-4.6,,,"8",,"9",,,"9"
"249200920","PIWNICZNA                     ","2025","02","20",3.4,,-12.3,,-6.2,,,"8",,"9",,,"9"
"249200920","PIWNICZNA                     ","2025","02","21",4.9,,-11.0,,-4.8,,,"8",,"9",,,"9"
"249200920","PIWNICZNA                     ","2025","02","22",6.2,,-9.9,,-3.8,,,"8",,"9",,,"9"
"249200920","PIWNICZNA                     ","2025","02","23",8.1,,-6.1,,0.1,,,"8",0.8,,"S",,"9"
"249200920","PIWNICZNA                     ","2025","02","24",3.9,,0.1,,1.3,,,"8",2.2,,"S",0,
"249200920","PIWNICZNA                     ","2025","02","25",3.6,,-0.7,,0.8,,,"8",,"9",,,"9"
"249200920","PIWNICZNA                     ","2025","02","26",10.2,,-1.4,,3.2,,,"8",,"9",,,"9"
"249200920","PIWNICZNA                     ","2025","02","27",7.6,,0.5,,3.3,,,"8",9.8,,"W",,"9"
"249200920","PIWNICZNA                     ","2025","02","28",6.9,,0.8,,2.8,,,"8",,"9",,,"9"
"249200930","PORONIN                       ","2025","02","01",1.9,,-4.3,,-1.4,,,"8",,"9",,1,
"249200930","PORONIN                       ","2025","02","02",-0.8,,-7.4,,-4.4,,,"8",,"9",,,"9"
"249200930","PORONIN                       ","2025","02","03",0.1,,-5.8,,-3.7,,,"8",,"9",,,"9"
"249200930","PORONIN                       ","2025","02","04",2.2,,-12.5,,-6.6,,,"8",,"9",,,"9"
"249200930","PORONIN                       ","2025","02","05",6.3,,-7.4,,-3.2,,,"8",,"9",,,"9"
"249200930","PORONIN                       ","2025","02","06",0.3,,-8.6,,-2.9,,,"8",0.2,,"W",,"9"
"249200930","PORONIN                       ","2025","02","07",0.3,,-2.7,,-1.5,,,"8",,"9",,,"9"
"249200930","PORONIN                       ","2025","02","08",4.1,,-6.0,,-2.7,,,"8",,"9",,,"9"
"249200930","PORONIN                       ","2025","02","09",6.8,,-9.0,,-2.5,,,"8",,"9",,,"9"
"249200930","PORONIN                       ","2025","02","10",6.7,,-7.8,,-3.1,,,"8",,"9",,,"9"
"249200930","PORONIN                       ","2025","02","11",3.2,,-12.3,,-6.3,,,"8",,"9",,,"9"
"249200930","PORONIN                       ","2025","02","12",2.0,,-12.3,,-5.8,,,"8",,"9",,,"9"
"249200930","PORONIN                       ","2025","02","13",3.0,,-4.3,,-1.2,,,"8",1.0,,"S",,"9"
"249200930","PORONIN                       ","2025","02","14",0.8,,-4.3,,-2.1,,,"8",0.8,,"S",1,
"249200930","PORONIN                       ","2025","02","15",-4.1,,-12.3,,-7.7,,,"8",0.2,,"S",2,
"249200930","PORONIN                       ","2025","02","16",-4.0,,-14.3,,-10.1,,,"8",0.2,,"S",2,
"249200930","PORONIN                       ","2025","02","17",-3.5,,-18.3,,-12.7,,,"8",0.1,,"S",2,
"249200930","PORONIN                       ","2025","02","18",-4.4,,-16.3,,-10.1,,,"8",,"9",,2,
"249200930","PORONIN                       ","2025","02","19",-1.1,,-12.3,,-8.2,,,"8",,"9",,2,
"249200930","PORONIN                       ","2025","02","20",-0.4,,-16.3,,-9.9,,,"8",,"9",,2,
"249200930","PORONIN                       ","2025","02","21",3.0,,-15.7,,-8.1,,,"8",,"9",,,"9"
"249200930","PORONIN                       ","2025","02","22",5.6,,-13.8,,-6.5,,,"8",,"9",,,"9"
"249200930","PORONIN                       ","2025","02","23",7.0,,-11.4,,-3.1,,,"8",6.1,,"W",,"9"
"249200930","PORONIN                       ","2025","02","24",6.5,,0.4,,2.3,,,"8",1.6,,"W",,"9"
"249200930","PORONIN                       ","2025","02","25",7.6,,-4.5,,-0.4,,,"8",,"9",,,"9"
"249200930","PORONIN                       ","2025","02","26",10.3,,-5.1,,0.6,,,"8",0.2,,"W",,"9"
"249200930","PORONIN                       ","2025","02","27",5.2,,-1.7,,1.8,,,"8",11.9,,"S",,"9"
"249200930","PORONIN                       ","2025","02","28",3.9,,-0.1,,1.5,,,"8",,"9",,5,
"249200980","MSZANA DOLNA                  ","2025","02","01",2.8,,-1.6,,0.3,,,"8",,"9",,,"9"
"249200980","MSZANA DOLNA                  ","2025","02","02",1.8,,-3.6,,-1.9,,,"8",0.0,,"W",,"9"
"249200980","MSZANA DOLNA                  ","2025","02","03",1.8,,-4.2,,-2.0,,,"8",,"9",,0,
"249200980","MSZANA DOLNA                  ","2025","02","04",4.4,,-7.9,,-3.0,,,"8",,"9",,,"9"
"249200980","MSZANA DOLNA                  ","2025","02","05",6.2,,-4.2,,-0.8,,,"8",0.6,,"S",,"9"
"249200980","MSZANA DOLNA                  ","2025","02","06",1.2,,-2.6,,-0.2,,,"8",1.2,,"S",1,
"249200980","MSZANA DOLNA                  ","2025","02","07",1.6,,-0.9,,-0.1,,,"8",,"9",,,"9"
"249200980","MSZANA DOLNA                  ","2025","02","08",7.0,,-3.7,,-0.3,,,"8",,"9",,,"9"
"249200980","MSZANA DOLNA                  ","2025","02","09",8.7,,-5.4,,0.1,,,"8",,"9",,,"9"
"249200980","MSZANA DOLNA                  ","2025","02","10",4.3,,-6.1,,-2.9,,,"8",,"9",,,"9"
"249200980","MSZANA DOLNA                  ","2025","02","11",2.4,,-10.3,,-5.4,,,"8",,"9",,,"9"
"249200980","MSZANA DOLNA                  ","2025","02","12",3.9,,-10.5,,-4.0,,,"8",,"9",,,"9"
"249200980","MSZANA DOLNA                  ","2025","02","13",5.9,,0.0,,2.4,,,"8",0.2,,"S",,"9"
"249200980","MSZANA DOLNA                  ","2025","02","14",3.5,,-2.1,,-0.2,,,"8",0.9,,"S",0,
"249200980","MSZANA DOLNA                  ","2025","02","15",-2.0,,-7.2,,-4.7,,,"8",0.5,,"S",1,
"249200980","MSZANA DOLNA                  ","2025","02","16",-2.0,,-12.9,,-8.3,,,"8",0.8,,"S",1,
"249200980","MSZANA DOLNA                  ","2025","02","17",-1.0,,-12.9,,-8.4,,,"8",,"9",,2,
"249200980","MSZANA DOLNA                  ","2025","02","18",-2.8,,-11.7,,-7.3,,,"8",,"9",,,"9"
"249200980","MSZANA DOLNA                  ","2025","02","19",1.1,,-7.9,,-4.5,,,"8",,"9",,,"9"
"249200980","MSZANA DOLNA                  ","2025","02","20",3.3,,-11.9,,-5.5,,,"8",,"9",,,"9"
"249200980","MSZANA DOLNA                  ","2025","02","21",5.7,,-10.2,,-3.6,,,"8",,"9",,,"9"
"249200980","MSZANA DOLNA                  ","2025","02","22",8.2,,-4.9,,0.2,,,"8",,"9",,,"9"
"249200980","MSZANA DOLNA                  ","2025","02","23",8.9,,-4.1,,1.7,,,"8",3.7,,"W",,"9"
"249200980","MSZANA DOLNA                  ","2025","02","24",6.6,,1.8,,3.3,,,"8",0.8,,"W",,"9"
"249200980","MSZANA DOLNA                  ","2025","02","25",10.7,,-2.6,,2.5,,,"8",,"9",,,"9"
"249200980","MSZANA DOLNA                  ","2025","02","26",9.8,,0.2,,4.2,,,"8",,"9",,,"9"
"249200980","MSZANA DOLNA                  ","2025","02","27",8.2,,2.1,,4.3,,,"8",12.9,,"W",,"9"
"249200980","MSZANA DOLNA                  ","2025","02","28",5.4,,-0.6,,1.6,,,"8",,"9",,,"9"
"249220150","SOLINA-JAWOR                  ","2025","02","01",3.4,,-2.4,,0.1,,-4.9,,,"9",,,"9"
"249220150","SOLINA-JAWOR                  ","2025","02","02",0.6,,-2.2,,-0.9,,-5.0,,1.0,,"S",,"9"
"249220150","SOLINA-JAWOR                  ","2025","02","03",0.4,,-2.9,,-1.6,,-5.2,,,"9",,2,
"249220150","SOLINA-JAWOR                  ","2025","02","04",0.3,,-3.3,,-1.5,,-4.8,,,"9",,,"9"
"249220150","SOLINA-JAWOR                  ","2025","02","05",4.0,,-3.4,,0.1,,-5.6,,,"9",,,"9"
"249220150","SOLINA-JAWOR                  ","2025","02","06",2.2,,-3.0,,-0.9,,-5.4,,,"9",,,"9"
"249220150","SOLINA-JAWOR                  ","2025","02","07",1.4,,-5.9,,-3.0,,-7.1,,,"9",,,"9"
"249220150","SOLINA-JAWOR                  ","2025","02","08",4.8,,-6.4,,-2.2,,-8.5,,,"9",,,"9"
"249220150","SOLINA-JAWOR                  ","2025","02","09",8.0,,-4.9,,-0.8,,-8.0,,,"9",,,"9"
"249220150","SOLINA-JAWOR                  ","2025","02","10",4.0,,-8.5,,-3.4,,-11.9,,,"9",,,"9"
"249220150","SOLINA-JAWOR                  ","2025","02","11",1.6,,-10.2,,-6.3,,-12.6,,,"9",,,"9"
"249220150","SOLINA-JAWOR                  ","2025","02","12",5.5,,-9.7,,-4.0,,-12.8,,,"9",,,"9"
"249220150","SOLINA-JAWOR                  ","2025","02","13",3.1,,-5.4,,0.2,,-9.6,,0.1,,"S",,"9"
"249220150","SOLINA-JAWOR                  ","2025","02","14",2.6,,-2.0,,-0.4,,-2.3,,1.3,,"S",,"9"
"249220150","SOLINA-JAWOR                  ","2025","02","15",-1.8,,-7.4,,-5.2,,-8.9,,0.8,,"S",1,
"249220150","SOLINA-JAWOR                  ","2025","02","16",-2.4,,-7.6,,-5.7,,-9.5,,0.1,,"S",2,
"249220150","SOLINA-JAWOR                  ","2025","02","17",-2.6,,-10.7,,-7.2,,-13.0,,,"9",,0,
"249220150","SOLINA-JAWOR                  ","2025","02","18",-2.7,,-15.1,,-9.9,,-17.2,,0.2,,"S",,"9"
"249220150","SOLINA-JAWOR                  ","2025","02","19",-1.4,,-10.7,,-6.4,,-14.0,,,"9",,0,
"249220150","SOLINA-JAWOR                  ","2025","02","20",-0.9,,-10.3,,-6.0,,-13.4,,,"9",,,"9"
"249220150","SOLINA-JAWOR                  ","2025","02","21",3.0,,-12.2,,-5.6,,-15.2,,,"9",,,"9"
"249220150","SOLINA-JAWOR                  ","2025","02","22",3.5,,-8.5,,-2.8,,-11.4,,,"9",,,"9"
"249220150","SOLINA-JAWOR                  ","2025","02","23",5.2,,-3.4,,0.5,,-6.2,,,"9",,,"9"
"249220150","SOLINA-JAWOR                  ","2025","02","24",3.6,,-0.7,,1.6,,-1.8,,,"9",,,"9"
"249220150","SOLINA-JAWOR                  ","2025","02","25",9.5,,-0.3,,3.3,,-0.5,,,"9",,,"9"
"249220150","SOLINA-JAWOR                  ","2025","02","26",10.4,,-2.3,,2.8,,-5.4,,,"9",,,"9"
"249220150","SOLINA-JAWOR                  ","2025","02","27",9.2,,-1.6,,3.6,,-4.3,,4.6,,"W",,"9"
"249220150","SOLINA-JAWOR                  ","2025","02","28",6.1,,0.1,,2.7,,-2.0,,5.0,,"W",,"9"
"249220180","KOMAÑCZA                      ","2025","02","01",3.7,,-5.0,,-2.2,,,"8",,"9",,,"9"
"249220180","KOMAÑCZA                      ","2025","02","02",0.7,,-7.0,,-2.9,,,"8",0.0,,"W",,"9"
"249220180","KOMAÑCZA                      ","2025","02","03",1.2,,-6.0,,-2.2,,,"8",,"9",,0,
"249220180","KOMAÑCZA                      ","2025","02","04",1.2,,-6.0,,-1.9,,,"8",,"9",,,"9"
"249220180","KOMAÑCZA                      ","2025","02","05",5.3,,-5.0,,-0.5,,,"8",,"9",,,"9"
"249220180","KOMAÑCZA                      ","2025","02","06",1.7,,-3.0,,-1.0,,,"8",0.5,,"S",,"9"
"249220180","KOMAÑCZA                      ","2025","02","07",3.7,,-7.0,,-3.1,,,"8",,"9",,,"9"
"249220180","KOMAÑCZA                      ","2025","02","08",5.8,,-8.0,,-3.3,,,"8",,"9",,,"9"
"249220180","KOMAÑCZA                      ","2025","02","09",7.8,,-9.0,,-3.3,,,"8",,"9",,,"9"
"249220180","KOMAÑCZA                      ","2025","02","10",6.3,,-12.0,,-4.9,,,"8",,"9",,,"9"
"249220180","KOMAÑCZA                      ","2025","02","11",6.3,,-14.1,,-6.6,,,"8",,"9",,,"9"
"249220180","KOMAÑCZA                      ","2025","02","12",4.8,,-14.1,,-6.5,,,"8",,"9",,,"9"
"249220180","KOMAÑCZA                      ","2025","02","13",1.7,,-7.0,,-1.4,,,"8",0.0,,"W",,"9"
"249220180","KOMAÑCZA                      ","2025","02","14",1.0,,-1.8,,-0.8,,,"8",1.0,,"S",0,
"249220180","KOMAÑCZA                      ","2025","02","15",-1.8,,-10.0,,-6.1,,,"8",0.2,,"S",1,
"249220180","KOMAÑCZA                      ","2025","02","16",-1.7,,-10.7,,-7.9,,,"8",0.0,,"W",1,
"249220180","KOMAÑCZA                      ","2025","02","17",-1.3,,-12.8,,-8.2,,,"8",,"9",,1,
"249220180","KOMAÑCZA                      ","2025","02","18",-2.2,,-18.4,,-12.5,,,"8",0.2,,"S",0,
"249220180","KOMAÑCZA                      ","2025","02","19",0.7,,-13.8,,-7.5,,,"8",0.3,,"S",1,
"249220180","KOMAÑCZA                      ","2025","02","20",0.2,,-15.1,,-8.4,,,"8",,"9",,1,
"249220180","KOMAÑCZA                      ","2025","02","21",2.7,,-17.2,,-8.4,,,"8",,"9",,,"9"
"249220180","KOMAÑCZA                      ","2025","02","22",2.7,,-4.9,,-1.9,,,"8",,"9",,,"9"
"249220180","KOMAÑCZA                      ","2025","02","23",2.4,,-1.9,,-0.1,,,"8",,"9",,,"9"
"249220180","KOMAÑCZA                      ","2025","02","24",1.1,,-1.0,,0.1,,,"8",1.8,,"S",,"9"
"249220180","KOMAÑCZA                      ","2025","02","25",6.3,,-2.0,,1.0,,,"8",,"9",,2,
"249220180","KOMAÑCZA                      ","2025","02","26",8.8,,-4.0,,1.0,,,"8",,"9",,,"9"
"249220180","KOMAÑCZA                      ","2025","02","27",8.8,,-3.0,,2.8,,,"8",9.8,,"W",,"9"
"249220180","KOMAÑCZA                      ","2025","02","28",5.3,,-1.0,,2.0,,,"8",2.8,,"W",,"9"
"250180580","DRONIOWICE                    ","2025","02","01",3.7,,0.0,,1.4,,-0.7,,0.1,,"S",,"9"
"250180580","DRONIOWICE                    ","2025","02","02",3.0,,-0.2,,0.7,,-1.0,,0.0,,"S",,"9"
"250180580","DRONIOWICE                    ","2025","02","03",2.0,,-2.5,,-0.9,,-3.9,,,"9",,,"9"
"250180580","DRONIOWICE                    ","2025","02","04",5.7,,-4.0,,-0.7,,-4.4,,,"9",,,"9"
"250180580","DRONIOWICE                    ","2025","02","05",5.1,,-3.7,,-0.2,,-4.9,,0.2,,"W",,"9"
"250180580","DRONIOWICE                    ","2025","02","06",3.0,,0.2,,1.5,,-0.6,,0.4,,"S",,"9"
"250180580","DRONIOWICE                    ","2025","02","07",2.5,,-0.7,,0.6,,-1.8,,,"9",,,"9"
"250180580","DRONIOWICE                    ","2025","02","08",5.2,,-2.7,,0.0,,-3.0,,,"9",,,"9"
"250180580","DRONIOWICE                    ","2025","02","09",2.3,,-3.7,,-0.7,,-3.9,,,"9",,,"9"
"250180580","DRONIOWICE                    ","2025","02","10",3.7,,-4.8,,-2.1,,-4.8,,,"9",,,"9"
"250180580","DRONIOWICE                    ","2025","02","11",4.0,,-7.3,,-3.4,,-7.2,,,"9",,,"9"
"250180580","DRONIOWICE                    ","2025","02","12",3.2,,-7.8,,-2.9,,-7.6,,0.1,,"S",,"9"
"250180580","DRONIOWICE                    ","2025","02","13",4.5,,-1.2,,1.3,,-2.4,,0.1,,"S",0,
"250180580","DRONIOWICE                    ","2025","02","14",2.1,,-4.4,,-1.8,,-5.0,,0.2,,"S",0,
"250180580","DRONIOWICE                    ","2025","02","15",-1.3,,-6.5,,-4.8,,-7.1,,0.0,,"S",1,
"250180580","DRONIOWICE                    ","2025","02","16",-0.5,,-9.8,,-5.8,,-9.5,,0.1,,"S",1,
"250180580","DRONIOWICE                    ","2025","02","17",-1.0,,-13.1,,-8.5,,-12.5,,,"9",,2,
"250180580","DRONIOWICE                    ","2025","02","18",-0.6,,-10.0,,-6.3,,-10.6,,,"9",,,"9"
"250180580","DRONIOWICE                    ","2025","02","19",2.5,,-5.7,,-2.9,,-7.0,,,"9",,,"9"
"250180580","DRONIOWICE                    ","2025","02","20",4.0,,-9.7,,-4.0,,-10.4,,,"9",,,"9"
"250180580","DRONIOWICE                    ","2025","02","21",6.0,,-6.0,,-1.4,,-6.7,,,"9",,,"9"
"250180580","DRONIOWICE                    ","2025","02","22",9.0,,-3.2,,0.6,,-4.2,,,"9",,,"9"
"250180580","DRONIOWICE                    ","2025","02","23",5.5,,-2.0,,1.1,,-3.6,,1.0,,"W",,"9"
"250180580","DRONIOWICE                    ","2025","02","24",6.8,,0.2,,2.8,,-1.4,,0.1,,"W",,"9"
"250180580","DRONIOWICE                    ","2025","02","25",10.7,,-1.0,,4.4,,-2.2,,,"9",,,"9"
"250180580","DRONIOWICE                    ","2025","02","26",9.8,,1.6,,5.3,,-0.2,,0.1,,"W",,"9"
"250180580","DRONIOWICE                    ","2025","02","27",9.2,,3.0,,5.4,,1.6,,0.7,,"W",,"9"
"250180580","DRONIOWICE                    ","2025","02","28",7.0,,1.1,,3.2,,1.7,,2.5,,"W",,"9"
"250190390","KRAKÓW-OBSERWATORIUM          ","2025","02","01",4.9,,-0.9,,2.2,,-3.8,,,"9",,,"9"
"250190390","KRAKÓW-OBSERWATORIUM          ","2025","02","02",3.9,,-0.3,,1.0,,-3.9,,0.0,,"S",,"9"
"250190390","KRAKÓW-OBSERWATORIUM          ","2025","02","03",3.1,,-2.0,,-0.2,,-5.2,,,"9",,,"9"
"250190390","KRAKÓW-OBSERWATORIUM          ","2025","02","04",6.3,,-3.0,,0.2,,-5.6,,,"9",,,"9"
"250190390","KRAKÓW-OBSERWATORIUM          ","2025","02","05",8.1,,-2.7,,1.3,,-5.3,,1.1,,"S",,"9"
"250190390","KRAKÓW-OBSERWATORIUM          ","2025","02","06",3.4,,0.1,,1.8,,-2.3,,0.2,,"S",1,
"250190390","KRAKÓW-OBSERWATORIUM          ","2025","02","07",2.8,,0.0,,0.9,,-0.5,,,"9",,,"9"
"250190390","KRAKÓW-OBSERWATORIUM          ","2025","02","08",6.6,,-2.2,,0.8,,-3.4,,,"9",,,"9"
"250190390","KRAKÓW-OBSERWATORIUM          ","2025","02","09",5.1,,-4.2,,-0.6,,-5.5,,,"9",,,"9"
"250190390","KRAKÓW-OBSERWATORIUM          ","2025","02","10",1.6,,-5.0,,-2.2,,-6.4,,,"9",,,"9"
"250190390","KRAKÓW-OBSERWATORIUM          ","2025","02","11",1.1,,-5.8,,-3.8,,-7.6,,,"9",,,"9"
"250190390","KRAKÓW-OBSERWATORIUM          ","2025","02","12",2.8,,-7.9,,-3.0,,-8.8,,,"9",,,"9"
"250190390","KRAKÓW-OBSERWATORIUM          ","2025","02","13",5.4,,-1.2,,1.8,,-3.0,,1.7,,"S",,"9"
"250190390","KRAKÓW-OBSERWATORIUM          ","2025","02","14",3.9,,-1.1,,0.6,,-1.7,,0.2,,"S",0,
"250190390","KRAKÓW-OBSERWATORIUM          ","2025","02","15",1.4,,-3.0,,-1.7,,-5.3,,0.0,,"S",0,
"250190390","KRAKÓW-OBSERWATORIUM          ","2025","02","16",0.9,,-7.6,,-4.1,,-9.2,,0.0,,"S",0,
"250190390","KRAKÓW-OBSERWATORIUM          ","2025","02","17",0.6,,-9.0,,-5.2,,-10.6,,,"9",,,"9"
"250190390","KRAKÓW-OBSERWATORIUM          ","2025","02","18",0.7,,-9.0,,-4.6,,-11.0,,,"9",,,"9"
"250190390","KRAKÓW-OBSERWATORIUM          ","2025","02","19",2.9,,-4.2,,-1.8,,-5.9,,,"9",,,"9"
"250190390","KRAKÓW-OBSERWATORIUM          ","2025","02","20",4.6,,-8.0,,-3.0,,-9.9,,,"9",,,"9"
"250190390","KRAKÓW-OBSERWATORIUM          ","2025","02","21",6.5,,-8.2,,-2.2,,-9.9,,,"9",,,"9"
"250190390","KRAKÓW-OBSERWATORIUM          ","2025","02","22",9.2,,-6.2,,-0.1,,-8.2,,,"9",,,"9"
"250190390","KRAKÓW-OBSERWATORIUM          ","2025","02","23",9.7,,-4.8,,1.0,,-7.0,,7.7,,"W",,"9"
"250190390","KRAKÓW-OBSERWATORIUM          ","2025","02","24",6.3,,1.8,,3.8,,1.4,,0.3,,"W",,"9"
"250190390","KRAKÓW-OBSERWATORIUM          ","2025","02","25",12.4,,0.8,,5.1,,0.2,,,"9",,,"9"
"250190390","KRAKÓW-OBSERWATORIUM          ","2025","02","26",11.7,,1.5,,5.7,,-1.0,,0.0,,"W",,"9"
"250190390","KRAKÓW-OBSERWATORIUM          ","2025","02","27",11.0,,4.2,,6.6,,3.4,,14.9,,"W",,"9"
"250190390","KRAKÓW-OBSERWATORIUM          ","2025","02","28",7.4,,2.6,,4.1,,-0.2,,0.4,,"W",,"9"
"250210050","ŒWIÊTY KRZY¯                  ","2025","02","01",0.5,,-1.5,,-0.7,,-1.8,,,"9",,,"8"
"250210050","ŒWIÊTY KRZY¯                  ","2025","02","02",0.1,,-2.0,,-1.4,,-2.7,,0.3,,"W",,"8"
"250210050","ŒWIÊTY KRZY¯                  ","2025","02","03",-1.2,,-4.4,,-3.1,,-5.4,,,"9",,,"8"
"250210050","ŒWIÊTY KRZY¯                  ","2025","02","04",1.4,,-2.6,,-0.7,,-2.9,,,"9",,,"8"
"250210050","ŒWIÊTY KRZY¯                  ","2025","02","05",3.3,,-0.4,,0.8,,-2.1,,0.2,,"W",,"8"
"250210050","ŒWIÊTY KRZY¯                  ","2025","02","06",0.4,,-2.5,,-0.8,,-2.7,,,"9",,,"8"
"250210050","ŒWIÊTY KRZY¯                  ","2025","02","07",0.0,,-4.4,,-2.9,,-4.1,,,"9",,,"8"
"250210050","ŒWIÊTY KRZY¯                  ","2025","02","08",-1.2,,-5.8,,-4.1,,-5.7,,,"9",,,"8"
"250210050","ŒWIÊTY KRZY¯                  ","2025","02","09",-0.7,,-6.6,,-4.1,,-6.5,,,"9",,,"8"
"250210050","ŒWIÊTY KRZY¯                  ","2025","02","10",-0.6,,-8.4,,-5.2,,-9.1,,,"9",,,"8"
"250210050","ŒWIÊTY KRZY¯                  ","2025","02","11",-4.0,,-8.7,,-7.2,,-8.5,,,"9",,,"8"
"250210050","ŒWIÊTY KRZY¯                  ","2025","02","12",-0.7,,-8.9,,-5.1,,-9.9,,,"9",,,"8"
"250210050","ŒWIÊTY KRZY¯                  ","2025","02","13",1.7,,-4.9,,-1.5,,-5.3,,1.4,,"W",,"8"
"250210050","ŒWIÊTY KRZY¯                  ","2025","02","14",0.4,,-6.8,,-3.6,,-7.3,,,"9",,,"8"
"250210050","ŒWIÊTY KRZY¯                  ","2025","02","15",-4.2,,-7.6,,-6.1,,-9.1,,,"9",,,"8"
"250210050","ŒWIÊTY KRZY¯                  ","2025","02","16",-4.3,,-9.0,,-7.4,,-11.2,,,"9",,,"8"
"250210050","ŒWIÊTY KRZY¯                  ","2025","02","17",-3.7,,-10.3,,-7.9,,-17.5,,,"9",,,"8"
"250210050","ŒWIÊTY KRZY¯                  ","2025","02","18",-4.2,,-9.0,,-6.7,,-15.2,,,"9",,,"8"
"250210050","ŒWIÊTY KRZY¯                  ","2025","02","19",-1.4,,-6.9,,-4.7,,-7.5,,0.2,,"W",,"8"
"250210050","ŒWIÊTY KRZY¯                  ","2025","02","20",-1.3,,-6.0,,-4.5,,-9.6,,0.1,,"W",,"8"
"250210050","ŒWIÊTY KRZY¯                  ","2025","02","21",0.4,,-8.4,,-4.8,,-8.8,,,"9",,,"8"
"250210050","ŒWIÊTY KRZY¯                  ","2025","02","22",3.2,,-5.7,,-2.2,,-6.2,,,"9",,,"8"
"250210050","ŒWIÊTY KRZY¯                  ","2025","02","23",5.2,,-3.3,,1.2,,-4.1,,0.8,,"W",,"8"
"250210050","ŒWIÊTY KRZY¯                  ","2025","02","24",3.3,,0.6,,1.9,,0.5,,0.2,,"W",,"8"
"250210050","ŒWIÊTY KRZY¯                  ","2025","02","25",5.4,,1.3,,2.9,,1.5,,,"9",,,"8"
"250210050","ŒWIÊTY KRZY¯                  ","2025","02","26",7.1,,0.4,,4.5,,0.0,,,"9",,,"8"
"250210050","ŒWIÊTY KRZY¯                  ","2025","02","27",7.9,,3.0,,4.7,,2.6,,12.4,,"W",,"8"
"250210050","ŒWIÊTY KRZY¯                  ","2025","02","28",4.6,,1.3,,2.2,,0.3,,,"9",,,"8"
"250210130","STASZÓW                       ","2025","02","01",3.0,,-3.6,,0.2,,,"8",0.0,,"S",,"9"
"250210130","STASZÓW                       ","2025","02","02",4.3,,-1.1,,0.6,,,"8",0.0,,"S",,"9"
"250210130","STASZÓW                       ","2025","02","03",2.6,,-4.5,,-1.7,,,"8",,"9",,0,
"250210130","STASZÓW                       ","2025","02","04",4.5,,-1.8,,0.1,,,"8",,"9",,,"9"
"250210130","STASZÓW                       ","2025","02","05",6.8,,-2.0,,0.8,,,"8",0.0,,"W",,"9"
"250210130","STASZÓW                       ","2025","02","06",2.9,,-4.2,,0.2,,,"8",,"9",,0,
"250210130","STASZÓW                       ","2025","02","07",2.5,,-2.3,,-0.8,,,"8",,"9",,,"9"
"250210130","STASZÓW                       ","2025","02","08",1.8,,-3.1,,-1.4,,,"8",,"9",,,"9"
"250210130","STASZÓW                       ","2025","02","09",3.2,,-5.8,,-2.5,,,"8",,"9",,,"9"
"250210130","STASZÓW                       ","2025","02","10",3.6,,-7.1,,-3.1,,,"8",,"9",,,"9"
"250210130","STASZÓW                       ","2025","02","11",-1.0,,-7.4,,-5.4,,,"8",,"9",,,"9"
"250210130","STASZÓW                       ","2025","02","12",2.6,,-7.8,,-3.6,,,"8",,"9",,,"9"
"250210130","STASZÓW                       ","2025","02","13",5.0,,-7.3,,-1.7,,,"8",1.6,,"S",,"9"
"250210130","STASZÓW                       ","2025","02","14",2.7,,-2.9,,-0.6,,,"8",,"9",,2,
"250210130","STASZÓW                       ","2025","02","15",-0.2,,-8.7,,-4.7,,,"8",0.1,,"S",2,
"250210130","STASZÓW                       ","2025","02","16",-1.5,,-13.4,,-7.5,,,"8",0.0,,"S",2,
"250210130","STASZÓW                       ","2025","02","17",0.2,,-16.5,,-10.1,,,"8",,"9",,,"9"
"250210130","STASZÓW                       ","2025","02","18",-0.2,,-16.1,,-8.1,,,"8",0.0,,"S",,"9"
"250210130","STASZÓW                       ","2025","02","19",2.0,,-10.0,,-4.7,,,"8",0.0,,"S",,"9"
"250210130","STASZÓW                       ","2025","02","20",1.8,,-9.7,,-5.1,,,"8",,"9",,0,
"250210130","STASZÓW                       ","2025","02","21",4.8,,-9.0,,-3.5,,,"8",,"9",,,"9"
"250210130","STASZÓW                       ","2025","02","22",7.0,,-8.1,,-2.0,,,"8",,"9",,,"9"
"250210130","STASZÓW                       ","2025","02","23",9.5,,-5.1,,0.8,,,"8",1.5,,"W",,"9"
"250210130","STASZÓW                       ","2025","02","24",4.4,,1.5,,2.8,,,"8",2.4,,"W",,"9"
"250210130","STASZÓW                       ","2025","02","25",11.0,,1.3,,4.4,,,"8",,"9",,,"9"
"250210130","STASZÓW                       ","2025","02","26",7.7,,-3.8,,1.5,,,"8",,"9",,,"9"
"250210130","STASZÓW                       ","2025","02","27",12.0,,0.7,,5.1,,,"8",12.9,,"W",,"9"
"250210130","STASZÓW                       ","2025","02","28",6.5,,0.5,,2.8,,,"8",0.1,,"W",,"9"
"250220120","JAROCIN                       ","2025","02","01",4.6,,-1.7,,1.3,,,"8",,"9",,,"9"
"250220120","JAROCIN                       ","2025","02","02",3.2,,0.3,,1.2,,,"8",2.1,,"S",,"9"
"250220120","JAROCIN                       ","2025","02","03",1.1,,-3.7,,-1.3,,,"8",,"9",,3,
"250220120","JAROCIN                       ","2025","02","04",3.1,,-1.2,,0.2,,,"8",,"9",,,"9"
"250220120","JAROCIN                       ","2025","02","05",4.6,,-3.2,,0.0,,,"8",,"9",,,"9"
"250220120","JAROCIN                       ","2025","02","06",1.5,,-3.7,,-0.6,,,"8",0.1,,"S",,"9"
"250220120","JAROCIN                       ","2025","02","07",1.6,,-2.7,,-1.1,,,"8",,"9",,,"9"
"250220120","JAROCIN                       ","2025","02","08",1.1,,-3.7,,-1.9,,,"8",,"9",,,"9"
"250220120","JAROCIN                       ","2025","02","09",1.6,,-6.3,,-2.9,,,"8",,"9",,,"9"
"250220120","JAROCIN                       ","2025","02","10",4.5,,-9.8,,-4.1,,,"8",,"9",,,"9"
"250220120","JAROCIN                       ","2025","02","11",-2.2,,-11.3,,-7.2,,,"8",,"9",,,"9"
"250220120","JAROCIN                       ","2025","02","12",1.6,,-8.8,,-4.2,,,"8",,"9",,,"9"
"250220120","JAROCIN                       ","2025","02","13",5.1,,-7.3,,-1.5,,,"8",3.0,,"S",,"9"
"250220120","JAROCIN                       ","2025","02","14",2.9,,-2.7,,-0.3,,,"8",0.5,,"S",2,
"250220120","JAROCIN                       ","2025","02","15",-0.4,,-6.3,,-4.1,,,"8",,"9",,2,
"250220120","JAROCIN                       ","2025","02","16",-0.4,,-11.3,,-6.6,,,"8",,"9",,,"9"
"250220120","JAROCIN                       ","2025","02","17",-0.9,,-15.4,,-9.2,,,"8",,"9",,,"9"
"250220120","JAROCIN                       ","2025","02","18",-0.4,,-18.0,,-9.5,,,"8",,"9",,,"9"
"250220120","JAROCIN                       ","2025","02","19",1.6,,-6.3,,-2.4,,,"8",0.3,,"S",,"9"
"250220120","JAROCIN                       ","2025","02","20",2.1,,-10.3,,-4.7,,,"8",,"9",,1,
"250220120","JAROCIN                       ","2025","02","21",3.1,,-10.8,,-4.6,,,"8",,"9",,,"9"
"250220120","JAROCIN                       ","2025","02","22",5.1,,-7.3,,-2.1,,,"8",,"9",,,"9"
"250220120","JAROCIN                       ","2025","02","23",6.6,,-4.2,,0.1,,,"8",,"9",,,"9"
"250220120","JAROCIN                       ","2025","02","24",3.1,,0.3,,2.0,,,"8",,"9",,,"9"
"250220120","JAROCIN                       ","2025","02","25",9.6,,1.3,,3.7,,,"8",,"9",,,"9"
"250220120","JAROCIN                       ","2025","02","26",10.6,,-5.8,,1.1,,,"8",,"9",,,"9"
"250220120","JAROCIN                       ","2025","02","27",10.1,,-1.7,,3.7,,,"8",6.4,,"S",,"9"
"250220120","JAROCIN                       ","2025","02","28",6.9,,2.3,,3.9,,,"8",0.6,,"W",,"9"
"250240010","STRZY¯ÓW                      ","2025","02","01",6.0,,-0.4,,2.6,,-3.9,,,"9",,,"9"
"250240010","STRZY¯ÓW                      ","2025","02","02",4.5,,-0.4,,1.1,,-0.8,,0.4,,"S",,"9"
"250240010","STRZY¯ÓW                      ","2025","02","03",2.9,,-4.7,,-1.6,,-7.0,,,"9",,1,
"250240010","STRZY¯ÓW                      ","2025","02","04",0.9,,-2.3,,-0.5,,-3.4,,,"9",,,"9"
"250240010","STRZY¯ÓW                      ","2025","02","05",4.0,,-1.8,,0.6,,-3.9,,,"9",,,"9"
"250240010","STRZY¯ÓW                      ","2025","02","06",1.9,,-0.4,,0.4,,-1.9,,,"9",,,"9"
"250240010","STRZY¯ÓW                      ","2025","02","07",0.9,,-3.3,,-1.3,,-5.4,,,"9",,,"9"
"250240010","STRZY¯ÓW                      ","2025","02","08",0.9,,-5.2,,-2.0,,-6.4,,,"9",,,"9"
"250240010","STRZY¯ÓW                      ","2025","02","09",0.4,,-6.2,,-3.4,,-7.5,,,"9",,,"9"
"250240010","STRZY¯ÓW                      ","2025","02","10",2.9,,-9.6,,-4.8,,-11.5,,,"9",,,"9"
"250240010","STRZY¯ÓW                      ","2025","02","11",-2.6,,-9.6,,-6.9,,-12.0,,,"9",,,"9"
"250240010","STRZY¯ÓW                      ","2025","02","12",-0.6,,-9.6,,-5.6,,-10.0,,,"9",,,"9"
"250240010","STRZY¯ÓW                      ","2025","02","13",4.0,,-10.0,,-3.6,,-13.0,,0.7,,"S",,"9"
"250240010","STRZY¯ÓW                      ","2025","02","14",0.9,,-3.3,,-1.4,,-3.9,,1.9,,"S",1,
"250240010","STRZY¯ÓW                      ","2025","02","15",0.4,,-11.5,,-6.7,,-15.1,,,"9",,1,
"250240010","STRZY¯ÓW                      ","2025","02","16",-2.6,,-8.1,,-5.1,,-11.5,,,"9",,1,
"250240010","STRZY¯ÓW                      ","2025","02","17",-2.1,,-14.5,,-9.3,,-15.1,,,"9",,,"9"
"250240010","STRZY¯ÓW                      ","2025","02","18",0.4,,-15.0,,-8.7,,-17.1,,0.0,,"W",,"9"
"250240010","STRZY¯ÓW                      ","2025","02","19",1.4,,-9.1,,-4.1,,-12.0,,,"9",,,"9"
"250240010","STRZY¯ÓW                      ","2025","02","20",1.4,,-10.5,,-6.1,,-12.5,,,"9",,,"9"
"250240010","STRZY¯ÓW                      ","2025","02","21",1.9,,-12.0,,-6.4,,-14.0,,,"9",,,"9"
"250240010","STRZY¯ÓW                      ","2025","02","22",2.4,,-8.6,,-3.7,,-11.0,,,"9",,,"9"
"250240010","STRZY¯ÓW                      ","2025","02","23",4.5,,-8.1,,-3.0,,-10.0,,,"9",,,"9"
"250240010","STRZY¯ÓW                      ","2025","02","24",7.0,,-9.6,,-3.1,,-11.5,,,"9",,,"9"
"250240010","STRZY¯ÓW                      ","2025","02","25",0.9,,-6.7,,-2.4,,-9.5,,,"9",,,"9"
"250240010","STRZY¯ÓW                      ","2025","02","26",10.0,,-4.7,,0.6,,-8.0,,,"9",,,"9"
"250240010","STRZY¯ÓW                      ","2025","02","27",11.0,,-1.8,,3.2,,-4.4,,0.0,,"W",,"9"
"250240010","STRZY¯ÓW                      ","2025","02","28",4.0,,0.6,,2.0,,-0.3,,4.0,,"W",,"9"
"251150060","CEBER                         ","2025","02","01",4.4,,1.1,,3.0,,-1.4,,,"9",,,"9"
"251150060","CEBER                         ","2025","02","02",7.0,,0.4,,2.6,,-1.7,,,"9",,,"9"
"251150060","CEBER                         ","2025","02","03",5.3,,-2.1,,0.7,,-5.6,,,"9",,,"9"
"251150060","CEBER                         ","2025","02","04",6.6,,-5.3,,-1.0,,-8.9,,,"9",,,"9"
"251150060","CEBER                         ","2025","02","05",2.5,,-6.3,,-1.9,,-9.9,,0.2,,"W",,"9"
"251150060","CEBER                         ","2025","02","06",5.0,,0.5,,2.5,,-1.6,,,"9",,,"9"
"251150060","CEBER                         ","2025","02","07",4.2,,-3.2,,0.5,,-5.9,,,"9",,,"9"
"251150060","CEBER                         ","2025","02","08",5.0,,-1.0,,1.4,,-4.4,,,"9",,,"9"
"251150060","CEBER                         ","2025","02","09",5.0,,-4.2,,-0.5,,-7.4,,,"9",,,"9"
"251150060","CEBER                         ","2025","02","10",3.7,,-6.7,,-2.2,,-10.3,,,"9",,,"9"
"251150060","CEBER                         ","2025","02","11",2.5,,-6.1,,-2.4,,-10.1,,,"9",,,"9"
"251150060","CEBER                         ","2025","02","12",1.4,,-6.7,,-2.8,,-8.6,,0.2,,"S",,"9"
"251150060","CEBER                         ","2025","02","13",1.7,,-1.0,,0.2,,-2.9,,10.1,,"S",0,
"251150060","CEBER                         ","2025","02","14",2.5,,-2.9,,-0.9,,-5.4,,,"9",,12,
"251150060","CEBER                         ","2025","02","15",0.5,,-5.4,,-3.0,,-8.3,,1.5,,"S",11,
"251150060","CEBER                         ","2025","02","16",2.5,,-10.1,,-5.5,,-19.0,,,"9",,11,
"251150060","CEBER                         ","2025","02","17",-1.5,,-17.1,,-10.1,,-20.9,,,"9",,9,
"251150060","CEBER                         ","2025","02","18",-0.5,,-20.0,,-10.3,,-23.8,,,"9",,9,
"251150060","CEBER                         ","2025","02","19",2.2,,-16.6,,-8.6,,-21.9,,,"9",,8,
"251150060","CEBER                         ","2025","02","20",2.3,,-12.8,,-6.2,,-20.9,,,"9",,8,
"251150060","CEBER                         ","2025","02","21",4.5,,-3.6,,0.6,,-10.3,,,"9",,7,
"251150060","CEBER                         ","2025","02","22",8.7,,-3.6,,1.2,,-7.6,,,"9",,4,
"251150060","CEBER                         ","2025","02","23",8.1,,-2.5,,3.2,,-7.4,,,"9",,,"9"
"251150060","CEBER                         ","2025","02","24",14.1,,-2.4,,4.0,,-5.4,,,"9",,,"9"
"251150060","CEBER                         ","2025","02","25",11.2,,2.0,,6.4,,-0.7,,1.1,,"W",,"9"
"251150060","CEBER                         ","2025","02","26",10.6,,3.2,,6.6,,0.5,,1.2,,"W",,"9"
"251150060","CEBER                         ","2025","02","27",11.3,,5.0,,7.5,,3.0,,0.7,,"W",,"9"
"251150060","CEBER                         ","2025","02","28",7.9,,3.0,,4.7,,-0.2,,1.7,,"W",,"9"
"251160320","RADZYÑ                        ","2025","02","01",4.7,,1.9,,3.1,,0.8,,,"9",,,"9"
"251160320","RADZYÑ                        ","2025","02","02",4.4,,0.5,,1.8,,0.2,,,"9",,,"9"
"251160320","RADZYÑ                        ","2025","02","03",5.2,,-2.6,,-0.1,,-5.3,,,"9",,,"9"
"251160320","RADZYÑ                        ","2025","02","04",5.4,,-5.1,,-1.6,,-9.3,,,"9",,,"9"
"251160320","RADZYÑ                        ","2025","02","05",2.6,,-5.1,,-1.3,,-8.9,,0.1,,"W",,"9"
"251160320","RADZYÑ                        ","2025","02","06",3.0,,1.0,,2.1,,-0.9,,0.0,,"W",,"9"
"251160320","RADZYÑ                        ","2025","02","07",3.0,,-2.1,,0.9,,-5.7,,,"9",,,"9"
"251160320","RADZYÑ                        ","2025","02","08",5.0,,-0.5,,1.8,,-1.8,,,"9",,,"9"
"251160320","RADZYÑ                        ","2025","02","09",5.1,,-2.6,,0.4,,-7.0,,,"9",,,"9"
"251160320","RADZYÑ                        ","2025","02","10",3.2,,-3.1,,-0.4,,-5.6,,,"9",,,"9"
"251160320","RADZYÑ                        ","2025","02","11",2.3,,-4.4,,-1.6,,-7.2,,,"9",,,"9"
"251160320","RADZYÑ                        ","2025","02","12",0.0,,-5.9,,-2.9,,-7.5,,0.0,,"W",,"9"
"251160320","RADZYÑ                        ","2025","02","13",1.4,,-1.1,,0.3,,-2.3,,10.4,,"S",0,
"251160320","RADZYÑ                        ","2025","02","14",1.2,,-2.4,,-0.9,,-5.4,,0.2,,"S",12,
"251160320","RADZYÑ                        ","2025","02","15",0.9,,-3.5,,-2.0,,-8.3,,0.5,,"S",10,
"251160320","RADZYÑ                        ","2025","02","16",-0.6,,-6.3,,-4.3,,-18.0,,,"9",,10,
"251160320","RADZYÑ                        ","2025","02","17",-1.5,,-14.6,,-9.0,,-18.0,,,"9",,8,
"251160320","RADZYÑ                        ","2025","02","18",0.7,,-14.7,,-7.4,,-21.5,,,"9",,8,
"251160320","RADZYÑ                        ","2025","02","19",2.0,,-12.0,,-6.3,,-18.2,,,"9",,7,
"251160320","RADZYÑ                        ","2025","02","20",3.4,,-12.5,,-5.6,,-19.5,,,"9",,7,
"251160320","RADZYÑ                        ","2025","02","21",5.1,,-5.5,,0.6,,-13.3,,,"9",,6,
"251160320","RADZYÑ                        ","2025","02","22",9.4,,-3.3,,1.2,,-6.1,,,"9",,3,
"251160320","RADZYÑ                        ","2025","02","23",8.4,,-3.0,,2.6,,-5.2,,,"9",,1,
"251160320","RADZYÑ                        ","2025","02","24",13.8,,-2.3,,3.8,,-4.0,,,"9",,,"9"
"251160320","RADZYÑ                        ","2025","02","25",10.9,,2.2,,6.1,,-0.1,,0.9,,"W",,"9"
"251160320","RADZYÑ                        ","2025","02","26",9.7,,2.2,,5.7,,2.1,,0.8,,"W",,"9"
"251160320","RADZYÑ                        ","2025","02","27",11.4,,5.0,,7.5,,4.2,,0.8,,"W",,"9"
"251160320","RADZYÑ                        ","2025","02","28",7.9,,3.1,,4.8,,1.3,,1.6,,"W",,"9"
"251190050","PUCZNIEW                      ","2025","02","01",5.1,,0.0,,2.3,,-0.3,,0.4,,"S",,"9"
"251190050","PUCZNIEW                      ","2025","02","02",3.3,,-0.5,,1.3,,-3.2,,0.1,,"S",0,
"251190050","PUCZNIEW                      ","2025","02","03",1.5,,-3.4,,-0.8,,-6.9,,,"9",,,"9"
"251190050","PUCZNIEW                      ","2025","02","04",6.0,,-2.2,,0.8,,-6.0,,,"9",,,"9"
"251190050","PUCZNIEW                      ","2025","02","05",6.4,,-3.8,,-0.1,,-9.7,,0.4,,"W",,"9"
"251190050","PUCZNIEW                      ","2025","02","06",6.4,,0.3,,2.8,,-1.3,,0.3,,"W",,"9"
"251190050","PUCZNIEW                      ","2025","02","07",3.5,,-1.4,,0.6,,-5.8,,,"9",,,"9"
"251190050","PUCZNIEW                      ","2025","02","08",3.3,,-2.5,,-0.5,,-4.4,,,"9",,,"9"
"251190050","PUCZNIEW                      ","2025","02","09",2.0,,-3.4,,-0.9,,-5.2,,,"9",,,"9"
"251190050","PUCZNIEW                      ","2025","02","10",4.5,,-5.1,,-1.8,,-7.7,,,"9",,,"9"
"251190050","PUCZNIEW                      ","2025","02","11",3.3,,-7.7,,-4.4,,-12.4,,,"9",,,"9"
"251190050","PUCZNIEW                      ","2025","02","12",3.2,,-7.3,,-2.7,,-9.1,,,"9",,,"9"
"251190050","PUCZNIEW                      ","2025","02","13",4.4,,-2.8,,0.3,,-9.3,,3.2,,"S",,"9"
"251190050","PUCZNIEW                      ","2025","02","14",2.4,,-4.1,,-1.5,,-11.3,,0.0,,"S",3,
"251190050","PUCZNIEW                      ","2025","02","15",0.2,,-10.1,,-5.9,,-11.9,,,"9",,3,
"251190050","PUCZNIEW                      ","2025","02","16",0.2,,-7.3,,-4.8,,-14.3,,0.0,,"S",3,
"251190050","PUCZNIEW                      ","2025","02","17",-1.2,,-15.6,,-9.8,,-19.5,,,"9",,3,
"251190050","PUCZNIEW                      ","2025","02","18",-0.6,,-12.3,,-6.7,,-17.3,,0.1,,"S",3,
"251190050","PUCZNIEW                      ","2025","02","19",1.0,,-8.4,,-4.4,,-14.3,,,"9",,3,
"251190050","PUCZNIEW                      ","2025","02","20",5.1,,-9.8,,-3.8,,-12.5,,,"9",,3,
"251190050","PUCZNIEW                      ","2025","02","21",5.7,,-6.6,,-1.1,,-9.5,,,"9",,2,
"251190050","PUCZNIEW                      ","2025","02","22",10.4,,-2.7,,2.1,,-5.2,,,"9",,,"9"
"251190050","PUCZNIEW                      ","2025","02","23",8.8,,-2.0,,1.9,,-5.3,,4.4,,"W",,"9"
"251190050","PUCZNIEW                      ","2025","02","24",5.8,,2.3,,3.8,,0.8,,0.1,,"W",,"9"
"251190050","PUCZNIEW                      ","2025","02","25",10.6,,1.2,,5.1,,0.7,,,"9",,,"9"
"251190050","PUCZNIEW                      ","2025","02","26",10.1,,0.0,,4.7,,-3.0,,,"9",,,"9"
"251190050","PUCZNIEW                      ","2025","02","27",10.0,,4.6,,6.5,,2.8,,0.2,,"W",,"9"
"251190050","PUCZNIEW                      ","2025","02","28",6.7,,3.2,,4.5,,0.0,,0.7,,"W",,"9"
"251200030","SKIERNIEWICE                  ","2025","02","01",3.3,,1.0,,2.0,,-0.7,,,"9",,,"9"
"251200030","SKIERNIEWICE                  ","2025","02","02",3.8,,-0.4,,1.3,,-3.2,,0.6,,"S",,"9"
"251200030","SKIERNIEWICE                  ","2025","02","03",1.7,,-3.5,,-1.1,,-6.7,,0.3,,"W",,"9"
"251200030","SKIERNIEWICE                  ","2025","02","04",6.1,,-0.1,,2.4,,-2.7,,,"9",,,"9"
"251200030","SKIERNIEWICE                  ","2025","02","05",6.2,,-2.2,,0.6,,-5.7,,0.0,,"W",,"9"
"251200030","SKIERNIEWICE                  ","2025","02","06",4.8,,-0.6,,2.0,,-2.9,,0.2,,"W",,"9"
"251200030","SKIERNIEWICE                  ","2025","02","07",2.0,,-1.7,,-0.1,,-3.7,,,"9",,,"9"
"251200030","SKIERNIEWICE                  ","2025","02","08",1.9,,-3.1,,-1.4,,-3.9,,,"9",,,"9"
"251200030","SKIERNIEWICE                  ","2025","02","09",1.8,,-5.8,,-2.8,,-7.0,,,"9",,,"9"
"251200030","SKIERNIEWICE                  ","2025","02","10",2.8,,-7.7,,-3.8,,-10.7,,,"9",,,"9"
"251200030","SKIERNIEWICE                  ","2025","02","11",-3.1,,-9.1,,-7.0,,-11.9,,,"9",,,"9"
"251200030","SKIERNIEWICE                  ","2025","02","12",0.8,,-7.6,,-3.8,,-7.7,,,"9",,,"9"
"251200030","SKIERNIEWICE                  ","2025","02","13",2.5,,-6.8,,-2.5,,-8.7,,2.3,,"S",,"9"
"251200030","SKIERNIEWICE                  ","2025","02","14",0.5,,-2.6,,-1.4,,-7.5,,,"9",,3,
"251200030","SKIERNIEWICE                  ","2025","02","15",-1.1,,-6.3,,-4.0,,-7.0,,,"9",,2,
"251200030","SKIERNIEWICE                  ","2025","02","16",-0.7,,-8.0,,-5.4,,-16.3,,0.0,,"S",2,
"251200030","SKIERNIEWICE                  ","2025","02","17",-0.8,,-16.1,,-9.8,,-19.5,,,"9",,2,
"251200030","SKIERNIEWICE                  ","2025","02","18",-2.6,,-12.9,,-7.2,,-17.6,,0.0,,"S",2,
"251200030","SKIERNIEWICE                  ","2025","02","19",-0.7,,-6.1,,-3.5,,-8.7,,0.0,,"S",2,
"251200030","SKIERNIEWICE                  ","2025","02","20",2.4,,-8.4,,-3.9,,-9.2,,,"9",,2,
"251200030","SKIERNIEWICE                  ","2025","02","21",3.5,,-6.4,,-2.0,,-8.2,,,"9",,,"9"
"251200030","SKIERNIEWICE                  ","2025","02","22",6.0,,-6.3,,-0.8,,-8.2,,,"9",,,"9"
"251200030","SKIERNIEWICE                  ","2025","02","23",6.8,,-3.7,,1.4,,-6.4,,0.0,,"W",,"9"
"251200030","SKIERNIEWICE                  ","2025","02","24",5.5,,2.0,,3.5,,0.7,,0.2,,"W",,"9"
"251200030","SKIERNIEWICE                  ","2025","02","25",9.7,,1.9,,4.8,,-2.2,,,"9",,,"9"
"251200030","SKIERNIEWICE                  ","2025","02","26",10.2,,-1.8,,3.6,,-4.9,,,"9",,,"9"
"251200030","SKIERNIEWICE                  ","2025","02","27",9.7,,2.7,,5.8,,0.3,,4.9,,"W",,"9"
"251200030","SKIERNIEWICE                  ","2025","02","28",6.0,,3.5,,4.8,,1.4,,0.2,,"W",,"9"
"251210040","JARCZEW                       ","2025","02","01",3.3,,-2.2,,0.8,,-4.6,,,"9",,,"9"
"251210040","JARCZEW                       ","2025","02","02",3.1,,-3.7,,-0.1,,-6.0,,0.6,,"S",,"9"
"251210040","JARCZEW                       ","2025","02","03",0.3,,-9.1,,-3.4,,-13.5,,0.1,,"S",1,
"251210040","JARCZEW                       ","2025","02","04",3.9,,-3.7,,0.2,,-6.5,,,"9",,0,
"251210040","JARCZEW                       ","2025","02","05",5.3,,-4.7,,-0.3,,-11.2,,0.0,,"W",,"9"
"251210040","JARCZEW                       ","2025","02","06",2.4,,-4.7,,-0.3,,-9.4,,,"9",,0,
"251210040","JARCZEW                       ","2025","02","07",1.2,,-5.1,,-1.8,,-7.0,,,"9",,,"9"
"251210040","JARCZEW                       ","2025","02","08",-0.1,,-6.8,,-3.2,,-8.7,,,"9",,,"9"
"251210040","JARCZEW                       ","2025","02","09",-0.5,,-8.9,,-4.5,,-11.5,,,"9",,,"9"
"251210040","JARCZEW                       ","2025","02","10",0.9,,-12.3,,-6.2,,-15.0,,,"9",,,"9"
"251210040","JARCZEW                       ","2025","02","11",-3.9,,-11.5,,-7.6,,-14.2,,,"9",,,"9"
"251210040","JARCZEW                       ","2025","02","12",-1.5,,-10.5,,-5.9,,-12.0,,,"9",,,"9"
"251210040","JARCZEW                       ","2025","02","13",3.2,,-11.6,,-4.0,,-13.5,,2.0,,"S",,"9"
"251210040","JARCZEW                       ","2025","02","14",1.2,,-7.2,,-3.0,,-13.0,,0.6,,"S",3,
"251210040","JARCZEW                       ","2025","02","15",-1.6,,-13.1,,-6.0,,-22.0,,0.0,,"S",4,
"251210040","JARCZEW                       ","2025","02","16",-3.1,,-13.1,,-8.0,,-19.5,,0.0,,"S",3,
"251210040","JARCZEW                       ","2025","02","17",-1.6,,-18.5,,-10.4,,-22.0,,,"9",,3,
"251210040","JARCZEW                       ","2025","02","18",-1.6,,-16.0,,-8.2,,-21.0,,,"9",,3,
"251210040","JARCZEW                       ","2025","02","19",-1.1,,-10.1,,-5.3,,-16.0,,,"9",,2,
"251210040","JARCZEW                       ","2025","02","20",-2.2,,-10.6,,-5.8,,-17.0,,,"9",,2,
"251210040","JARCZEW                       ","2025","02","21",1.1,,-13.0,,-5.7,,-18.0,,,"9",,2,
"251210040","JARCZEW                       ","2025","02","22",3.6,,-9.6,,-3.2,,-11.5,,,"9",,2,
"251210040","JARCZEW                       ","2025","02","23",4.5,,-6.7,,-0.8,,-8.9,,,"9",,,"9"
"251210040","JARCZEW                       ","2025","02","24",3.9,,-2.2,,1.2,,-3.5,,,"9",,,"9"
"251210040","JARCZEW                       ","2025","02","25",7.3,,-1.3,,2.9,,-2.5,,,"9",,,"9"
"251210040","JARCZEW                       ","2025","02","26",8.8,,-2.2,,3.3,,-4.0,,,"9",,,"9"
"251210040","JARCZEW                       ","2025","02","27",8.9,,0.3,,4.9,,-0.6,,8.1,,"W",,"9"
"251210040","JARCZEW                       ","2025","02","28",7.0,,-0.3,,3.3,,-1.0,,2.4,,"W",,"9"
"252150120","GORZYÑ                        ","2025","02","01",7.0,,2.6,,3.9,,1.6,,0.7,,"W",,"9"
"252150120","GORZYÑ                        ","2025","02","02",4.3,,1.6,,2.4,,0.1,,,"9",,,"9"
"252150120","GORZYÑ                        ","2025","02","03",3.1,,-1.5,,0.4,,-3.4,,,"9",,,"9"
"252150120","GORZYÑ                        ","2025","02","04",4.8,,-3.5,,-0.5,,-6.4,,,"9",,,"9"
"252150120","GORZYÑ                        ","2025","02","05",2.8,,-3.6,,-0.4,,-6.4,,0.3,,"W",,"9"
"252150120","GORZYÑ                        ","2025","02","06",4.4,,1.7,,2.9,,0.5,,0.0,,"W",,"9"
"252150120","GORZYÑ                        ","2025","02","07",6.8,,0.0,,2.3,,-2.5,,,"9",,,"9"
"252150120","GORZYÑ                        ","2025","02","08",3.8,,-0.6,,0.9,,-1.4,,,"9",,,"9"
"252150120","GORZYÑ                        ","2025","02","09",2.8,,-2.0,,-0.3,,-6.4,,,"9",,,"9"
"252150120","GORZYÑ                        ","2025","02","10",1.0,,-2.6,,-0.9,,-4.4,,,"9",,,"9"
"252150120","GORZYÑ                        ","2025","02","11",3.5,,-5.0,,-2.4,,-6.9,,,"9",,,"9"
"252150120","GORZYÑ                        ","2025","02","12",-0.2,,-6.7,,-3.4,,-7.8,,0.1,,"W",,"9"
"252150120","GORZYÑ                        ","2025","02","13",2.2,,-2.0,,-0.3,,-2.4,,8.6,,"S",0,
"252150120","GORZYÑ                        ","2025","02","14",2.8,,-2.4,,0.0,,-2.9,,,"9",,14,
"252150120","GORZYÑ                        ","2025","02","15",0.8,,-7.4,,-3.4,,-14.0,,0.0,,"S",14,
"252150120","GORZYÑ                        ","2025","02","16",1.8,,-6.9,,-4.0,,-14.8,,,"9",,10,
"252150120","GORZYÑ                        ","2025","02","17",0.8,,-14.4,,-8.2,,-18.3,,,"9",,7,
"252150120","GORZYÑ                        ","2025","02","18",1.1,,-12.1,,-5.8,,-16.9,,,"9",,5,
"252150120","GORZYÑ                        ","2025","02","19",3.8,,-10.5,,-5.3,,-14.9,,,"9",,2,
"252150120","GORZYÑ                        ","2025","02","20",2.0,,-12.3,,-5.6,,-15.3,,,"9",,2,
"252150120","GORZYÑ                        ","2025","02","21",4.0,,-4.5,,0.2,,-10.2,,,"9",,,"9"
"252150120","GORZYÑ                        ","2025","02","22",7.6,,-1.8,,2.1,,-4.7,,,"9",,,"9"
"252150120","GORZYÑ                        ","2025","02","23",7.3,,0.6,,3.7,,-2.4,,0.4,,"W",,"9"
"252150120","GORZYÑ                        ","2025","02","24",12.6,,-1.5,,4.3,,-2.4,,0.2,,"W",,"9"
"252150120","GORZYÑ                        ","2025","02","25",9.8,,5.2,,7.0,,2.0,,1.7,,"W",,"9"
"252150120","GORZYÑ                        ","2025","02","26",8.6,,3.7,,6.0,,1.1,,4.6,,"W",,"9"
"252150120","GORZYÑ                        ","2025","02","27",10.3,,4.6,,6.5,,2.8,,3.3,,"W",,"9"
"252150120","GORZYÑ                        ","2025","02","28",6.8,,2.9,,4.0,,2.0,,3.8,,"W",,"9"
"252150270","BABIMOST                      ","2025","02","01",4.6,,2.5,,3.1,,,"8",0.4,,"W",,"9"
"252150270","BABIMOST                      ","2025","02","02",3.8,,0.4,,1.6,,,"8",,"9",,,"9"
"252150270","BABIMOST                      ","2025","02","03",4.8,,-2.4,,-0.4,,,"8",,"9",,,"9"
"252150270","BABIMOST                      ","2025","02","04",5.0,,-6.8,,-2.6,,,"8",,"9",,,"9"
"252150270","BABIMOST                      ","2025","02","05",1.7,,-7.6,,-2.8,,,"8",0.0,,"W",,"9"
"252150270","BABIMOST                      ","2025","02","06",3.0,,1.6,,2.5,,,"8",,"9",,,"9"
"252150270","BABIMOST                      ","2025","02","07",3.6,,-1.5,,1.4,,,"8",,"9",,,"9"
"252150270","BABIMOST                      ","2025","02","08",4.4,,0.0,,1.2,,,"8",,"9",,,"9"
"252150270","BABIMOST                      ","2025","02","09",4.1,,-3.1,,-0.4,,,"8",,"9",,,"9"
"252150270","BABIMOST                      ","2025","02","10",1.9,,-3.5,,-1.2,,,"8",,"9",,,"9"
"252150270","BABIMOST                      ","2025","02","11",2.4,,-5.4,,-2.6,,,"8",,"9",,,"9"
"252150270","BABIMOST                      ","2025","02","12",-0.9,,-6.5,,-3.8,,,"8",0.1,,"S",,"9"
"252150270","BABIMOST                      ","2025","02","13",0.9,,-1.6,,-0.4,,,"8",12.2,,"S",0,
"252150270","BABIMOST                      ","2025","02","14",0.8,,-2.1,,-0.9,,,"8",0.0,,"S",10,
"252150270","BABIMOST                      ","2025","02","15",-0.1,,-6.7,,-4.3,,,"8",0.0,,"S",8,
"252150270","BABIMOST                      ","2025","02","16",0.2,,-9.5,,-6.3,,,"8",,"9",,7,
"252150270","BABIMOST                      ","2025","02","17",-0.6,,-16.4,,-10.5,,,"8",,"9",,7,
"252150270","BABIMOST                      ","2025","02","18",0.8,,-15.9,,-7.6,,,"8",,"9",,7,
"252150270","BABIMOST                      ","2025","02","19",4.7,,-12.8,,-6.5,,,"8",,"9",,7,
"252150270","BABIMOST                      ","2025","02","20",2.7,,-15.0,,-7.3,,,"8",,"9",,7,
"252150270","BABIMOST                      ","2025","02","21",3.6,,-8.1,,-0.9,,,"8",,"9",,7,
"252150270","BABIMOST                      ","2025","02","22",8.8,,-4.4,,0.2,,,"8",,"9",,4,
"252150270","BABIMOST                      ","2025","02","23",8.4,,-3.9,,2.2,,,"8",,"9",,,"9"
"252150270","BABIMOST                      ","2025","02","24",13.7,,-2.3,,4.0,,,"8",0.0,,"W",,"9"
"252150270","BABIMOST                      ","2025","02","25",11.1,,1.9,,6.0,,,"8",0.4,,"W",,"9"
"252150270","BABIMOST                      ","2025","02","26",9.3,,4.2,,6.3,,,"8",0.7,,"W",,"9"
"252150270","BABIMOST                      ","2025","02","27",11.1,,6.2,,7.5,,,"8",1.3,,"S",,"9"
"252150270","BABIMOST                      ","2025","02","28",6.4,,3.8,,4.6,,,"8",1.2,,"W",,"9"
"252160230","WIELICHOWO                    ","2025","02","01",4.8,,1.8,,3.0,,-1.0,,1.0,,"W",,"9"
"252160230","WIELICHOWO                    ","2025","02","02",3.9,,0.6,,2.0,,-0.6,,,"9",,,"9"
"252160230","WIELICHOWO                    ","2025","02","03",4.5,,-2.2,,0.2,,-5.0,,,"9",,,"9"
"252160230","WIELICHOWO                    ","2025","02","04",4.7,,-6.0,,-2.0,,-8.2,,,"9",,,"9"
"252160230","WIELICHOWO                    ","2025","02","05",2.7,,-6.8,,-2.1,,-9.5,,,"9",,,"9"
"252160230","WIELICHOWO                    ","2025","02","06",3.7,,1.0,,2.5,,0.3,,0.1,,"W",,"9"
"252160230","WIELICHOWO                    ","2025","02","07",3.7,,0.7,,1.8,,-2.3,,,"9",,,"9"
"252160230","WIELICHOWO                    ","2025","02","08",4.2,,-1.0,,1.0,,-2.0,,,"9",,,"9"
"252160230","WIELICHOWO                    ","2025","02","09",4.2,,-2.5,,-0.3,,-5.0,,,"9",,,"9"
"252160230","WIELICHOWO                    ","2025","02","10",3.2,,-3.1,,-0.3,,-5.6,,,"9",,,"9"
"252160230","WIELICHOWO                    ","2025","02","11",1.7,,-5.8,,-3.1,,-8.0,,,"9",,,"9"
"252160230","WIELICHOWO                    ","2025","02","12",-0.5,,-6.8,,-3.6,,-8.5,,0.5,,"S",,"9"
"252160230","WIELICHOWO                    ","2025","02","13",1.7,,-0.9,,0.1,,-1.6,,9.8,,"S",1,
"252160230","WIELICHOWO                    ","2025","02","14",4.0,,-2.9,,-0.5,,-3.0,,,"9",,20,
"252160230","WIELICHOWO                    ","2025","02","15",-0.1,,-9.8,,-5.9,,-10.0,,0.5,,"S",13,
"252160230","WIELICHOWO                    ","2025","02","16",-0.6,,-11.2,,-7.2,,-14.9,,,"9",,14,
"252160230","WIELICHOWO                    ","2025","02","17",-1.5,,-17.9,,-10.7,,-20.3,,,"9",,11,
"252160230","WIELICHOWO                    ","2025","02","18",0.7,,-16.9,,-7.8,,-20.3,,,"9",,9,
"252160230","WIELICHOWO                    ","2025","02","19",2.2,,-14.3,,-7.7,,-17.5,,,"9",,8,
"252160230","WIELICHOWO                    ","2025","02","20",2.7,,-11.8,,-5.8,,-15.9,,,"9",,8,
"252160230","WIELICHOWO                    ","2025","02","21",3.7,,-6.8,,-0.9,,-13.4,,,"9",,6,
"252160230","WIELICHOWO                    ","2025","02","22",8.3,,-2.9,,1.4,,-5.5,,,"9",,3,
"252160230","WIELICHOWO                    ","2025","02","23",8.0,,-3.1,,2.3,,-5.5,,,"9",,,"9"
"252160230","WIELICHOWO                    ","2025","02","24",11.8,,-0.4,,4.4,,-0.8,,0.4,,"W",,"9"
"252160230","WIELICHOWO                    ","2025","02","25",10.6,,1.8,,5.6,,-1.9,,0.1,,"W",,"9"
"252160230","WIELICHOWO                    ","2025","02","26",8.9,,3.4,,5.7,,2.0,,0.6,,"W",,"9"
"252160230","WIELICHOWO                    ","2025","02","27",11.3,,4.0,,7.3,,1.0,,1.6,,"W",,"9"
"252160230","WIELICHOWO                    ","2025","02","28",8.0,,3.4,,5.0,,3.0,,2.1,,"W",,"9"
"252180080","KO£UDA WIELKA                 ","2025","02","01",2.9,,1.4,,2.0,,0.0,,,"9",,,"9"
"252180080","KO£UDA WIELKA                 ","2025","02","02",2.9,,0.2,,1.1,,-2.0,,,"9",,,"9"
"252180080","KO£UDA WIELKA                 ","2025","02","03",2.7,,-3.4,,-0.4,,-6.0,,0.3,,"S",,"9"
"252180080","KO£UDA WIELKA                 ","2025","02","04",4.1,,-1.2,,0.4,,-4.2,,,"9",,,"9"
"252180080","KO£UDA WIELKA                 ","2025","02","05",3.7,,-3.2,,-0.3,,-5.5,,,"9",,,"9"
"252180080","KO£UDA WIELKA                 ","2025","02","06",5.9,,1.0,,2.9,,0.0,,,"9",,,"9"
"252180080","KO£UDA WIELKA                 ","2025","02","07",2.9,,1.0,,1.6,,-0.5,,,"9",,,"9"
"252180080","KO£UDA WIELKA                 ","2025","02","08",2.3,,-2.0,,-0.4,,-3.0,,,"9",,,"9"
"252180080","KO£UDA WIELKA                 ","2025","02","09",0.2,,-2.7,,-1.4,,-3.0,,,"9",,,"9"
"252180080","KO£UDA WIELKA                 ","2025","02","10",2.4,,-4.0,,-2.0,,-4.5,,,"9",,,"9"
"252180080","KO£UDA WIELKA                 ","2025","02","11",-2.9,,-7.1,,-6.0,,-8.5,,,"9",,,"9"
"252180080","KO£UDA WIELKA                 ","2025","02","12",-0.4,,-7.0,,-3.3,,-7.4,,,"9",,,"9"
"252180080","KO£UDA WIELKA                 ","2025","02","13",-0.4,,-3.1,,-2.2,,-3.5,,1.2,,"S",,"9"
"252180080","KO£UDA WIELKA                 ","2025","02","14",1.8,,-2.4,,-1.3,,-3.0,,0.0,,"S",1,
"252180080","KO£UDA WIELKA                 ","2025","02","15",0.6,,-5.0,,-3.3,,-6.5,,0.8,,"S",,"9"
"252180080","KO£UDA WIELKA                 ","2025","02","16",0.5,,-7.2,,-4.8,,-11.0,,,"9",,1,
"252180080","KO£UDA WIELKA                 ","2025","02","17",0.2,,-11.6,,-7.2,,-13.5,,,"9",,,"9"
"252180080","KO£UDA WIELKA                 ","2025","02","18",1.2,,-9.0,,-4.2,,-10.6,,,"9",,,"9"
"252180080","KO£UDA WIELKA                 ","2025","02","19",0.5,,-5.2,,-3.6,,-9.5,,,"9",,,"9"
"252180080","KO£UDA WIELKA                 ","2025","02","20",2.5,,-9.0,,-4.0,,-9.5,,,"9",,,"9"
"252180080","KO£UDA WIELKA                 ","2025","02","21",3.7,,-4.5,,-0.5,,-5.5,,,"9",,,"9"
"252180080","KO£UDA WIELKA                 ","2025","02","22",6.9,,-2.0,,1.9,,-3.5,,,"9",,,"9"
"252180080","KO£UDA WIELKA                 ","2025","02","23",4.9,,-2.5,,1.1,,-5.0,,2.0,,"W",,"9"
"252180080","KO£UDA WIELKA                 ","2025","02","24",4.4,,2.2,,2.9,,2.0,,0.2,,"W",,"9"
"252180080","KO£UDA WIELKA                 ","2025","02","25",6.9,,0.6,,3.2,,0.5,,0.7,,"W",,"9"
"252180080","KO£UDA WIELKA                 ","2025","02","26",5.9,,0.5,,3.4,,-1.5,,1.6,,"W",,"9"
"252180080","KO£UDA WIELKA                 ","2025","02","27",7.4,,1.5,,4.6,,0.5,,1.2,,"W",,"9"
"252180080","KO£UDA WIELKA                 ","2025","02","28",5.4,,0.6,,2.9,,-0.5,,36.2,,"W",,"9"
"252200120","LEGIONOWO                     ","2025","02","01",3.2,,1.7,,2.3,,0.5,,,"9",,,"9"
"252200120","LEGIONOWO                     ","2025","02","02",3.2,,-0.5,,0.7,,-2.3,,,"9",,,"9"
"252200120","LEGIONOWO                     ","2025","02","03",2.4,,-4.3,,-1.3,,-6.4,,,"9",,,"9"
"252200120","LEGIONOWO                     ","2025","02","04",5.4,,-0.1,,2.1,,-1.0,,,"9",,,"9"
"252200120","LEGIONOWO                     ","2025","02","05",6.9,,0.0,,1.9,,-3.0,,0.0,,"W",,"9"
"252200120","LEGIONOWO                     ","2025","02","06",5.3,,-0.9,,2.3,,-2.5,,0.2,,"W",,"9"
"252200120","LEGIONOWO                     ","2025","02","07",2.7,,-1.4,,0.3,,-4.1,,,"9",,,"9"
"252200120","LEGIONOWO                     ","2025","02","08",1.7,,-2.9,,-1.3,,-3.6,,,"9",,,"9"
"252200120","LEGIONOWO                     ","2025","02","09",1.2,,-7.1,,-4.0,,-8.4,,,"9",,,"9"
"252200120","LEGIONOWO                     ","2025","02","10",1.5,,-8.5,,-4.7,,-9.4,,,"9",,,"9"
"252200120","LEGIONOWO                     ","2025","02","11",-3.2,,-7.9,,-6.5,,-8.5,,,"9",,,"9"
"252200120","LEGIONOWO                     ","2025","02","12",1.3,,-7.2,,-3.9,,-7.6,,,"9",,,"9"
"252200120","LEGIONOWO                     ","2025","02","13",3.0,,-10.1,,-4.1,,-10.9,,0.5,,"S",,"9"
"252200120","LEGIONOWO                     ","2025","02","14",0.4,,-2.1,,-1.4,,-3.6,,,"9",,1,
"252200120","LEGIONOWO                     ","2025","02","15",-0.6,,-6.5,,-3.8,,-8.9,,0.0,,"S",1,
"252200120","LEGIONOWO                     ","2025","02","16",-1.1,,-8.1,,-5.3,,-10.3,,0.0,,"S",1,
"252200120","LEGIONOWO                     ","2025","02","17",0.1,,-12.6,,-7.1,,-14.4,,,"9",,,"9"
"252200120","LEGIONOWO                     ","2025","02","18",-1.3,,-10.3,,-6.3,,-11.4,,0.0,,"S",,"9"
"252200120","LEGIONOWO                     ","2025","02","19",0.7,,-7.3,,-3.5,,-8.8,,0.0,,"S",,"9"
"252200120","LEGIONOWO                     ","2025","02","20",2.6,,-3.8,,-1.9,,-4.3,,0.1,,"S",0,
"252200120","LEGIONOWO                     ","2025","02","21",2.9,,-8.8,,-3.4,,-11.4,,,"9",,,"9"
"252200120","LEGIONOWO                     ","2025","02","22",7.0,,-4.9,,-0.5,,-6.1,,,"9",,,"9"
"252200120","LEGIONOWO                     ","2025","02","23",9.0,,-3.0,,1.2,,-5.4,,,"9",,,"9"
"252200120","LEGIONOWO                     ","2025","02","24",7.4,,-1.3,,2.4,,-2.9,,,"9",,,"9"
"252200120","LEGIONOWO                     ","2025","02","25",8.9,,-0.7,,3.6,,-3.6,,,"9",,,"9"
"252200120","LEGIONOWO                     ","2025","02","26",9.1,,-0.6,,3.3,,-3.2,,,"9",,,"9"
"252200120","LEGIONOWO                     ","2025","02","27",9.6,,3.8,,5.9,,2.1,,3.5,,"W",,"9"
"252200120","LEGIONOWO                     ","2025","02","28",6.2,,3.8,,4.4,,2.5,,1.1,,"W",,"9"
"252200230","WARSZAWA-FILTRY               ","2025","02","01",3.0,,1.6,,2.1,,0.8,,,"9",,,"9"
"252200230","WARSZAWA-FILTRY               ","2025","02","02",4.0,,0.7,,1.6,,-0.2,,,"9",,,"9"
"252200230","WARSZAWA-FILTRY               ","2025","02","03",2.2,,-2.4,,-0.3,,-4.2,,0.2,,"S",,"9"
"252200230","WARSZAWA-FILTRY               ","2025","02","04",5.2,,0.3,,2.5,,0.1,,,"9",,,"9"
"252200230","WARSZAWA-FILTRY               ","2025","02","05",6.3,,1.3,,3.0,,-0.7,,0.0,,"W",,"9"
"252200230","WARSZAWA-FILTRY               ","2025","02","06",4.7,,0.3,,2.6,,-0.5,,0.1,,"S",,"9"
"252200230","WARSZAWA-FILTRY               ","2025","02","07",3.7,,-0.3,,0.8,,-0.8,,,"9",,,"9"
"252200230","WARSZAWA-FILTRY               ","2025","02","08",1.6,,-2.5,,-1.2,,-3.3,,,"9",,,"9"
"252200230","WARSZAWA-FILTRY               ","2025","02","09",0.9,,-5.7,,-3.0,,-6.2,,,"9",,,"9"
"252200230","WARSZAWA-FILTRY               ","2025","02","10",2.0,,-6.5,,-3.2,,-7.2,,,"9",,,"9"
"252200230","WARSZAWA-FILTRY               ","2025","02","11",-1.7,,-7.6,,-5.7,,-7.7,,,"9",,,"9"
"252200230","WARSZAWA-FILTRY               ","2025","02","12",0.7,,-7.1,,-3.9,,-6.9,,,"9",,,"9"
"252200230","WARSZAWA-FILTRY               ","2025","02","13",2.1,,-6.8,,-2.4,,-7.6,,1.4,,"S",,"9"
"252200230","WARSZAWA-FILTRY               ","2025","02","14",1.7,,-2.2,,-0.9,,-4.0,,0.1,,"S",2,
"252200230","WARSZAWA-FILTRY               ","2025","02","15",-0.5,,-4.6,,-3.3,,-5.5,,0.0,,"S",2,
"252200230","WARSZAWA-FILTRY               ","2025","02","16",-2.1,,-7.1,,-4.9,,-8.7,,,"9",,2,
"252200230","WARSZAWA-FILTRY               ","2025","02","17",-0.4,,-10.5,,-6.1,,-13.8,,,"9",,1,
"252200230","WARSZAWA-FILTRY               ","2025","02","18",-2.3,,-8.4,,-5.6,,-11.6,,0.0,,"S",1,
"252200230","WARSZAWA-FILTRY               ","2025","02","19",1.0,,-6.1,,-2.8,,-6.7,,0.0,,"S",1,
"252200230","WARSZAWA-FILTRY               ","2025","02","20",3.4,,-2.9,,-1.2,,-4.0,,,"9",,1,
"252200230","WARSZAWA-FILTRY               ","2025","02","21",2.6,,-6.8,,-2.6,,-8.0,,,"9",,,"9"
"252200230","WARSZAWA-FILTRY               ","2025","02","22",6.0,,-4.9,,-0.6,,-6.1,,,"9",,,"9"
"252200230","WARSZAWA-FILTRY               ","2025","02","23",8.7,,-2.5,,1.4,,-4.3,,,"9",,,"9"
"252200230","WARSZAWA-FILTRY               ","2025","02","24",7.1,,0.3,,2.8,,-3.2,,,"9",,,"9"
"252200230","WARSZAWA-FILTRY               ","2025","02","25",9.6,,0.8,,4.2,,-2.4,,,"9",,,"9"
"252200230","WARSZAWA-FILTRY               ","2025","02","26",9.9,,0.0,,4.5,,-3.2,,,"9",,,"9"
"252200230","WARSZAWA-FILTRY               ","2025","02","27",9.8,,4.9,,6.9,,0.3,,3.0,,"W",,"9"
"252200230","WARSZAWA-FILTRY               ","2025","02","28",7.5,,3.6,,5.0,,3.4,,1.4,,"W",,"9"
"252210050","PU£TUSK                       ","2025","02","01",3.8,,1.5,,2.3,,0.8,,,"9",,,"8"
"252210050","PU£TUSK                       ","2025","02","02",2.4,,-1.7,,-0.5,,-3.7,,,"9",,,"8"
"252210050","PU£TUSK                       ","2025","02","03",1.6,,-3.6,,-0.9,,-5.1,,,"9",,,"8"
"252210050","PU£TUSK                       ","2025","02","04",5.2,,-1.1,,1.7,,-2.3,,,"9",,,"8"
"252210050","PU£TUSK                       ","2025","02","05",6.6,,-0.6,,1.6,,-2.5,,,"9",,,"8"
"252210050","PU£TUSK                       ","2025","02","06",5.0,,-1.1,,1.9,,-3.2,,,"9",,,"8"
"252210050","PU£TUSK                       ","2025","02","07",2.3,,-0.6,,0.4,,-1.4,,,"9",,,"8"
"252210050","PU£TUSK                       ","2025","02","08",1.2,,-3.5,,-1.6,,-4.0,,,"9",,,"8"
"252210050","PU£TUSK                       ","2025","02","09",0.3,,-6.3,,-4.1,,-6.6,,,"9",,,"8"
"252210050","PU£TUSK                       ","2025","02","10",2.0,,-8.9,,-5.1,,-10.1,,,"9",,,"8"
"252210050","PU£TUSK                       ","2025","02","11",-4.7,,-8.1,,-6.9,,-8.7,,,"9",,,"8"
"252210050","PU£TUSK                       ","2025","02","12",1.4,,-7.2,,-3.7,,-6.8,,,"9",,,"8"
"252210050","PU£TUSK                       ","2025","02","13",1.2,,-10.2,,-4.9,,-11.5,,,"9",,,"8"
"252210050","PU£TUSK                       ","2025","02","14",-0.2,,-2.5,,-1.8,,-3.0,,,"9",,,"8"
"252210050","PU£TUSK                       ","2025","02","15",-0.2,,-6.4,,-4.0,,-8.4,,,"9",,,"8"
"252210050","PU£TUSK                       ","2025","02","16",-0.7,,-8.0,,-5.1,,-10.4,,,"9",,,"8"
"252210050","PU£TUSK                       ","2025","02","17",0.0,,-12.8,,-7.5,,-13.5,,,"9",,,"8"
"252210050","PU£TUSK                       ","2025","02","18",0.3,,-10.0,,-5.3,,-11.7,,,"9",,,"8"
"252210050","PU£TUSK                       ","2025","02","19",2.9,,-6.2,,-2.6,,-9.2,,,"9",,,"8"
"252210050","PU£TUSK                       ","2025","02","20",3.0,,-7.1,,-3.3,,-9.4,,,"9",,,"8"
"252210050","PU£TUSK                       ","2025","02","21",2.1,,-7.9,,-3.4,,-9.3,,,"9",,,"8"
"252210050","PU£TUSK                       ","2025","02","22",5.9,,-5.1,,-0.9,,-6.2,,,"9",,,"8"
"252210050","PU£TUSK                       ","2025","02","23",8.0,,-2.9,,1.4,,-4.8,,,"9",,,"8"
"252210050","PU£TUSK                       ","2025","02","24",7.5,,-1.9,,1.8,,-3.2,,,"9",,,"8"
"252210050","PU£TUSK                       ","2025","02","25",6.6,,-1.5,,1.9,,-4.6,,,"9",,,"8"
"252210050","PU£TUSK                       ","2025","02","26",9.0,,-2.2,,2.4,,-3.7,,,"9",,,"8"
"252210050","PU£TUSK                       ","2025","02","27",8.3,,1.8,,4.9,,0.0,,0.2,,"W",,"8"
"252210050","PU£TUSK                       ","2025","02","28",5.8,,1.9,,3.5,,1.4,,0.2,,"W",,"8"
"252210170","WARSZAWA-OBSERWATORIUM II     ","2025","02","01",2.9,,1.5,,2.0,,,"8",,"8",,,"8"
"252210170","WARSZAWA-OBSERWATORIUM II     ","2025","02","02",3.5,,0.4,,1.3,,,"8",,"8",,,"8"
"252210170","WARSZAWA-OBSERWATORIUM II     ","2025","02","03",1.9,,-2.2,,-0.3,,,"8",,"8",,,"8"
"252210170","WARSZAWA-OBSERWATORIUM II     ","2025","02","04",4.8,,0.3,,2.3,,,"8",,"8",,,"8"
"252210170","WARSZAWA-OBSERWATORIUM II     ","2025","02","05",5.9,,1.0,,2.6,,,"8",,"8",,,"8"
"252210170","WARSZAWA-OBSERWATORIUM II     ","2025","02","06",4.4,,0.4,,2.5,,,"8",,"8",,,"8"
"252210170","WARSZAWA-OBSERWATORIUM II     ","2025","02","07",3.3,,-0.9,,0.3,,,"8",,"8",,,"8"
"252210170","WARSZAWA-OBSERWATORIUM II     ","2025","02","08",0.9,,-2.8,,-1.6,,,"8",,"8",,,"8"
"252210170","WARSZAWA-OBSERWATORIUM II     ","2025","02","09",0.5,,-6.1,,-3.6,,,"8",,"8",,,"8"
"252210170","WARSZAWA-OBSERWATORIUM II     ","2025","02","10",1.6,,-7.2,,-3.9,,,"8",,"8",,,"8"
"252210170","WARSZAWA-OBSERWATORIUM II     ","2025","02","11",-2.9,,-7.8,,-6.3,,,"8",,"8",,,"8"
"252210170","WARSZAWA-OBSERWATORIUM II     ","2025","02","12",0.2,,-7.3,,-4.4,,,"8",,"8",,,"8"
"252210170","WARSZAWA-OBSERWATORIUM II     ","2025","02","13",1.6,,-7.7,,-3.2,,,"8",,"8",,,"8"
"252210170","WARSZAWA-OBSERWATORIUM II     ","2025","02","14",0.6,,-2.4,,-1.3,,,"8",,"8",,,"8"
"252210170","WARSZAWA-OBSERWATORIUM II     ","2025","02","15",-0.6,,-4.9,,-3.4,,,"8",,"8",,,"8"
"252210170","WARSZAWA-OBSERWATORIUM II     ","2025","02","16",-2.5,,-7.2,,-5.1,,,"8",,"8",,,"8"
"252210170","WARSZAWA-OBSERWATORIUM II     ","2025","02","17",-1.0,,-8.9,,-5.6,,,"8",,"8",,,"8"
"252210170","WARSZAWA-OBSERWATORIUM II     ","2025","02","18",-2.5,,-8.4,,-5.7,,,"8",,"8",,,"8"
"252210170","WARSZAWA-OBSERWATORIUM II     ","2025","02","19",0.4,,-6.1,,-3.0,,,"8",,"8",,,"8"
"252210170","WARSZAWA-OBSERWATORIUM II     ","2025","02","20",1.4,,-3.5,,-2.2,,,"8",,"8",,,"8"
"252210170","WARSZAWA-OBSERWATORIUM II     ","2025","02","21",2.2,,-7.8,,-3.3,,,"8",,"8",,,"8"
"252210170","WARSZAWA-OBSERWATORIUM II     ","2025","02","22",4.9,,-4.9,,-1.1,,,"8",,"8",,,"8"
"252210170","WARSZAWA-OBSERWATORIUM II     ","2025","02","23",7.3,,-3.4,,1.0,,,"8",,"8",,,"8"
"252210170","WARSZAWA-OBSERWATORIUM II     ","2025","02","24",6.8,,0.6,,3.0,,,"8",,"8",,,"8"
"252210170","WARSZAWA-OBSERWATORIUM II     ","2025","02","25",8.3,,0.2,,3.3,,,"8",,"8",,,"8"
"252210170","WARSZAWA-OBSERWATORIUM II     ","2025","02","26",9.3,,-0.5,,3.8,,,"8",,"8",,,"8"
"252210170","WARSZAWA-OBSERWATORIUM II     ","2025","02","27",9.4,,3.4,,5.9,,,"8",,"8",,,"8"
"252210170","WARSZAWA-OBSERWATORIUM II     ","2025","02","28",7.2,,3.4,,4.5,,,"8",,"8",,,"8"
"252220030","SZEPIETOWO                    ","2025","02","01",4.2,,0.5,,1.7,,-2.5,,,"9",,,"9"
"252220030","SZEPIETOWO                    ","2025","02","02",1.8,,-1.0,,0.1,,-2.9,,,"9",,,"9"
"252220030","SZEPIETOWO                    ","2025","02","03",1.3,,-1.5,,-0.3,,-5.9,,0.2,,"S",,"9"
"252220030","SZEPIETOWO                    ","2025","02","04",3.2,,-1.2,,0.4,,-2.9,,0.0,,"S",,"9"
"252220030","SZEPIETOWO                    ","2025","02","05",4.7,,-1.5,,0.3,,-5.4,,,"9",,,"9"
"252220030","SZEPIETOWO                    ","2025","02","06",2.7,,-2.0,,0.6,,-6.9,,3.0,,"W",,"9"
"252220030","SZEPIETOWO                    ","2025","02","07",1.8,,-2.2,,-1.0,,-3.9,,,"9",,,"9"
"252220030","SZEPIETOWO                    ","2025","02","08",-0.7,,-5.0,,-3.0,,-8.8,,,"9",,,"9"
"252220030","SZEPIETOWO                    ","2025","02","09",-2.0,,-6.0,,-4.5,,-9.3,,,"9",,,"9"
"252220030","SZEPIETOWO                    ","2025","02","10",-0.4,,-9.5,,-6.1,,-13.9,,,"9",,,"9"
"252220030","SZEPIETOWO                    ","2025","02","11",-4.9,,-9.1,,-7.7,,-11.8,,,"9",,,"9"
"252220030","SZEPIETOWO                    ","2025","02","12",1.3,,-8.5,,-5.1,,-11.3,,,"9",,,"9"
"252220030","SZEPIETOWO                    ","2025","02","13",1.3,,-10.3,,-5.3,,-11.8,,,"9",,,"9"
"252220030","SZEPIETOWO                    ","2025","02","14",-1.7,,-3.2,,-2.8,,-3.9,,0.2,,"S",,"9"
"252220030","SZEPIETOWO                    ","2025","02","15",-1.7,,-10.9,,-6.5,,-15.9,,0.9,,"S",,"9"
"252220030","SZEPIETOWO                    ","2025","02","16",-1.2,,-7.9,,-5.8,,-16.9,,0.1,,"S",1,
"252220030","SZEPIETOWO                    ","2025","02","17",-1.2,,-11.1,,-6.9,,-17.9,,,"9",,1,
"252220030","SZEPIETOWO                    ","2025","02","18",-1.2,,-8.1,,-5.3,,-12.9,,,"9",,1,
"252220030","SZEPIETOWO                    ","2025","02","19",0.8,,-7.0,,-4.1,,-13.0,,,"9",,,"9"
"252220030","SZEPIETOWO                    ","2025","02","20",0.8,,-7.5,,-4.3,,-14.0,,,"9",,,"9"
"252220030","SZEPIETOWO                    ","2025","02","21",0.8,,-11.4,,-5.5,,-16.5,,,"9",,,"9"
"252220030","SZEPIETOWO                    ","2025","02","22",3.7,,-5.1,,-1.4,,-6.5,,,"9",,,"9"
"252220030","SZEPIETOWO                    ","2025","02","23",4.7,,-5.5,,-1.4,,-9.0,,,"9",,,"9"
"252220030","SZEPIETOWO                    ","2025","02","24",8.7,,-3.0,,0.7,,-7.5,,,"9",,,"9"
"252220030","SZEPIETOWO                    ","2025","02","25",5.2,,-4.0,,0.8,,-9.0,,,"9",,,"9"
"252220030","SZEPIETOWO                    ","2025","02","26",10.2,,-2.2,,3.0,,-6.5,,0.1,,"W",,"9"
"252220030","SZEPIETOWO                    ","2025","02","27",9.7,,1.5,,4.3,,-3.0,,6.6,,"W",,"9"
"252220030","SZEPIETOWO                    ","2025","02","28",3.7,,1.5,,2.3,,0.0,,3.5,,"W",,"9"
"253140060","GOLENIÓW                      ","2025","02","01",5.2,,2.4,,3.5,,,"8",0.5,,"W",,"9"
"253140060","GOLENIÓW                      ","2025","02","02",4.0,,0.0,,1.4,,,"8",0.0,,"W",,"9"
"253140060","GOLENIÓW                      ","2025","02","03",6.0,,-2.1,,0.2,,,"8",,"9",,,"9"
"253140060","GOLENIÓW                      ","2025","02","04",4.6,,-4.4,,-0.7,,,"8",,"9",,,"9"
"253140060","GOLENIÓW                      ","2025","02","05",3.0,,-4.8,,-0.9,,,"8",,"9",,,"9"
"253140060","GOLENIÓW                      ","2025","02","06",4.0,,0.5,,2.2,,,"8",0.0,,"W",,"9"
"253140060","GOLENIÓW                      ","2025","02","07",4.2,,0.6,,2.2,,,"8",0.1,,"S",,"9"
"253140060","GOLENIÓW                      ","2025","02","08",3.1,,-0.4,,0.7,,,"8",,"9",,,"9"
"253140060","GOLENIÓW                      ","2025","02","09",2.6,,-4.3,,-1.1,,,"8",,"9",,,"9"
"253140060","GOLENIÓW                      ","2025","02","10",2.1,,-1.8,,0.0,,,"8",,"9",,,"9"
"253140060","GOLENIÓW                      ","2025","02","11",3.9,,-5.0,,-1.7,,,"8",,"9",,,"9"
"253140060","GOLENIÓW                      ","2025","02","12",-0.1,,-7.0,,-3.9,,,"8",0.4,,"S",,"9"
"253140060","GOLENIÓW                      ","2025","02","13",0.1,,-3.0,,-1.3,,,"8",0.0,,"S",1,
"253140060","GOLENIÓW                      ","2025","02","14",2.0,,-2.5,,-0.8,,,"8",0.0,,"S",1,
"253140060","GOLENIÓW                      ","2025","02","15",1.0,,-3.9,,-1.7,,,"8",0.1,,"S",1,
"253140060","GOLENIÓW                      ","2025","02","16",0.7,,-7.0,,-4.2,,,"8",0.0,,"S",1,
"253140060","GOLENIÓW                      ","2025","02","17",-0.2,,-11.9,,-7.4,,,"8",,"9",,,"9"
"253140060","GOLENIÓW                      ","2025","02","18",2.6,,-10.3,,-4.8,,,"8",,"9",,,"9"
"253140060","GOLENIÓW                      ","2025","02","19",-1.9,,-9.1,,-5.4,,,"8",,"9",,,"9"
"253140060","GOLENIÓW                      ","2025","02","20",3.3,,-8.8,,-3.3,,,"8",0.0,,"W",,"9"
"253140060","GOLENIÓW                      ","2025","02","21",5.8,,-1.6,,1.9,,,"8",0.0,,"W",,"9"
"253140060","GOLENIÓW                      ","2025","02","22",9.9,,0.7,,4.2,,,"8",,"9",,,"9"
"253140060","GOLENIÓW                      ","2025","02","23",8.1,,0.0,,3.4,,,"8",0.0,,"W",,"9"
"253140060","GOLENIÓW                      ","2025","02","24",13.4,,-1.4,,5.2,,,"8",1.3,,"W",,"9"
"253140060","GOLENIÓW                      ","2025","02","25",10.3,,5.1,,6.6,,,"8",1.5,,"W",,"9"
"253140060","GOLENIÓW                      ","2025","02","26",6.8,,3.6,,5.3,,,"8",4.1,,"W",,"9"
"253140060","GOLENIÓW                      ","2025","02","27",8.7,,5.0,,6.2,,,"8",0.6,,"W",,"9"
"253140060","GOLENIÓW                      ","2025","02","28",6.5,,3.3,,4.2,,,"8",3.5,,"W",,"9"
"253170210","CHRZ¥STOWO                    ","2025","02","01",3.9,,-0.2,,1.7,,-1.7,,,"9",,,"9"
"253170210","CHRZ¥STOWO                    ","2025","02","02",2.8,,-0.9,,0.9,,-3.9,,,"9",,,"9"
"253170210","CHRZ¥STOWO                    ","2025","02","03",2.2,,-2.8,,-0.1,,-5.8,,0.1,,"W",,"9"
"253170210","CHRZ¥STOWO                    ","2025","02","04",3.0,,-1.6,,0.1,,-4.0,,,"9",,,"9"
"253170210","CHRZ¥STOWO                    ","2025","02","05",2.6,,-4.4,,-1.3,,-7.0,,,"9",,,"9"
"253170210","CHRZ¥STOWO                    ","2025","02","06",5.7,,0.8,,2.4,,-1.3,,0.1,,"W",,"9"
"253170210","CHRZ¥STOWO                    ","2025","02","07",3.0,,-0.5,,1.0,,-3.9,,0.7,,"W",,"9"
"253170210","CHRZ¥STOWO                    ","2025","02","08",1.7,,-3.1,,-1.1,,-4.9,,,"9",,,"9"
"253170210","CHRZ¥STOWO                    ","2025","02","09",-0.4,,-3.0,,-1.6,,-4.7,,,"9",,,"9"
"253170210","CHRZ¥STOWO                    ","2025","02","10",0.9,,-4.2,,-2.1,,-5.4,,,"9",,,"9"
"253170210","CHRZ¥STOWO                    ","2025","02","11",-2.0,,-7.2,,-5.5,,-8.8,,,"9",,,"9"
"253170210","CHRZ¥STOWO                    ","2025","02","12",-1.5,,-7.9,,-4.1,,-9.4,,0.0,,"W",,"9"
"253170210","CHRZ¥STOWO                    ","2025","02","13",-1.0,,-3.5,,-2.3,,-4.3,,0.0,,"S",0,
"253170210","CHRZ¥STOWO                    ","2025","02","14",1.2,,-2.5,,-1.0,,-5.0,,0.0,,"S",0,
"253170210","CHRZ¥STOWO                    ","2025","02","15",-1.0,,-7.3,,-4.9,,-11.0,,0.2,,"S",,"9"
"253170210","CHRZ¥STOWO                    ","2025","02","16",0.2,,-8.5,,-5.9,,-12.2,,,"9",,3,
"253170210","CHRZ¥STOWO                    ","2025","02","17",-1.5,,-12.3,,-8.2,,-15.8,,0.0,,"W",2,
"253170210","CHRZ¥STOWO                    ","2025","02","18",1.2,,-8.1,,-4.0,,-12.5,,,"9",,1,
"253170210","CHRZ¥STOWO                    ","2025","02","19",1.6,,-6.0,,-2.4,,-8.5,,,"9",,,"9"
"253170210","CHRZ¥STOWO                    ","2025","02","20",2.5,,-8.3,,-4.0,,-10.0,,,"9",,,"9"
"253170210","CHRZ¥STOWO                    ","2025","02","21",2.3,,-5.2,,-1.4,,-6.8,,0.1,,"W",,"9"
"253170210","CHRZ¥STOWO                    ","2025","02","22",6.7,,-3.3,,0.3,,-4.6,,,"9",,,"9"
"253170210","CHRZ¥STOWO                    ","2025","02","23",5.5,,-2.4,,1.1,,-3.8,,0.1,,"W",,"9"
"253170210","CHRZ¥STOWO                    ","2025","02","24",5.0,,1.4,,2.7,,0.7,,,"9",,,"9"
"253170210","CHRZ¥STOWO                    ","2025","02","25",5.0,,0.3,,2.6,,0.0,,2.2,,"W",,"9"
"253170210","CHRZ¥STOWO                    ","2025","02","26",5.5,,1.3,,3.5,,0.5,,2.8,,"W",,"9"
"253170210","CHRZ¥STOWO                    ","2025","02","27",6.8,,3.1,,4.8,,2.4,,0.1,,"W",,"9"
"253170210","CHRZ¥STOWO                    ","2025","02","28",5.4,,1.1,,3.1,,-0.6,,11.6,,"W",,"9"
"253220330","MARIANOWO II                  ","2025","02","01",2.8,,1.0,,1.6,,0.0,,,"9",,,"9"
"253220330","MARIANOWO II                  ","2025","02","02",2.2,,-0.9,,0.1,,-1.2,,0.4,,"S",,"9"
"253220330","MARIANOWO II                  ","2025","02","03",0.8,,-2.3,,-1.0,,-4.2,,0.1,,"S",1,
"253220330","MARIANOWO II                  ","2025","02","04",4.4,,-2.4,,0.8,,-1.6,,,"9",,1,
"253220330","MARIANOWO II                  ","2025","02","05",5.1,,-0.2,,1.3,,-3.7,,,"9",,,"9"
"253220330","MARIANOWO II                  ","2025","02","06",4.4,,-1.6,,1.6,,-4.1,,0.8,,"W",,"9"
"253220330","MARIANOWO II                  ","2025","02","07",3.0,,-2.1,,-0.4,,-2.1,,,"9",,,"9"
"253220330","MARIANOWO II                  ","2025","02","08",-1.2,,-4.2,,-2.7,,-5.5,,,"9",,,"9"
"253220330","MARIANOWO II                  ","2025","02","09",-1.8,,-6.9,,-4.6,,-7.5,,,"9",,,"9"
"253220330","MARIANOWO II                  ","2025","02","10",-1.3,,-10.1,,-6.9,,-9.7,,,"9",,,"9"
"253220330","MARIANOWO II                  ","2025","02","11",-7.0,,-9.1,,-7.7,,-9.7,,,"9",,,"9"
"253220330","MARIANOWO II                  ","2025","02","12",-0.7,,-8.7,,-5.4,,-8.6,,,"9",,,"9"
"253220330","MARIANOWO II                  ","2025","02","13",-0.2,,-10.0,,-5.3,,-10.9,,,"9",,,"9"
"253220330","MARIANOWO II                  ","2025","02","14",-1.2,,-4.4,,-3.1,,-6.3,,,"9",,,"9"
"253220330","MARIANOWO II                  ","2025","02","15",-2.0,,-8.5,,-5.9,,-12.9,,2.2,,"S",,"9"
"253220330","MARIANOWO II                  ","2025","02","16",-3.2,,-9.0,,-7.0,,-17.1,,0.3,,"S",3,
"253220330","MARIANOWO II                  ","2025","02","17",-1.7,,-13.2,,-7.2,,-18.7,,,"9",,3,
"253220330","MARIANOWO II                  ","2025","02","18",-1.1,,-7.1,,-4.3,,-8.8,,0.1,,"S",2,
"253220330","MARIANOWO II                  ","2025","02","19",0.4,,-6.9,,-4.0,,-12.0,,,"9",,2,
"253220330","MARIANOWO II                  ","2025","02","20",0.2,,-11.8,,-6.6,,-15.0,,,"9",,1,
"253220330","MARIANOWO II                  ","2025","02","21",0.0,,-8.4,,-4.5,,-9.9,,,"9",,1,
"253220330","MARIANOWO II                  ","2025","02","22",3.1,,-5.7,,-1.9,,-6.7,,,"9",,,"9"
"253220330","MARIANOWO II                  ","2025","02","23",4.9,,-4.5,,-0.6,,-7.0,,,"9",,,"9"
"253220330","MARIANOWO II                  ","2025","02","24",7.8,,-1.9,,1.7,,-2.6,,,"9",,,"9"
"253220330","MARIANOWO II                  ","2025","02","25",4.3,,-0.9,,1.3,,-4.0,,,"9",,,"9"
"253220330","MARIANOWO II                  ","2025","02","26",8.3,,-0.5,,3.4,,-2.5,,0.3,,"W",,"9"
"253220330","MARIANOWO II                  ","2025","02","27",4.9,,3.0,,3.7,,-0.4,,5.5,,"W",,"9"
"253220330","MARIANOWO II                  ","2025","02","28",3.9,,1.5,,2.4,,0.0,,1.7,,"W",,"9"
"254180090","GDAÑSK-RÊBIECHOWO             ","2025","02","01",3.1,,0.8,,1.5,,,"8",,"9",,,"9"
"254180090","GDAÑSK-RÊBIECHOWO             ","2025","02","02",1.6,,-2.4,,-0.6,,,"8",,"9",,,"9"
"254180090","GDAÑSK-RÊBIECHOWO             ","2025","02","03",1.9,,-4.5,,-1.0,,,"8",0.0,,"W",,"9"
"254180090","GDAÑSK-RÊBIECHOWO             ","2025","02","04",4.6,,0.5,,1.7,,,"8",,"9",,,"9"
"254180090","GDAÑSK-RÊBIECHOWO             ","2025","02","05",3.6,,-3.1,,0.2,,,"8",0.0,,"W",,"9"
"254180090","GDAÑSK-RÊBIECHOWO             ","2025","02","06",5.9,,0.5,,2.5,,,"8",0.1,,"W",,"9"
"254180090","GDAÑSK-RÊBIECHOWO             ","2025","02","07",3.2,,-0.5,,1.2,,,"8",0.0,,"S",,"9"
"254180090","GDAÑSK-RÊBIECHOWO             ","2025","02","08",0.2,,-4.2,,-2.5,,,"8",,"9",,,"9"
"254180090","GDAÑSK-RÊBIECHOWO             ","2025","02","09",-0.8,,-5.5,,-3.8,,,"8",,"9",,,"9"
"254180090","GDAÑSK-RÊBIECHOWO             ","2025","02","10",0.0,,-6.9,,-3.8,,,"8",,"9",,,"9"
"254180090","GDAÑSK-RÊBIECHOWO             ","2025","02","11",-1.8,,-6.4,,-5.1,,,"8",,"9",,,"9"
"254180090","GDAÑSK-RÊBIECHOWO             ","2025","02","12",-2.9,,-8.2,,-6.0,,,"8",,"9",,,"9"
"254180090","GDAÑSK-RÊBIECHOWO             ","2025","02","13",-0.4,,-6.5,,-3.3,,,"8",0.1,,"S",,"9"
"254180090","GDAÑSK-RÊBIECHOWO             ","2025","02","14",0.3,,-3.9,,-2.1,,,"8",1.9,,"S",0,
"254180090","GDAÑSK-RÊBIECHOWO             ","2025","02","15",-0.6,,-7.2,,-4.3,,,"8",3.3,,"S",3,
"254180090","GDAÑSK-RÊBIECHOWO             ","2025","02","16",-1.2,,-9.3,,-5.6,,,"8",0.3,,"S",8,
"254180090","GDAÑSK-RÊBIECHOWO             ","2025","02","17",-0.9,,-9.8,,-5.4,,,"8",0.4,,"S",6,
"254180090","GDAÑSK-RÊBIECHOWO             ","2025","02","18",0.1,,-5.2,,-3.1,,,"8",0.0,,"S",7,
"254180090","GDAÑSK-RÊBIECHOWO             ","2025","02","19",2.0,,-6.7,,-3.4,,,"8",,"9",,6,
"254180090","GDAÑSK-RÊBIECHOWO             ","2025","02","20",1.3,,-11.8,,-5.7,,,"8",,"9",,4,
"254180090","GDAÑSK-RÊBIECHOWO             ","2025","02","21",1.5,,-4.0,,-1.2,,,"8",0.0,,"W",3,
"254180090","GDAÑSK-RÊBIECHOWO             ","2025","02","22",7.2,,-1.4,,2.2,,,"8",,"9",,2,
"254180090","GDAÑSK-RÊBIECHOWO             ","2025","02","23",6.1,,-1.5,,1.5,,,"8",0.6,,"W",,"9"
"254180090","GDAÑSK-RÊBIECHOWO             ","2025","02","24",8.1,,0.9,,3.4,,,"8",,"9",,,"9"
"254180090","GDAÑSK-RÊBIECHOWO             ","2025","02","25",5.2,,0.2,,2.2,,,"8",4.2,,"W",,"9"
"254180090","GDAÑSK-RÊBIECHOWO             ","2025","02","26",4.8,,2.1,,3.2,,,"8",3.8,,"W",,"9"
"254180090","GDAÑSK-RÊBIECHOWO             ","2025","02","27",6.0,,3.2,,4.4,,,"8",0.0,,"W",,"9"
"254180090","GDAÑSK-RÊBIECHOWO             ","2025","02","28",4.8,,2.0,,3.0,,,"8",13.7,,"W",,"9"
"254200080","LIDZBARK WARMIÑSKI            ","2025","02","01",3.4,,-0.2,,1.7,,-0.3,,0.3,,"S",0,
"254200080","LIDZBARK WARMIÑSKI            ","2025","02","02",1.4,,-1.2,,-0.1,,-2.4,,,"9",,,"9"
"254200080","LIDZBARK WARMIÑSKI            ","2025","02","03",1.4,,-2.2,,-0.4,,-4.4,,0.6,,"S",,"9"
"254200080","LIDZBARK WARMIÑSKI            ","2025","02","04",4.9,,-1.2,,1.9,,-2.4,,,"9",,0,
"254200080","LIDZBARK WARMIÑSKI            ","2025","02","05",4.9,,-1.2,,1.8,,-3.4,,0.2,,"W",,"9"
"254200080","LIDZBARK WARMIÑSKI            ","2025","02","06",5.4,,1.2,,3.2,,-0.8,,0.7,,"W",,"9"
"254200080","LIDZBARK WARMIÑSKI            ","2025","02","07",3.4,,-0.7,,1.1,,-0.8,,0.2,,"S",,"9"
"254200080","LIDZBARK WARMIÑSKI            ","2025","02","08",0.9,,-4.2,,-2.0,,-6.4,,,"9",,,"9"
"254200080","LIDZBARK WARMIÑSKI            ","2025","02","09",-1.6,,-6.3,,-4.6,,-10.5,,,"9",,,"9"
"254200080","LIDZBARK WARMIÑSKI            ","2025","02","10",-1.1,,-9.8,,-6.1,,-13.0,,,"9",,,"9"
"254200080","LIDZBARK WARMIÑSKI            ","2025","02","11",-5.1,,-8.8,,-6.9,,-7.2,,0.0,,"S",,"9"
"254200080","LIDZBARK WARMIÑSKI            ","2025","02","12",-0.6,,-9.3,,-5.0,,-12.0,,,"9",,,"9"
"254200080","LIDZBARK WARMIÑSKI            ","2025","02","13",-0.1,,-11.3,,-5.6,,-13.5,,,"9",,,"9"
"254200080","LIDZBARK WARMIÑSKI            ","2025","02","14",0.9,,-6.8,,-3.6,,-8.5,,0.9,,"S",,"9"
"254200080","LIDZBARK WARMIÑSKI            ","2025","02","15",-1.6,,-6.8,,-4.5,,-10.0,,9.5,,"S",2,
"254200080","LIDZBARK WARMIÑSKI            ","2025","02","16",-2.6,,-8.8,,-6.3,,-14.0,,,"9",,16,
"254200080","LIDZBARK WARMIÑSKI            ","2025","02","17",-2.6,,-9.3,,-5.6,,-12.0,,1.9,,"S",16,
"254200080","LIDZBARK WARMIÑSKI            ","2025","02","18",0.9,,-5.8,,-2.8,,-7.4,,1.6,,"S",18,
"254200080","LIDZBARK WARMIÑSKI            ","2025","02","19",1.4,,-6.3,,-3.1,,-10.2,,,"9",,19,
"254200080","LIDZBARK WARMIÑSKI            ","2025","02","20",1.4,,-17.4,,-9.0,,-21.5,,,"9",,17,
"254200080","LIDZBARK WARMIÑSKI            ","2025","02","21",1.4,,-7.8,,-2.7,,-11.8,,,"9",,16,
"254200080","LIDZBARK WARMIÑSKI            ","2025","02","22",5.4,,-2.7,,0.7,,-3.4,,,"9",,14,
"254200080","LIDZBARK WARMIÑSKI            ","2025","02","23",4.9,,-3.2,,0.7,,-6.4,,,"9",,10,
"254200080","LIDZBARK WARMIÑSKI            ","2025","02","24",3.9,,-2.7,,1.5,,-5.4,,,"9",,8,
"254200080","LIDZBARK WARMIÑSKI            ","2025","02","25",3.4,,-1.2,,1.7,,-1.3,,,"9",,6,
"254200080","LIDZBARK WARMIÑSKI            ","2025","02","26",6.5,,0.7,,3.8,,1.1,,1.9,,"W",,"9"
"254200080","LIDZBARK WARMIÑSKI            ","2025","02","27",5.9,,1.7,,4.3,,1.6,,1.1,,"W",,"9"
"254200080","LIDZBARK WARMIÑSKI            ","2025","02","28",6.5,,1.7,,3.7,,2.1,,10.2,,"S",,"9"
"254220090","OLECKO                        ","2025","02","01",2.6,,0.1,,1.1,,-0.4,,0.2,,"S",1,
"254220090","OLECKO                        ","2025","02","02",1.6,,-1.4,,-0.2,,-1.9,,0.1,,"S",,"9"
"254220090","OLECKO                        ","2025","02","03",0.1,,-1.4,,-0.5,,-1.9,,0.3,,"S",0,
"254220090","OLECKO                        ","2025","02","04",2.5,,-1.0,,0.5,,-1.1,,,"9",,1,
"254220090","OLECKO                        ","2025","02","05",4.6,,-0.7,,1.0,,-1.9,,0.4,,"W",,"9"
"254220090","OLECKO                        ","2025","02","06",5.0,,-0.3,,2.3,,-2.0,,0.6,,"S",,"9"
"254220090","OLECKO                        ","2025","02","07",2.9,,-2.4,,-0.6,,-2.5,,,"9",,0,
"254220090","OLECKO                        ","2025","02","08",-1.9,,-4.5,,-3.2,,-5.1,,,"9",,,"9"
"254220090","OLECKO                        ","2025","02","09",-2.5,,-7.5,,-5.6,,-7.7,,,"9",,,"9"
"254220090","OLECKO                        ","2025","02","10",-4.8,,-8.7,,-7.1,,-9.4,,,"9",,,"9"
"254220090","OLECKO                        ","2025","02","11",-6.9,,-8.8,,-7.6,,-8.3,,,"9",,,"9"
"254220090","OLECKO                        ","2025","02","12",-1.8,,-10.1,,-6.4,,-10.5,,,"9",,,"9"
"254220090","OLECKO                        ","2025","02","13",0.1,,-10.3,,-5.6,,-11.6,,,"9",,,"9"
"254220090","OLECKO                        ","2025","02","14",-1.8,,-6.1,,-4.6,,-6.0,,,"9",,,"9"
"254220090","OLECKO                        ","2025","02","15",-2.3,,-10.3,,-6.5,,-12.4,,1.0,,"S",,"9"
"254220090","OLECKO                        ","2025","02","16",-3.7,,-7.6,,-5.9,,-10.6,,,"9",,2,
"254220090","OLECKO                        ","2025","02","17",-2.3,,-10.2,,-6.2,,-12.6,,1.5,,"S",2,
"254220090","OLECKO                        ","2025","02","18",-1.3,,-6.8,,-4.3,,-10.9,,0.0,,"S",6,
"254220090","OLECKO                        ","2025","02","19",-0.7,,-6.2,,-3.7,,-9.9,,,"9",,6,
"254220090","OLECKO                        ","2025","02","20",0.6,,-12.4,,-6.5,,-15.8,,,"9",,4,
"254220090","OLECKO                        ","2025","02","21",-1.0,,-9.0,,-5.1,,-12.6,,,"9",,4,
"254220090","OLECKO                        ","2025","02","22",1.5,,-5.5,,-2.6,,-6.1,,,"9",,3,
"254220090","OLECKO                        ","2025","02","23",3.9,,-5.6,,-1.8,,-6.6,,,"9",,3,
"254220090","OLECKO                        ","2025","02","24",6.4,,-6.8,,-1.3,,-8.1,,,"9",,,"9"
"254220090","OLECKO                        ","2025","02","25",3.7,,-2.9,,0.4,,-4.4,,,"9",,,"9"
"254220090","OLECKO                        ","2025","02","26",6.5,,1.3,,3.5,,0.9,,1.1,,"W",,"9"
"254220090","OLECKO                        ","2025","02","27",4.3,,1.7,,3.1,,1.1,,4.8,,"W",,"9"
"254220090","OLECKO                        ","2025","02","28",3.9,,1.0,,2.2,,0.8,,5.7,,"W",,"9"
