Date,Open,Close,High,Low,Volume
2022-06-01,509.2567495674686,242.1933709844143,267.4997753592918,382.52672822038494,1319529.0
2022-06-02,407.1842110850316,434.235073549045,587.3307840397019,268.3073040013347,965875.0
2022-06-03,339.23823726731524,417.73795505372846,381.1533441662047,306.8839581944296,1874883.0
2022-06-04,348.6957179625321,293.4963168146977,578.2860433764098,403.6453540750088,1818985.0
2022-06-05,200.54145028618728,455.1096567382366,470.7280174520188,258.981566970454,276609.0
2022-06-06,319.9202110260944,528.0270008222598,320.6347479494206,444.66227025840567,1775031.0
2022-06-07,458.5834966551722,216.6315839386375,275.3210099668425,426.2989226204584,1389564.0
2022-06-08,589.6777775265429,399.2519774192169,321.49401849003976,485.8809265529031,201322.0
2022-06-09,538.8243307935597,475.7241648410761,237.20696370507,575.0818461517471,1926897.0
2022-06-10,209.43798585821165,300.92477082787485,257.5471865373319,564.9018244404623,1593114.0
2022-06-11,559.4242418699357,323.1083621172596,241.86417613859248,578.4302472275326,51023.0
2022-06-12,513.2793653194503,445.45516119575353,369.1774174966231,297.88623880948035,1679214.0
2022-06-13,512.1504494283922,559.1741173774948,518.2313505030345,252.62612265574185,182696.0
2022-06-14,383.1983036014286,523.9697681211597,256.55342168653607,320.91068019857937,1594291.0
2022-06-15,359.2021171818011,433.2520876398334,252.12817326893435,558.0340691065259,431492.0
2022-06-16,321.16629153327705,492.08868710289966,457.3715798069323,588.8213898493952,863075.0
2022-06-17,226.2779435817463,345.92898808311946,278.8731927872265,543.7299804281904,215084.0
2022-06-18,291.2941453974796,456.3862112395031,239.04401524359665,244.00708845101744,1188087.0
2022-06-19,298.64145399120986,386.4726364510228,266.73943128223107,578.9711992239172,484064.0
2022-06-20,393.6308278840807,275.97445458302434,569.4925583507104,369.3432109403144,1796267.0
2022-06-21,498.9777626386776,480.6953095509029,528.5885011104763,203.72411630494148,1132248.0
2022-06-22,389.5239313591786,422.5858549395288,341.62582494203764,376.9574962992774,477919.0
2022-06-23,223.13777977886423,343.4486327814366,462.3283069309571,218.42766787018704,1070876.0
2022-06-24,583.1159203952816,564.5356760314523,414.9102694672152,417.551168464447,327433.0
2022-06-25,577.089727637645,208.3736471306933,470.8497053930256,335.4216109748205,1463974.0
2022-06-26,514.0758172593634,326.3092604997984,473.0684609851037,389.3739734376195,468723.0
2022-06-27,596.5311606256882,222.75255911105864,451.4936060239972,445.2681442972468,1497704.0
2022-06-28,417.7929331201052,506.6109264886509,306.44054741492346,547.5204383271281,949413.0
2022-06-29,585.1073401012825,480.84298164551706,215.60256830512725,464.76063058877145,24659.0
2022-06-30,230.2420162467003,332.5408874945268,382.2267127960436,373.61954739127225,691763.0
2022-07-01,346.27229930454854,470.2651608828292,556.3895538762815,527.771141468146,1298835.0
2022-07-02,290.1525072027063,358.37489047837994,427.7989034074304,562.232855029253,1480378.0
2022-07-03,278.333233653708,502.5015165689737,532.9564166807631,247.9039865728789,15360.0
2022-07-04,256.3211795570704,381.67346509468246,596.6497371844912,412.7731910211166,812856.0
2022-07-05,448.9654566263987,364.9118911326663,265.4464816553105,313.80478389697765,1675899.0
2022-07-06,512.528742298922,573.8919661953204,476.71105565679295,218.82447915077896,1557023.0
2022-07-07,431.3193597681443,300.3516399562801,469.71742948000986,467.41867804559416,53791.0
2022-07-08,258.7850838352839,248.17893599862617,591.9821789433114,545.1083109836902,401281.0
2022-07-09,524.4495079733883,433.8172453037832,594.2402935811201,265.1610617909576,1777731.0
2022-07-10,454.3818828654914,587.7287249136716,474.67144468965176,524.9654630495602,1562386.0
2022-07-11,355.2662824507982,351.13568549087466,297.4459167928777,541.3582934147767,1328020.0
2022-07-12,469.6521182144252,224.81470545151265,519.4223352522397,565.7361770665934,562658.0
2022-07-13,303.9619916971332,335.72210692382697,242.81165368441523,306.114035634421,730191.0
2022-07-14,338.07688339768424,402.37266172782336,512.2797216686515,561.5812260759558,1080785.0
2022-07-15,566.9943372527961,264.7692026528855,564.0784496578785,328.2651018945729,506503.0
2022-07-16,316.20180226856814,463.2408872225968,353.1333579073741,420.9352053822012,288071.0
2022-07-17,387.99530726317465,599.0997556040802,452.25411799323217,220.20298833291287,1612443.0
2022-07-18,556.0564549584059,380.6957903925775,372.0570928387305,217.55243534749744,508623.0
2022-07-19,483.088540107011,341.89142269208503,375.10602199525135,488.14928509288114,1849040.0
2022-07-20,224.8812904658811,360.28166673378666,324.148355643248,377.7919911911164,622542.0
2022-07-21,258.92121771158816,,,,
2022-07-22,203.13663630876675,,,,
2022-07-23,452.36871609166536,,,,
2022-07-24,379.06937016416737,,,,
2022-07-25,253.7099403609102,,,,
2022-07-26,583.1736484227082,,,,
2022-07-27,411.863889578248,,,,
2022-07-28,296.7573176451557,,,,
2022-07-29,400.2414284618831,,,,
2022-07-30,471.84813309404313,,,,
2022-07-31,230.49568718942567,,,,
2022-08-01,309.8815260191568,,,,
2022-08-02,522.7861963535975,,,,
2022-08-03,383.86594816106447,,,,
2022-08-04,418.630856812918,,,,
2022-08-05,373.1264008837877,,,,
2022-08-06,217.55997705720205,,,,
2022-08-07,266.2999119280624,,,,
2022-08-08,378.2166554967564,,,,
2022-08-09,283.6741861631712,,,,
2022-08-10,219.9916114638715,,,,
2022-08-11,537.4598656207295,,,,
2022-08-12,592.4770116656464,,,,
2022-08-13,517.2571495986958,,,,
2022-08-14,541.5139686818668,,,,
2022-08-15,296.7908521268181,,,,
2022-08-16,584.2507902052798,,,,
2022-08-17,278.7702817813713,,,,
2022-08-18,580.571924144733,,,,
2022-08-19,597.9277175863804,,,,
2022-08-20,484.6891222984195,,,,
2022-08-21,592.4574927167288,,,,
2022-08-22,427.81591182684144,,,,
2022-08-23,303.81671327043614,,,,
2022-08-24,374.79835426624834,,,,
2022-08-25,437.4243741515144,,,,
2022-08-26,229.232624810806,,,,
2022-08-27,448.9373058468984,,,,
2022-08-28,592.4711347049179,,,,
2022-08-29,276.04305991349105,,,,
2022-08-30,517.0380465153532,,,,
2022-08-31,563.1595175118478,575.8274356100662,240.0619990027068,372.12657121695634,1508934.0
2022-09-01,577.4806371280883,502.0534469780784,308.68703955927185,309.8820131228575,1809696.0
2022-09-02,584.0542417621789,434.649567313465,526.3823157660827,555.1006098686753,685917.0
2022-09-03,408.5838554885888,531.3754683755963,351.3262428661038,216.234284853878,764087.0
2022-09-04,590.9231631966015,232.0747027248453,235.35878685870333,565.4909976025838,1395502.0
2022-09-05,502.92408285377553,390.7355510932498,336.8902099115618,533.1976554212001,345526.0
2022-09-06,264.6685744947848,452.03725074466536,592.553333696512,319.0282865763262,1221733.0
2022-09-07,390.760042587188,531.4611624473157,451.8734381036812,515.7162618708419,1498149.0
2022-09-08,487.3324701488016,513.3878240197071,366.4643785624632,212.48542413549904,902371.0
2022-09-09,298.93612632763336,310.82769988535983,266.615405398908,586.7462201173574,
2022-09-10,456.2460734195549,576.3520678236816,594.4707189134779,410.6379770359157,
2022-09-11,466.6401916186477,249.7383365723481,528.3396037052514,321.3124104261781,
2022-09-12,265.0798975234263,550.0534474484609,312.59092098036774,345.0332850378708,
2022-09-13,426.03412498110254,588.3760998418475,228.0274782884757,226.56214138419887,
2022-09-14,508.6507643914431,270.86140928905024,222.6502229510232,595.7398056168156,
2022-09-15,399.5582658143768,488.8264256815141,248.1512598022136,215.716778060277,
2022-09-16,204.84124671044296,216.1142075111994,432.3074334457687,461.9628492591437,
2022-09-17,203.61538763171689,362.169130055662,571.5053684821969,377.09437108258334,
2022-09-18,342.81173758800486,406.5133196790696,398.6973712023938,579.566487275486,
2022-09-19,570.4776273727127,432.2580903638536,537.1781929824789,298.3998961227181,
2022-09-20,291.4707118414435,574.3748992994238,378.3546479439232,412.8347295752045,
2022-09-21,453.7454755486749,468.90027491767785,483.43341830713007,392.9424834331012,996120.0
2022-09-22,288.8303482773282,392.5111804876948,492.74909491460033,481.14657762004055,1679286.0
2022-09-23,328.66799586381944,523.8700145063558,269.5854823613355,227.2040927809682,1405020.0
2022-09-24,539.2168358405936,580.2131283817636,344.4864235903247,277.5156520093419,1052006.0
2022-09-25,491.5445769079788,208.82645947291635,454.9208626152096,285.82592803714,273774.0
2022-09-26,238.15971092528423,593.0085089024155,228.27864327374647,495.2603019366759,915906.0
2022-09-27,371.48080839457344,234.45285562547213,344.61607510518263,275.65547853069603,366013.0
2022-09-28,211.6679054581058,525.7547117075046,413.919786512477,429.39670555639066,1855709.0
2022-09-29,392.3560586412036,312.13390102056496,598.4897972178555,286.0975282003815,1199507.0
2022-09-30,464.9736046804272,252.87186310154868,389.8134250489763,544.6499800335914,419399.0
2022-10-01,247.40104943926065,375.942255885534,526.4227028457294,576.8741817958554,888717.0
2022-10-02,315.55397556366626,457.5826317790454,372.8269140266471,407.3971899768962,1695420.0
2022-10-03,359.1346502008628,352.38073800939003,518.5562890478836,340.92355368367134,1282071.0
2022-10-04,567.8124098624198,221.8261633130796,438.16592064804337,293.62311000699964,259809.0
2022-10-05,597.3020061691857,439.7844558634866,554.6381766009594,219.9124006092175,964748.0
2022-10-06,217.9645195982464,560.9613104442699,364.377020940044,307.40003047899813,734672.0
2022-10-07,504.4031693981568,353.28614637890064,441.72176792859153,461.69431197812713,1068597.0
2022-10-08,348.6896265609373,286.5331110523308,452.0074722475309,413.44677252368433,1778799.0
2022-10-09,356.98327449179203,377.03093837312616,366.9531767201893,577.6165113123709,453781.0
2022-10-10,501.7059893388091,219.34508441951235,257.7248174749926,358.5109049966802,446259.0
2022-10-11,567.3705728581635,528.1950337921099,237.42376276493425,477.5453369313578,733510.0
2022-10-12,580.3714378010193,530.5363243800747,206.66862023985323,395.72909899004856,69361.0
2022-10-13,430.84903441532833,435.2001853718514,549.4137056980858,405.0304863696847,1972325.0
2022-10-14,342.84846372020115,341.24115557535583,294.5899648954778,307.109725841647,801787.0
2022-10-15,515.0196343435117,519.9133457783133,284.60269971270725,381.9803107367999,1152417.0
2022-10-16,300.4005533049201,421.8748099153469,494.4141601704262,388.3139988050829,709364.0
2022-10-17,425.6296115334071,530.3729234200065,328.0064452349567,482.6570086995736,1299876.0
2022-10-18,343.4313846099493,452.5835170332082,402.41787696473466,576.2559996744455,165786.0
2022-10-19,462.65242948315046,513.7621892851189,265.0044261189825,331.7285109930017,546486.0
2022-10-20,296.1595651574028,439.425197287104,583.8982885847877,216.8801874325194,334095.0
2022-10-21,276.63717829393033,365.6564272862665,540.6325600068949,398.5180502002559,924156.0
2022-10-22,567.2956346701749,583.178343970455,545.5158491860013,417.7845328596674,1490417.0
2022-10-23,240.72147317981475,416.4455299515379,362.7094994288021,267.3762204527661,1312042.0
2022-10-24,402.3831630939727,442.0358074162153,504.94448548286914,504.1858425104267,1532774.0
2022-10-25,288.34111318520354,288.1950557658997,257.55046215591204,593.9716433765966,1596604.0
2022-10-26,215.57198533026693,450.26031577091055,203.4476010367121,578.3098868033844,1319530.0
2022-10-27,214.40752731657057,428.6430597931776,207.98917303121124,278.8424155294609,915175.0
2022-10-28,270.0887088423309,273.93535917881,434.6406949618242,550.1452959603043,939073.0
2022-10-29,546.7081418024002,223.8348389412575,382.1579620991763,481.7974545646739,1311884.0
2022-10-30,312.9914975908107,441.74372788590847,407.2061395634079,381.5386255227646,1153431.0
2022-10-31,580.1836682301183,505.4769077401282,202.98525616688767,416.2443977298916,739480.0
2022-11-01,432.6489171956774,409.3605483688033,369.0746478629703,539.8400699929832,1866791.0
2022-11-02,374.6456759075064,290.7090501278583,487.22726448034433,392.0539758553493,126701.0
2022-11-03,432.03553386778185,466.608790677214,377.0774807869743,349.2829476420508,497281.0
2022-11-04,406.6793540905071,232.0422906438409,492.8876825248889,397.2989972103943,1393767.0
2022-11-05,503.5105015029301,376.73348192078186,293.2075857587339,431.65192161401967,1849479.0
2022-11-06,312.9984263891409,265.34670335936806,525.2568017926901,275.6310615113396,1164347.0
2022-11-07,341.220156640121,273.7836204239534,435.37249618138094,560.3630921067963,1059739.0
2022-11-08,557.6377210133003,280.91757966328146,284.3052397719625,469.6747795318456,985591.0
2022-11-09,578.5826052601622,354.6828228175912,294.6881903415332,453.3075669349956,853503.0
2022-11-10,557.0232909945898,220.46008224815904,451.2121858278148,239.79849047225525,1069641.0
2022-11-11,367.7791975829255,359.11737637163924,531.9758372849774,441.6695752690367,1438043.0
2022-11-12,512.1462012027526,404.6829788458804,366.2511128116621,248.3842648953969,1819126.0
2022-11-13,390.53429332043953,393.31771398653007,303.3201716510369,231.4790700781596,909401.0
2022-11-14,399.0159408584409,353.1136401612162,546.8046427642402,410.92435825695736,350600.0
2022-11-15,281.8720436229136,535.658643228301,467.707316700334,361.114213618598,502721.0
2022-11-16,436.45212130340656,258.13067696820167,379.23419491323057,435.5241080624893,253924.0
2022-11-17,274.45435910133915,402.2786975125496,395.1600781117208,235.68886722289545,708708.0
2022-11-18,332.6258796268775,224.8165667826217,281.7025871745586,372.39322513890335,1859162.0
2022-11-19,542.012080647974,228.4622715511639,450.7210520259376,269.9146860180632,1945711.0
2022-11-20,282.8303236843421,429.54633987083855,343.49700421715545,594.8400343696467,549517.0
2022-11-21,228.46331406937315,426.4073699551284,598.2580706697397,424.4600849740698,1368307.0
2022-11-22,227.6030370451265,551.2134051377827,392.0734061047551,474.9747443763469,1828334.0
2022-11-23,576.3138082012431,423.1494702640293,394.3542424758453,330.16731227304314,1365433.0
2022-11-24,402.7681751847339,583.9164081619401,426.3407149642687,237.8955659117377,1735933.0
2022-11-25,363.7648287268073,219.4779393599719,566.7024012474988,590.3483451134147,550389.0
2022-11-26,524.3514324031673,239.2030739122964,520.3272399439002,314.50361415327325,1618255.0
2022-11-27,534.3303711642063,217.62634462815257,380.4520279191366,369.5232740694297,211935.0
2022-11-28,332.87641324624184,274.110740133416,487.4797063891184,459.94556868103,1126299.0
2022-11-29,477.4472229895181,416.5080443766713,434.4941995123047,209.87891907444447,1279869.0
2022-11-30,508.4491263407546,458.2288725709712,396.9468194804996,524.1036522069148,195477.0
2022-12-01,461.8602747463818,218.2340631794675,276.9263091137402,414.6312760114481,1219596.0
2022-12-02,260.63802992003974,578.3883559382398,385.5745053819563,311.2868748275289,1940272.0
2022-12-03,550.3532334068228,536.8661506601525,298.32743480902985,224.6431941169877,305065.0
2022-12-04,415.6378210944035,318.6449928628373,565.9368599406619,264.9993661897766,1519363.0
2022-12-05,312.9889705480015,230.8750120905872,334.1627253985388,558.0135435413747,475223.0
2022-12-06,370.0912741750776,267.95482928762294,580.905605813349,474.4096895743564,1868468.0
2022-12-07,215.0284361595629,250.77776550198905,413.22211603788446,299.9606886547559,1564750.0
2022-12-08,251.14672048896705,249.3135117195788,452.6177514704641,226.2403059780118,419287.0
2022-12-09,506.2187002063444,407.4246754662936,417.1761777957311,476.2461249546545,726478.0
2022-12-10,200.0046539021465,298.33897699736013,251.7522467866804,428.9630903871061,184354.0
2022-12-11,366.6263313929169,343.2558866116578,350.3284876031764,361.807809783294,1669589.0
2022-12-12,409.00407243423535,595.802133353729,239.6584449110496,345.4445796760256,325589.0
2022-12-13,221.85376800038887,473.7256995701379,449.1816176733527,286.72571037164334,741427.0
2022-12-14,589.2312651889331,579.5922668188006,378.7496780801756,467.8445026150071,1397928.0
2022-12-15,290.4501324998688,257.02262201324623,511.1939886283747,588.2672111175482,1501608.0
2022-12-16,321.6794878545124,352.8557899330277,288.18819239974795,270.28609833473035,1422003.0
2022-12-17,321.5770049020109,421.8927213129417,265.826423371734,438.84664800620135,90779.0
2022-12-18,292.16666484694,,362.5328923855071,,1056636.0
2022-12-19,200.58952883452457,,570.6341532873524,,655094.0
2022-12-20,491.7379176351985,,484.1687260049647,,1329451.0
2022-12-21,586.7381999197141,,367.5694499171675,,344974.0
2022-12-22,289.717393314018,,406.9088679017242,,1693735.0
2022-12-23,465.218876721369,,233.68520447083927,,550007.0
2022-12-24,496.7585307834861,,593.8303585504452,,1626980.0
2022-12-25,539.3701516362098,,466.5629218779676,,1568159.0
2022-12-26,369.05167880544366,,314.161627385369,,555613.0
2022-12-27,321.1723622561717,,434.3233576860977,,945101.0
2022-12-28,330.11805360921244,,243.7929464275976,,989943.0
2022-12-29,485.0485332394051,,586.3346675230334,,1068127.0
2022-12-30,526.7117866022544,439.7438900168663,269.9139951533464,356.15057841878155,360431.0
2022-12-31,272.64558710264106,491.4625136946411,459.21212722208566,366.30992039586056,1339998.0
2023-01-01,348.3764032631061,326.145497306447,298.1817850155722,387.6709984371087,489405.0
2023-01-02,560.77607869966,357.2588517976061,487.0245530594143,347.0834032510173,20141.0
2023-01-03,522.6774078778957,294.7695975586894,510.7285468961125,240.24799088903603,335057.0
2023-01-04,593.9433611049903,238.7862683861699,469.3678915645731,323.8527240011383,825047.0
2023-01-05,501.6993038728323,271.6126549766335,445.799784102077,465.4937442775754,1699922.0
2023-01-06,357.2780804111689,519.0056181185944,556.9876375808046,466.3137605875484,723111.0
2023-01-07,436.2551335978551,471.0183220735103,231.4506843959032,314.4897228959977,1690548.0
2023-01-08,464.4057016989281,418.77155039419074,332.3659063120781,384.0410506230752,294596.0
2023-01-09,231.3823265268496,390.03594914670725,299.3149918523384,277.37889120477496,1469517.0
2023-01-10,417.7987836415461,568.9737134624497,595.2055848261687,284.1488326119343,579679.0
2023-01-11,483.72833138904383,229.0939791114673,355.7559118667494,209.2188353626429,1698152.0
2023-01-12,266.9285216004241,312.2403252951664,493.0450796961595,558.6986199630978,1783996.0
2023-01-13,512.2526869702228,339.9751414282856,473.8900655524018,284.28266602996246,1167111.0
2023-01-14,433.5091122056447,512.9703248851151,284.8324949909511,291.0135507745853,147770.0
2023-01-15,580.8887142790379,597.0058480647886,295.5990720846205,311.8405730580527,244947.0
2023-01-16,216.96891928275667,296.2682059028612,312.51382542121365,250.9632286781716,615999.0
2023-01-17,306.1304550221868,549.7229336548322,364.4509113037517,455.7051532725451,869282.0
2023-01-18,440.6215517199296,532.2491041727164,293.7300262602107,230.05718127103464,1949741.0
2023-01-19,318.62396488237226,289.86295905670664,207.86059309873912,253.6809705305401,1318085.0
2023-01-20,485.7696656284969,359.733032079689,551.7572227228782,457.9026906360372,757913.0
2023-01-21,503.6021130087724,363.8691477170077,586.2439325523536,335.86424819257707,889094.0
2023-01-22,241.0063856265897,591.2882674106233,336.62815481262714,483.1791306804756,572660.0
2023-01-23,405.5417856827071,272.3567605515593,335.4027517701892,422.9698978680568,1621998.0
2023-01-24,403.5562222364224,519.6631884419128,202.8367251097484,302.40846922460526,829255.0
2023-01-25,347.71230808621647,333.677085669244,472.1002753321496,460.3311801957312,600446.0
2023-01-26,573.1699450278688,492.34813831046415,530.1759582994515,246.50947211715223,1936084.0
2023-01-27,531.0025279492885,368.0044017182652,258.6433201440013,414.5641532320121,1037564.0
2023-01-28,478.8837527638547,431.343905246616,263.8665397468603,374.8592420180139,1815023.0
2023-01-29,485.730654293999,533.0447093304524,516.0332999885751,307.1494331269763,1186597.0
2023-01-30,384.6864575252477,521.6662259935537,446.5162993416578,441.6019990958,578684.0
2023-01-31,568.3978084386304,546.56927341588,217.9442230510868,548.533436936113,1424056.0
2023-02-01,477.8381709013141,223.8469301378636,449.0187961849127,599.5618799052306,1085488.0
2023-02-02,491.59242466232655,476.820221215898,323.5670891375064,443.1051074973698,1110523.0
2023-02-03,544.6763615149381,255.9949506887052,347.4900621883384,361.88234973166806,518676.0
2023-02-04,309.6286357368764,366.3274272073644,507.89256731875207,290.08284008648064,495913.0
2023-02-05,522.8283615466812,419.4353660218754,524.3740770690442,302.8384357580447,1097963.0
2023-02-06,278.0962411825968,361.09579389873227,360.14265073593225,391.7819912599063,986469.0
2023-02-07,338.13678089795513,407.844670321203,578.8611744025419,346.91108051228366,283652.0
2023-02-08,334.24418170793706,598.6105235194477,362.5850871808289,565.5258090499776,1361312.0
2023-02-09,591.4101873556563,254.08692548514188,508.734414092044,347.3181870622838,638537.0
2023-02-10,542.6148894991707,470.18241813457024,393.5509058257037,349.3778364581742,6919.0
2023-02-11,480.4679446361039,358.4003865542461,559.0129306088336,353.4138049735908,834027.0
2023-02-12,490.82270464615607,253.2039195629315,563.1044974600715,534.6480841470632,145689.0
2023-02-13,424.8291177610285,263.4947053497238,234.9667231484336,460.3153283387608,1522060.0
2023-02-14,578.8362668434077,579.7092424982468,574.5973325240902,445.66754012755706,38298.0
2023-02-15,398.50350115294464,551.8405986847048,530.2139366081663,333.6572089535449,1290801.0
2023-02-16,352.2070839479578,562.8167841660088,516.5242857250668,527.1616707329758,1978009.0
2023-02-17,265.2141347726364,596.6131103309547,280.36453587420897,215.3455445422805,238725.0
2023-02-18,514.4822609044231,283.3261560034072,522.047683501866,548.3188689352453,281600.0
2023-02-19,493.7775728302366,342.1757349456247,540.0530938740147,405.0999599175718,1163175.0
2023-02-20,353.742015409654,467.68761196994666,315.6601337816604,359.3000939453651,1926684.0
2023-02-21,210.0773655836917,393.5210159442589,580.9040313449295,398.8669122870743,1137297.0
2023-02-22,535.5989310872043,367.3558133513334,219.9440585596657,466.9662122135324,829356.0
2023-02-23,204.5671933816295,343.12449973423725,259.9637012988559,205.10617060715896,815672.0
2023-02-24,481.4799118516204,437.5122527773809,415.0324552206057,548.620742583299,354525.0
2023-02-25,588.1028438904228,430.2373714560328,430.3169884489239,378.6958101245572,276372.0
2023-02-26,375.06453125928135,264.58313362569606,458.06003332036136,337.18660788003126,813118.0
2023-02-27,293.9893619983811,388.6959350073756,206.7876517261866,255.29822625362283,541208.0
2023-02-28,481.9484040173527,421.3887104839399,584.1467098488521,375.7861497433769,1585296.0
2023-03-01,526.851256806234,428.1147754925562,217.8352370936576,398.5291085137516,1510367.0
2023-03-02,418.5721264311389,284.0428771649407,257.22478108936093,361.4586777973912,1688371.0
2023-03-03,586.8141101024585,496.90855690091473,205.6058070104228,471.4640375307589,1446229.0
2023-03-04,220.66748866318443,210.07963792842784,426.74337331763786,368.3586115036904,1387445.0
2023-03-05,401.91823932181126,341.93274221726506,572.9067535683889,584.5670311386293,1802511.0
2023-03-06,487.38157892902,512.0850594142535,466.3788664321857,439.7110071294367,1742846.0
2023-03-07,545.0561884596716,425.55716842216094,529.062987392171,522.9911742607635,651052.0
2023-03-08,271.702244763116,304.4649730043441,205.31248138343204,243.74236124379155,166298.0
2023-03-09,520.0013927054725,477.9812477372191,416.8061193918904,358.91651717836226,209222.0
2023-03-10,421.0828302874181,426.95637766242936,383.8251910022087,334.7390805788611,326243.0
2023-03-11,358.62147279598526,518.4974437825549,399.5871776883172,427.7929552546367,1166133.0
2023-03-12,252.68601143163744,494.0100744759293,228.8852741340752,544.4454080245703,1926768.0
2023-03-13,546.118303563565,444.04316881449387,473.774144427723,231.33528710480263,547301.0
2023-03-14,262.9092832718861,395.2710701243256,401.2881659434538,229.0299192178843,1599310.0
2023-03-15,323.9151436836397,253.2728502670093,506.0595399445056,540.1270832630396,896641.0
2023-03-16,316.0182127849748,304.5332071541535,394.1162536246861,285.14003441534294,501409.0
2023-03-17,548.5656136763417,367.6397891668341,259.7526544905728,467.5013017799255,730735.0
2023-03-18,469.0811976835592,439.7197148025555,459.3027816311288,417.1512529443221,985013.0
2023-03-19,518.6725588765489,405.4831420861219,268.9545448420665,533.1574379548917,1680125.0
2023-03-20,300.1871595169996,315.2738103838118,548.957825341926,250.03556393456145,1935747.0
2023-03-21,449.9496398427996,202.5857431158842,445.2464956276966,251.9131862890445,267701.0
2023-03-22,428.69839325749945,398.4956887603256,262.8815534227817,422.727344111323,1746325.0
2023-03-23,533.1321507153084,314.25039542489725,584.9352229924827,578.5514613433484,708060.0
2023-03-24,562.4348241925043,493.843320284214,407.3461853341282,365.9991033483017,135878.0
2023-03-25,204.86270859095472,209.5785061081934,229.159380748662,330.77684010187795,628431.0
2023-03-26,469.6079676235171,433.93112452231634,450.7331617660269,442.6757292791543,553866.0
2023-03-27,220.7343196478916,576.5896950024262,301.2795628051241,572.1794402180124,1652643.0
2023-03-28,419.5434660309424,269.7637068445998,,534.7711331378495,669956.0
2023-03-29,315.0530916174713,388.65979630023816,,598.1934442932879,1897508.0
2023-03-30,322.7106398088565,236.56879672685528,,209.02743328095085,601822.0
2023-03-31,341.18340138094266,450.2727649045411,,245.1432578851049,801561.0
2023-04-01,448.5169796198441,420.2126722384902,,443.7871053466488,461610.0
2023-04-02,333.61998626750767,362.94620968513294,,528.2305757335398,202118.0
2023-04-03,493.0796202361121,408.55080858949646,,314.09773692270664,803028.0
2023-04-04,361.8109542295479,558.629863387604,,295.6844352136875,594643.0
2023-04-05,227.34128012398344,278.51772092442684,,514.7903197524804,542262.0
2023-04-06,513.5039369936429,209.0258046821389,,222.55274154129265,1251321.0
2023-04-07,314.3033298370824,544.6659538796404,,347.75305903303405,1952012.0
2023-04-08,373.10675183970505,430.8468329551626,,402.3236890369319,1304942.0
2023-04-09,474.17755328876063,556.2633821847369,,424.13946974012936,1442514.0
2023-04-10,332.9824628594848,438.778089365269,,491.4460627171108,491649.0
2023-04-11,222.63426245868624,524.0644359838809,,341.9382893722633,861634.0
2023-04-12,349.5684188051255,371.8693453420592,,445.0737378698429,79442.0
2023-04-13,577.7794330777214,499.9439725153075,,434.1501691163825,682178.0
2023-04-14,456.69375891942326,565.2165867559424,,419.0464402614989,1633462.0
2023-04-15,468.5916594668828,428.84918548888254,,456.1933172568849,138726.0
2023-04-16,452.9128614550559,272.31406022495185,,303.7796684272305,563046.0
2023-04-17,279.5968555837747,307.5190460120793,,233.8595014338516,1864212.0
2023-04-18,367.33354564091206,279.4578307589623,,247.70866881589737,132309.0
2023-04-19,500.3759193453273,298.74281103829315,,289.83295306156043,695288.0
2023-04-20,240.54915902126368,322.5661797404145,,400.07917420911406,518644.0
2023-04-21,311.1411104358849,422.0535147012754,,536.177100218408,189681.0
2023-04-22,310.5276433863414,435.1966517855331,,480.51733683535366,1608416.0
2023-04-23,372.8075710378024,370.5998988967444,,515.6162416808188,408552.0
2023-04-24,592.147496376874,446.16831192833416,,340.3902495704366,1362757.0
2023-04-25,227.0010186735288,232.6299702445464,,361.86149665942,152278.0
2023-04-26,407.480397752238,235.115294823264,,357.47275439624514,1612695.0
2023-04-27,271.7458728048842,268.7317841430633,,276.7492737618006,1097139.0
2023-04-28,588.2706181638977,407.2309992161379,,224.4866632574288,1071937.0
2023-04-29,245.32140189098567,285.5978714793254,,436.36643713089074,1881343.0
2023-04-30,361.4404009446365,313.31376139703093,,595.6866733682344,1128045.0
2023-05-01,495.15399393384246,360.12513446919763,,266.7318819801052,1574157.0
2023-05-02,481.8217712109781,524.7464496041518,,218.6739279597095,1564147.0
2023-05-03,369.0914547575729,205.54485436514403,,511.8126727295732,555104.0
2023-05-04,338.6096671810873,459.75152809464896,,301.03440267388964,1835286.0
2023-05-05,359.0449514211482,467.5506124162741,,531.8575221411713,1724555.0
2023-05-06,305.71050526345573,519.4623121426546,,481.5746668138062,239295.0
2023-05-07,282.13317548271993,573.1011756241253,,578.2694148203218,621767.0
2023-05-08,393.215879023556,208.055139579716,,363.5708943026688,31819.0
2023-05-09,307.41350242704294,261.5134822052865,,464.7879357802536,1982821.0
2023-05-10,314.98466595890005,554.4685176223973,,385.9419123253083,1045801.0
2023-05-11,462.7024253898229,383.4074248748061,,452.2354789234174,1438050.0
2023-05-12,587.4149326799569,425.8362555733854,,379.8395624030949,13798.0
2023-05-13,441.45488022375,465.21088148925895,,275.45289856962995,685503.0
2023-05-14,230.7917868259865,471.626641798255,,403.1589664013524,841127.0
2023-05-15,230.2334455416268,572.6961613266033,,411.43368057497696,1479539.0
2023-05-16,580.5692883382264,598.7797669646679,,524.2415393040644,1821806.0
2023-05-17,318.91631612293344,488.0629843723761,,494.20828231743246,1808123.0
2023-05-18,236.82679443299017,314.8884836820603,,465.5166495765776,1707408.0
2023-05-19,439.6178348601526,551.9009609177374,,245.354838221029,1730118.0
2023-05-20,449.4595113161064,219.68836581630464,,488.246516265486,1307376.0
2023-05-21,459.4019280474753,292.4323411497985,,400.1220625418059,538703.0
2023-05-22,306.9608111430165,558.954286985486,,557.6398144424637,1982165.0
2023-05-23,206.04427368579,302.476605775742,,567.9483736522171,1461800.0
2023-05-24,586.0061477817887,288.26042384869936,,222.0626362407142,1665502.0
2023-05-25,300.357218276441,255.2501172560989,,528.2566241417915,1596316.0
2023-05-26,470.410515221019,543.6447030587666,,215.07895616906825,1510867.0
2023-05-27,482.6519479514838,400.0233036764347,,346.8678502780091,1454912.0
2023-05-28,444.0029668317943,469.9572812216619,,416.9199902484317,1773321.0
2023-05-29,325.1629576854593,295.62655363001187,,259.24031945085096,639493.0
2023-05-30,308.4385015056263,503.2161684044866,,498.5255250276308,1071746.0
2023-05-31,439.0673130810813,504.0022179848394,,203.34188166885545,21259.0
2023-06-01,546.4382534446765,325.03920996332005,,267.43961937361473,289243.0
2023-06-02,578.6934915693582,364.2730532041131,,432.3187319413903,1194297.0
2023-06-03,242.36232176150304,283.8761109720804,,485.75502481491696,1182970.0
2023-06-04,261.9314450390879,590.6244093291617,,566.6572410775665,1018295.0
2023-06-05,577.8945035132319,458.2410308233647,,482.1986607738496,1374978.0
2023-06-06,494.614091333917,573.8175522862061,,468.7117081019464,1225685.0
2023-06-07,553.1975299319092,321.35421745165326,,357.73645854026574,1327525.0
2023-06-08,281.0530536541373,512.7563651987559,,200.51377021072057,1562788.0
2023-06-09,435.03434844376073,506.3434575538968,,248.0637034942488,1308175.0
2023-06-10,480.4558377669895,476.6622607466166,,413.82181790241566,1096723.0
2023-06-11,472.04475417878905,586.2555901067201,,470.0519543377679,79280.0
2023-06-12,363.2606763466793,357.4221344425262,,366.979313558585,1230701.0
2023-06-13,206.15795667652336,252.2869294359029,,492.2716046113561,373921.0
2023-06-14,433.1704227217052,468.6835436976243,,408.7449181328715,1675705.0
2023-06-15,301.2406156718435,491.7239201908825,,229.6704782377249,1538185.0
2023-06-16,380.10169845715615,430.0242293835258,,276.80650038717954,1702590.0
2023-06-17,583.032406033527,282.72715725335854,,535.9992892975772,395503.0
2023-06-18,359.61412705697387,401.7823766677421,,489.9650986497758,81215.0
2023-06-19,535.9206426657706,324.87589462765175,,557.904794804998,1690773.0
2023-06-20,275.41624229970046,370.9866112666756,,247.02289964837465,1411085.0
2023-06-21,468.9841992100115,458.0874303378656,,596.0890138460295,1326705.0
2023-06-22,590.8027817755774,498.0858970763338,,283.76268557997344,1328111.0
2023-06-23,240.7572403491747,292.88987636053724,,204.7119505146568,534149.0
2023-06-24,203.3279768908768,362.1301442587813,,598.9691756214216,266968.0
2023-06-25,373.43311705304575,307.66462839665166,,312.42955417804524,1760864.0
2023-06-26,237.05019322054687,279.4526455447476,,467.207781005024,301508.0
2023-06-27,499.3537398704925,513.3548879983354,,270.6729256705221,349543.0
2023-06-28,565.8194655394236,563.7010777747969,,432.0914128796567,1543827.0
2023-06-29,373.60838908350354,348.0928742738307,,561.6139945818237,1826936.0
2023-06-30,303.4846568621764,500.5115697495068,,328.07246697137543,519060.0
2023-07-01,373.7613276026439,558.7981157457644,,468.1015904177437,229402.0
2023-07-02,489.3791271400004,538.4496842120926,,275.1614355193666,572211.0
2023-07-03,203.6216646321484,273.1253554156904,,449.9181594874901,930423.0
2023-07-04,435.78159579387886,582.5167526053445,,334.58014072700405,1240544.0
2023-07-05,445.3166739549516,350.670576171785,,284.4833034351807,506854.0
2023-07-06,455.0752987583742,335.6962644695345,,325.2728202814541,1401538.0
2023-07-07,296.80883199235086,224.97253091111213,,271.5364274031198,695200.0
2023-07-08,485.6210893512507,394.4694616419532,,560.7664431351532,1751191.0
2023-07-09,236.55659453271056,243.6054462563715,,358.8747545268516,1386880.0
2023-07-10,279.70813458672035,299.4159283709704,,298.1117219897469,1181741.0
2023-07-11,550.9880186617927,326.7770487069125,,379.36313640637314,1283890.0
2023-07-12,495.4892602906265,523.5305293966736,,328.2144667225982,406392.0
2023-07-13,205.4982216045381,550.1954601583586,,497.7677015253304,300673.0
2023-07-14,299.3505041479201,320.98652698458784,,588.4879647541977,1503198.0
2023-07-15,285.7625931972658,543.4792484978295,,375.2134626790587,673301.0
2023-07-16,308.322531214789,542.8923749479164,,544.4133599888962,530957.0
2023-07-17,299.0239081119546,505.8603801539494,,426.3452294238478,1027936.0
2023-07-18,225.0105182971383,258.6780456060726,201.5673499804373,262.8942660376934,1794718.0
2023-07-19,383.57620663872814,476.1291387602916,599.7842724238692,476.2490968325366,1957381.0
2023-07-20,493.09338991446606,578.0096258322276,520.9094788589912,405.37379885032806,312003.0
2023-07-21,442.69268988697456,473.0161915068628,514.6892058934163,460.24260930084137,1633650.0
2023-07-22,469.14866743923193,332.6467396431336,403.8904301152719,555.874965028666,711443.0
2023-07-23,232.4596714144957,400.2317269723325,320.026833162176,376.1738282624184,1598187.0
2023-07-24,580.5962840707149,458.2900173404215,260.5057137850704,560.4710492869423,235502.0
2023-07-25,535.3967335372099,404.2281634914015,313.86989553858547,500.267605712662,1835113.0
2023-07-26,522.0361273982651,247.98117669238792,350.38848877165566,395.4419703511939,1583885.0
2023-07-27,529.193522016707,324.8256178608083,502.5240387921176,441.2888542631855,525766.0
2023-07-28,573.0842032531045,520.958412221453,415.86471556126094,330.2324530076046,306951.0
2023-07-29,417.7015864454791,544.567218438207,230.99345062219308,593.4389198955097,395449.0
2023-07-30,280.1128071470504,254.9200130862281,207.2116035835649,466.9404652201584,317499.0
2023-07-31,446.71344314101646,580.9547009594899,240.93287181362527,217.538740998652,500655.0
2023-08-01,497.1525974671756,331.5290471394437,364.1994854789517,330.6487622992035,1691279.0
2023-08-02,495.16695734161016,464.925495492288,573.2771668196074,449.325773503623,275855.0
2023-08-03,408.5796096667521,500.7300583826725,454.96099248368864,222.53331111969592,461295.0
2023-08-04,227.3834877334312,524.7784938551533,520.7303599502061,209.5536765276571,1061480.0
2023-08-05,348.44517537205115,578.299880890372,386.5498378018194,380.009695811121,1641897.0
2023-08-06,568.3066433853429,325.16781921152904,344.6664332780171,333.076071877068,1809523.0
2023-08-07,433.7795639029704,543.4025818206218,243.36014908664907,375.3194432132664,1926486.0
2023-08-08,415.33277730228536,252.6747613744828,550.373208874482,305.0773239520021,125035.0
2023-08-09,307.5414057528774,482.0163625414371,513.2640116111611,265.8870987771924,1798723.0
2023-08-10,347.3795679666316,496.7910918055944,267.24723903909006,475.6573427921351,1239744.0
2023-08-11,558.1384356612677,471.08929648052816,404.9042255505042,405.8284465071202,1275242.0
2023-08-12,466.5852190107343,300.9258944540612,394.949923168498,280.0616844997467,1809717.0
2023-08-13,514.9548107009332,549.2172588060814,450.03662107461145,327.83577050399936,270237.0
2023-08-14,381.738169227062,267.543385348158,578.4747575965046,436.7231630653304,292062.0
2023-08-15,452.0988877824632,221.45391660833235,431.90857670499184,228.8917393089912,995247.0
2023-08-16,299.353443497283,486.98599624476486,416.08690671144745,258.98120370647183,198708.0
2023-08-17,482.1843321133945,390.1902860930935,220.1291731738656,229.29824164295604,719166.0
2023-08-18,371.0405334813349,539.6392079834704,225.1629904072096,524.9269330856475,1194042.0
2023-08-19,377.0182059258982,353.3588564233036,274.9387165307156,500.9636932848037,1178077.0
2023-08-20,459.7289298307527,267.3114354030851,212.9883086766993,501.3251727517029,789516.0
2023-08-21,574.5122485875706,534.5768769879479,497.3411582280049,486.5301373904112,621798.0
2023-08-22,225.6025386434484,419.56385265602864,489.3321215975852,467.7541694679477,1147284.0
2023-08-23,529.897294938803,275.67831695614194,254.4224937726572,390.79676615127,627107.0
2023-08-24,316.9532441648772,488.1535994345783,534.4315603181124,456.911265402846,1035649.0
2023-08-25,377.5677818025512,404.4454553958002,261.9144139384448,215.34462191518983,1289179.0
2023-08-26,208.7653315100036,441.725192896128,320.4702347989435,448.5857690627138,935784.0
2023-08-27,320.4184311337252,384.3593352826328,299.590759664546,511.1510822147509,565591.0
2023-08-28,401.0524970520522,531.4835935272026,348.92283942921915,400.14334415375606,556741.0
2023-08-29,222.4704309389756,531.82508627322,301.86550635598473,343.00533137089474,1568484.0
2023-08-30,396.43829175326607,483.7555287297545,395.5803705753808,310.9706939203917,900318.0
2023-08-31,570.844251543371,242.1605509585849,362.9631525418741,457.12082006483297,1900703.0
2023-09-01,242.15728724312208,535.5415447616276,594.6277963117307,477.1204794519635,728809.0
2023-09-02,505.77629123020176,468.4051922131639,222.37054005129028,548.387039945017,1577102.0
2023-09-03,363.86842135039706,478.8096664017198,256.87255055494063,336.9336329843963,161837.0
2023-09-04,462.0694858097352,345.19313616154864,221.130357563441,507.90892295423424,1449132.0
2023-09-05,304.09463919409177,551.7118224628027,450.3364779929504,424.5423296757352,524676.0
2023-09-06,263.7969050165433,490.148640093943,221.80371096548785,553.1345962712317,1800651.0
2023-09-07,264.1850457084906,245.0361866116777,534.5758949504493,411.1248433182483,1015913.0
2023-09-08,228.19677825725785,363.111213762465,404.77545227277113,407.0519313591869,1615921.0
2023-09-09,274.2586819604972,554.5521447840567,410.8030498326135,431.15083257636365,1971677.0
2023-09-10,465.6877539955873,218.8786806789516,424.6378030848777,499.72614205697374,1766924.0
2023-09-11,552.6762447374033,584.5666478568198,268.3254825224843,585.8761915313844,1672519.0
2023-09-12,525.6502742364647,471.6650273278251,279.07612124579504,229.42534168630627,1330745.0
2023-09-13,474.05372394979366,452.5503910573507,327.52692914920186,221.37384095640687,274289.0
2023-09-14,244.17274536444108,308.2237025951965,437.39856632874057,575.0201349629353,630494.0
2023-09-15,315.67497851838,299.51671549567084,284.0471103760858,411.95025020728247,1240445.0
2023-09-16,323.9227501289876,576.8232877954382,246.5326908533045,445.9612058267744,1881731.0
2023-09-17,299.9827785590485,319.3089816936491,588.0467545673729,392.9694406378916,602518.0
2023-09-18,406.0022638838892,510.20211868759975,208.7927259238492,237.46298104298967,1975910.0
2023-09-19,414.221525951869,357.24871928283164,521.0789621344086,507.2357513674666,684290.0
2023-09-20,342.7543900684441,255.7016283138816,515.2140598300089,498.8898580354348,1470544.0
2023-09-21,341.5156634945744,204.2861190781436,318.8856455380384,324.6813285971248,1161714.0
2023-09-22,531.4222391624326,417.7029348061003,254.25064640292536,322.49569809136017,1784961.0
2023-09-23,515.7171393278743,590.311527419573,258.25145868216936,535.1365523622073,741664.0
2023-09-24,323.11833267229827,347.6544775236818,478.972646894877,228.94290309653064,1115616.0
2023-09-25,565.5153775493037,342.87693359721794,457.1226364344695,552.4420593426264,1686532.0
2023-09-26,581.1260068010024,337.63664713977687,513.0982697005547,302.66467595836576,1776632.0
2023-09-27,330.6970168120164,408.2175349219434,574.9924689596419,437.1938991021976,509788.0
2023-09-28,341.76997951722194,376.2659533697174,476.7709453066368,574.3976716007111,1511440.0
2023-09-29,402.2536613687835,551.9658506908058,262.3406146205774,471.2490006146586,1895038.0
2023-09-30,576.4483250134695,402.20831668939616,297.37704670616426,365.7719249868146,1110391.0
2023-10-01,550.5277732569245,403.1031352754275,536.8774923492458,475.8136835621661,221741.0
2023-10-02,241.027185033436,255.34863788822264,283.7224303336834,337.5918545265481,1166365.0
2023-10-03,357.09229730856646,593.0958163641544,229.00892678179247,310.90336653967444,1482482.0
2023-10-04,421.3484758999088,299.9891563475319,481.3120216169002,598.6733111738719,748766.0
2023-10-05,401.252989020616,229.34562698384107,361.0105421960568,500.3160924719151,1012536.0
2023-10-06,277.5452271747571,465.2584995900836,568.0160210183615,457.8879909527271,849355.0
2023-10-07,543.5267084672619,438.14654806274905,460.10202843746464,342.1158572877275,1221220.0
2023-10-08,470.77631319873495,366.0582615970983,236.1675911166643,219.6643316620193,1238678.0
2023-10-09,535.1633499407214,368.8768935522712,579.1426269014643,212.42275041406225,335048.0
2023-10-10,543.5057117397889,514.0255684185724,303.4229054560984,421.67250217951954,1822397.0
2023-10-11,499.3423414662959,278.2850560398596,334.8849961625143,504.8130884156204,242469.0
2023-10-12,375.6842404998869,528.1013275779559,360.9041654734168,414.951676177542,762596.0
2023-10-13,444.2187020061698,459.4988455580073,220.4897185617253,536.3140287756459,1738139.0
2023-10-14,264.14616244789727,367.58790951180976,398.606168892242,213.3706132372887,1130664.0
2023-10-15,469.4581669899631,383.2114466335474,249.3273964301169,346.70083057037607,534896.0
2023-10-16,271.7013022957123,302.6588828744383,360.3881306753407,294.8281564696712,574955.0
2023-10-17,477.5798362040627,500.8457330787899,340.28391519683373,378.9091872628488,1633411.0
2023-10-18,291.8392643015875,405.14989692210713,509.13603337060135,228.95055727764893,944989.0
2023-10-19,247.020520060088,328.34181709993743,521.2682046530924,581.652656628429,1554388.0
2023-10-20,266.113796057183,438.4200463043801,261.3651529556352,289.30216042774435,932366.0
2023-10-21,200.7968540876281,598.2937808205293,346.6204749516905,568.9231101934339,1968399.0
2023-10-22,487.49584714141207,374.1049118626215,349.3412644127327,370.3572620146728,1288483.0
2023-10-23,492.9604196233517,568.2765603114478,260.56417757443404,594.2096533020872,867380.0
2023-10-24,405.9733399653038,338.0067359698264,519.3814020204762,421.62335338408434,1911888.0
2023-10-25,264.54512042215345,221.89308276999435,482.8913313341693,572.333145670323,1111136.0
2023-10-26,233.4217350042759,281.69684254737155,276.1527145188139,202.1395954776892,906495.0
2023-10-27,207.6515865749148,367.47805733107367,346.6887634375196,499.29552247236006,1028695.0
2023-10-28,266.2992707860883,287.8539714378276,242.3220099426057,561.2202612410061,219601.0
2023-10-29,556.3422139932586,200.0908152873022,451.2826388372176,255.88822679158164,885650.0
2023-10-30,296.6147366806727,566.0006150990109,248.54876981944787,238.4503406928606,381606.0
2023-10-31,341.70853088688625,537.5517644923716,594.3736674499671,369.8290428743823,688775.0
2023-11-01,242.1381937925333,496.91689259477886,512.2728298751449,573.4715624531741,941827.0
2023-11-02,288.9445218992681,267.1258382584115,356.09541983359804,416.9546240761755,1237862.0
2023-11-03,407.68982831208206,248.14543048399443,431.42557291174177,410.9825854886929,285141.0
2023-11-04,443.10107323826105,227.0418997889533,564.5367264865636,256.4504473197288,1174842.0
2023-11-05,298.1409256664844,489.6116755091685,421.6397121583304,200.3158044372875,979507.0
2023-11-06,223.0928636900469,571.5231842751541,269.7993945591821,524.0560362981845,1057255.0
2023-11-07,356.41314765095944,372.2143283652148,351.4813422324637,235.0298251944953,493241.0
2023-11-08,293.68134837053367,247.6562687984193,537.2579460118982,453.5399274941296,1618172.0
2023-11-09,287.8215692919208,404.9571282928426,457.6852063958472,565.8465818060765,1259672.0
2023-11-10,583.9451210853821,339.532762983452,460.2897537335201,283.4607652633724,700202.0
2023-11-11,446.5201943702896,349.9299697399991,546.7285942753956,466.1091344947643,987912.0
2023-11-12,422.7513772688384,448.5322496622829,557.5892229850019,231.47943068300376,992036.0
2023-11-13,366.31004140932873,487.48724530488096,567.9170287117745,441.5020575350452,452154.0
2023-11-14,371.5777333720577,244.2414395492644,237.93967730126244,265.57268838128107,534983.0
2023-11-15,416.3620015352324,214.23609232259057,417.6504007852403,494.3814242060712,231812.0
2023-11-16,478.57192281444287,597.7321210742859,496.2038084873274,320.4925179175633,587787.0
2023-11-17,480.8584384727318,293.0913395662208,502.7707380508055,385.3564035218585,28382.0
2023-11-18,268.67756308217986,221.5322099633836,442.6864807880015,439.7722168110487,1854243.0
2023-11-19,400.0451008306508,275.950131638368,266.71493407346964,268.5093642664958,722583.0
2023-11-20,364.7832380136408,215.5831385393857,518.9682215766657,496.6551274470484,1711302.0
2023-11-21,548.2107865077537,356.72435784686866,488.0445334059783,321.05613625472586,1212115.0
2023-11-22,452.56756848735057,520.9607137805297,234.4543086196145,464.9487439651014,457532.0
2023-11-23,413.0016265663927,336.49777990308826,385.5239298697505,263.31322027974943,1428188.0
2023-11-24,246.1578568715669,377.6733627513466,269.59095980872144,475.2470636825401,1060340.0
2023-11-25,442.25515572936456,470.23470942697554,334.9908182851888,251.2752291241847,751256.0
2023-11-26,246.88156227209336,403.5576280279521,207.2324368822742,370.1425985079935,1691695.0
2023-11-27,334.8826302263008,544.5782744085298,360.1319473643033,298.8824294955507,66836.0
2023-11-28,257.13678592573274,546.4142700183027,419.9507684624842,499.35009977127305,1347643.0
2023-11-29,476.8294588097476,203.96427819646144,447.8330371308347,304.81400180274983,1308609.0
2023-11-30,282.50084553446106,511.21852259327966,465.39613805148406,552.6869225581585,1935719.0
2023-12-01,356.7437492752104,384.2934400966696,534.516525240984,556.7280845626451,21292.0
2023-12-02,558.2699110475114,595.5362165214652,286.185162910292,278.57652608911434,916345.0
2023-12-03,281.72655335958814,393.2928303501741,248.1927289753872,445.53837800308975,1972694.0
2023-12-04,403.1220255835117,594.758378155319,540.6148687591702,235.0870566879857,1336659.0
2023-12-05,367.7086644664088,501.8277444822946,262.64512595706,356.6148398406517,1297348.0
2023-12-06,207.2496164182919,299.44195384532253,589.9040325344781,485.3286918005089,1072376.0
2023-12-07,517.1032454291251,415.3579917147831,537.0152917594548,463.7692987399665,61440.0
2023-12-08,227.6183625258399,596.8542557914332,400.3506423558397,449.8802677626432,421462.0
2023-12-09,389.70200839078143,543.0122431007694,592.5685699688102,313.01634546497746,656809.0
2023-12-10,424.27131797558,238.94675751648845,238.95069164320168,351.2099797737608,451021.0
2023-12-11,451.3705826458348,482.5487987239984,321.22630447004065,241.17845788011448,1052568.0
2023-12-12,475.4526517231502,338.2318343483252,455.2897660162446,487.6091281734404,1699191.0
2023-12-13,301.30895340908603,202.79290475213924,340.00274738927146,401.55551871650937,1627512.0
2023-12-14,203.99151066337976,361.3923876107998,571.3490207923167,483.5062529382618,1955200.0
2023-12-15,489.3774649419648,293.9017686899885,226.25043527112703,299.57740991874914,455067.0
2023-12-16,414.2626397390314,527.5477082081886,419.7647328243858,329.7752914540265,360642.0
2023-12-17,534.4470812828995,334.9322435383062,436.3465069580458,333.68613490404584,821196.0
2023-12-18,528.5553451602777,531.0094775815269,461.09124951088967,210.29696389888647,1872478.0
2023-12-19,537.3304671151533,200.2391755339181,302.26648933272577,336.41914913224946,1834024.0
2023-12-20,394.037863991816,323.12766001044764,345.82657100794574,521.3218294072134,174573.0
2023-12-21,333.45135833474626,296.4660857231048,537.4722118659911,558.9193982998954,1110783.0
2023-12-22,516.623281036548,293.4269444274444,277.9771075880639,407.287326254371,1115733.0
2023-12-23,380.517645211702,227.27464790618507,530.7471388693448,382.20067808768806,1187864.0
2023-12-24,273.3768785613738,274.8497081642007,425.06216916109696,212.3298474797481,1731008.0
2023-12-25,541.9896078245897,422.219827954248,504.8750044776328,551.681735034153,1147354.0
2023-12-26,553.0239507089389,316.5444291350978,485.4429465053886,205.20408537034908,135016.0
2023-12-27,386.5239024560681,366.9579129316592,283.00459815395163,577.9000320840847,1702152.0
2023-12-28,230.279890923915,350.7467521388754,427.5250945735492,395.68649947523625,173204.0
2023-12-29,355.1304359667725,550.3619699999579,547.089261122037,336.77379742989064,1164149.0
2023-12-30,521.4150637850414,562.1195996042062,372.8464947207717,569.687373937064,125730.0
2023-12-31,560.7096114184915,397.182788662344,586.6363080893267,209.75639724403868,1988941.0
2024-01-01,281.3890969990383,332.0623801262417,380.8860400406873,432.56995794763486,1117762.0
2024-01-02,226.78944481010865,242.72028160094544,257.1142546671539,419.573009799735,510349.0
2024-01-03,550.9401812531355,581.3611517528379,355.7738720310693,287.72816048455286,1844968.0
2024-01-04,355.76197559155014,224.09077796011897,580.6809625562148,371.5549725400842,23781.0
2024-01-05,416.70438570702527,319.0601110273122,327.8883397359417,460.9056023775081,1291253.0
2024-01-06,587.2263248203035,319.2264804680017,547.2392639468251,490.852478752771,262506.0
2024-01-07,226.62589116568915,328.16051445608593,552.500272672756,200.28674348263192,1084702.0
2024-01-08,459.3272029808383,265.7147373089637,340.07460973278444,574.7413720364061,1291793.0
2024-01-09,229.64216902994684,513.2645723694789,233.30306322025285,265.81014895712497,420794.0
2024-01-10,350.1875713866001,248.99914478639568,489.8231636635273,293.4321736889437,1569050.0
2024-01-11,521.5258180773787,453.9626636612651,324.60491960559443,305.3893782775393,1946042.0
2024-01-12,373.38889310225375,249.53841068232697,513.1694457030289,215.1280546208141,285027.0
2024-01-13,598.8729415611801,228.21425503718265,377.0619393041733,249.22084943613,559070.0
2024-01-14,423.62371397864086,563.7718014743506,394.10669693704864,594.5399691776648,1372107.0
2024-01-15,328.4648610543814,276.0515065274823,511.1637626994148,326.0866949509144,1725915.0
2024-01-16,288.04453036190125,528.5000618238817,352.9453324246512,246.1204361356197,825178.0
2024-01-17,340.2082137144647,417.8523484428544,377.2509381291658,242.7965044698493,266161.0
2024-01-18,349.0133095038203,231.14260784350785,350.47618750784886,487.78398706798873,71266.0
2024-01-19,227.4854710895844,582.179276575227,346.936206110912,541.8274656130563,529344.0
2024-01-20,347.8296797707093,298.784466796757,410.37863076058375,302.780919803388,1347177.0
2024-01-21,385.69540789569,543.8581381410427,523.5197778004604,208.363804934094,1449035.0
2024-01-22,489.09510089552185,267.5240023138257,344.70732476902634,289.2360073781423,
2024-01-23,462.6917938886432,541.5771528567411,409.7018882150946,222.60627631870287,
2024-01-24,483.5062620916617,205.2915251621176,468.2909301770403,241.3579746520166,
2024-01-25,203.34547275074283,404.7121826277922,307.77577852146203,372.6032479390569,
2024-01-26,287.0669598322144,507.7770317686228,311.00912196095703,291.96734834465303,
2024-01-27,464.6737153599426,573.9182069971133,573.3652508093819,406.3783514101693,
2024-01-28,393.59574727189886,563.6808544825949,489.41382933243545,301.3975013028761,
2024-01-29,202.1253902673384,527.8499478190579,430.87467048932353,576.2149204411791,
2024-01-30,521.7978569727289,555.2765398645216,459.0880217682448,562.3775871705059,
2024-01-31,509.12382931613496,279.6878743348306,211.71977724136727,426.7224420041864,
2024-02-01,419.367665197425,313.6737182846915,447.2411862246788,341.76959679495445,
2024-02-02,226.58533031050885,315.5874099684234,403.8035492896808,352.4587528138942,
2024-02-03,506.60601981303387,350.82157240067954,418.2998719117743,364.7409132577988,
2024-02-04,433.4854350925456,357.3282681540755,343.76953073232687,491.0317288539776,
2024-02-05,512.7839908631836,417.82212986187017,232.5895590851768,380.6555982075352,
2024-02-06,500.6987969583362,263.9519053465765,277.3356934448209,542.691978602359,
2024-02-07,521.2008287831349,476.4986655143957,580.2978852850687,577.6379143721458,
2024-02-08,407.20322656184993,267.0266157218026,363.4798249083736,334.37846135157355,
2024-02-09,256.129807277406,324.123392841819,386.6732623323456,424.277792550272,
2024-02-10,468.4629893518755,401.3380522424616,221.0839159413756,238.02261473302576,
2024-02-11,448.1895140207882,518.5762246093909,215.02649181759224,280.1876191065436,
2024-02-12,496.90127487963485,495.7876932954909,486.8725788187031,365.386306684064,
2024-02-13,267.9524024202941,458.2137425642089,415.2378656484445,282.4810863607115,
2024-02-14,277.9900799601157,262.3093042320681,403.4823936865066,550.6241963154871,
2024-02-15,556.1638068877314,418.8181382462311,297.24981216906747,263.3145024236392,
2024-02-16,499.9911193808283,234.9786007199542,497.90029265196887,382.2643286212368,
2024-02-17,563.2913954801292,350.9452707186603,267.2946316433968,442.2796961839503,
2024-02-18,503.4861284655683,365.4066121159837,275.973897464408,476.74556326433776,
2024-02-19,438.8621223961208,215.92457577830152,384.2848685393102,353.2277478906027,
2024-02-20,461.6530948111495,309.5952397879887,314.5119448447764,547.6396274898914,
2024-02-21,555.6511695760039,582.2597869065958,298.9851924932585,427.3276604311702,
2024-02-22,431.5227018047762,581.4530431318758,458.0950578213327,375.80311217902073,
2024-02-23,452.956529731355,340.9308217010157,460.3886980874178,226.89625362081463,
2024-02-24,262.5906864014402,217.2400435793296,529.8068279199717,385.875787378066,
2024-02-25,389.5684880464411,271.6379757312726,367.0834267891904,528.2943363262921,
2024-02-26,486.5588447832396,356.88711737341606,229.2340364104601,445.8164072885262,
2024-02-27,308.3770793265461,579.1118791876919,309.46655396858307,532.8649814916473,
2024-02-28,280.901672209814,256.479625414874,592.0021852787268,397.6046682397223,
2024-02-29,325.53072328976623,505.4063374672849,438.5034300930809,247.3846820377928,
2024-03-01,296.6002511971334,243.4730157498768,483.8948339204081,205.4559383343524,
2024-03-02,285.9650548145584,592.5030309565107,202.94313185016583,321.28781868743647,
2024-03-03,369.9403371472348,352.646599643654,407.2822928730084,479.19618859911697,
2024-03-04,563.1354055534136,510.0938155596224,215.01146301272124,516.1039615766775,
2024-03-05,402.8238586954873,337.03643312445274,427.6920848365792,318.30113384813177,
2024-03-06,275.1681523261292,451.0675508635235,568.3083398544302,398.26156835329886,
2024-03-07,230.7886677523496,276.8064338960147,587.3676522001631,368.44756177363263,
2024-03-08,478.4624580551701,258.40840771878504,416.2210701555697,364.2091137405712,
2024-03-09,353.11950577455514,575.2256558272525,383.2819221008864,292.5394852800602,
2024-03-10,528.7323786341437,567.0589111617734,578.0068376993976,254.5484420117833,
2024-03-11,463.8043074563081,554.987576085153,469.443932798678,278.6754232924852,
2024-03-12,518.4965802165474,450.1733800666374,225.9597118153638,222.13295486533843,
2024-03-13,308.7784157673795,523.3072844865113,386.290231066999,279.2522967294308,
2024-03-14,476.9435689844232,227.61477476455,296.0980073857216,203.6803590501518,556566.0
2024-03-15,305.6247938774875,333.9156167562717,387.92172857947264,450.9033602543913,1717208.0
2024-03-16,575.6273917801166,325.4812499028625,382.1862288025447,326.5501629550731,1564284.0
2024-03-17,454.54971261334975,454.2581287810453,432.8579211258968,589.2578845707635,1051417.0
2024-03-18,329.8047200701368,342.38310938825623,342.7081961397005,277.48682031051914,979687.0
2024-03-19,307.80474491690904,259.4027126574723,265.7081797823712,338.33142812383755,1414893.0
2024-03-20,276.3706340286574,438.5868301654175,401.4877738359825,343.1364634566133,829726.0
2024-03-21,477.8563835574912,525.7535682676325,532.0811537383048,203.3805984249842,1651141.0
2024-03-22,287.4862451991709,352.8493977839893,465.6048912270409,535.6831812157836,985013.0
2024-03-23,438.1213063709956,252.9074860393927,335.3471463700863,212.7977840577299,9694.0
2024-03-24,305.85401077014296,278.6752789251292,574.2092091035429,576.0719338916965,587438.0
2024-03-25,464.7875779175474,294.9933220677536,564.883028499673,556.8297404374482,1645334.0
2024-03-26,525.9758914162157,319.9590371978145,283.7393597536395,414.20876643438544,550844.0
2024-03-27,511.21009725786126,457.1180282025237,215.7670340481452,417.4382299645168,1249119.0
2024-03-28,504.3405323723127,440.3781938150876,496.5234833403049,461.51116918246254,578374.0
2024-03-29,275.0889622769008,478.43194462681566,531.0441045396612,354.8200047739548,679267.0
2024-03-30,235.35397879380747,345.00079381260525,587.1458263805421,458.8889133591422,777687.0
2024-03-31,479.57953139495424,529.5990607519914,555.9345576353243,217.90735547539475,1233135.0
2024-04-01,347.3388855177405,281.6350644623041,440.213907282566,221.61905093989063,1991373.0
2024-04-02,372.9384905613389,387.6162990072616,412.0209356849523,382.89216784781775,1034621.0
2024-04-03,212.45963711735644,520.375488616572,211.1364205050345,419.84892044241394,628756.0
2024-04-04,303.83057971001966,272.0634590930477,298.66257873791113,555.1270561343276,824819.0
2024-04-05,213.4705615497856,243.9452454963132,383.84590069317056,241.8642535631585,963254.0
2024-04-06,551.6743090404991,553.4735870751958,451.40156003342713,529.0591708775557,1646466.0
2024-04-07,297.3586732874122,337.1718651036784,422.90073332736426,284.01893491682785,1992336.0
2024-04-08,422.9348678292032,473.5480499636128,497.0543958726762,357.63345940401274,1029446.0
2024-04-09,215.59172826445217,210.1394417055754,311.9067723548163,326.6409739309652,1547433.0
2024-04-10,466.7389565222632,476.0187553637799,425.9810430609893,360.0621091461596,521304.0
2024-04-11,329.21093830163755,326.44052461878823,235.25689735631687,260.19819922903423,928098.0
2024-04-12,559.1676747830663,222.29634143497668,365.4662094332828,401.428029761422,1580324.0
2024-04-13,555.2472755736144,443.9251046192468,500.0643331818404,520.6570359325469,77356.0
2024-04-14,330.1162473446991,296.3215264292693,477.3603413716176,376.6136041515588,1894706.0
2024-04-15,560.3843582761872,354.722896820752,596.2570948688716,396.2454303592796,264925.0
2024-04-16,598.4630693995116,232.23232491460544,311.1564503951024,539.5070341125256,1941754.0
2024-04-17,530.1662656495791,258.86530043797814,399.2757196695917,482.4232458552123,1594055.0
2024-04-18,537.9485391020917,319.1908941983375,331.8121655095987,396.1817634079139,613919.0
2024-04-19,299.60349444363595,235.90380022406285,376.2412456236699,303.0782592756719,250702.0
2024-04-20,430.6809595431025,564.3305058745261,542.7800519477553,553.9706987379866,801961.0
2024-04-21,226.9023655869472,202.41881727359137,473.68363007539466,430.80816067622334,37175.0
2024-04-22,237.96717472866789,393.54408754572455,552.9764765390327,288.45904404427733,1333395.0
2024-04-23,599.5570448133162,249.2989832530206,281.40444333275457,307.64790105520416,441374.0
2024-04-24,330.6556997703644,323.0716357911794,549.3444471365751,521.2532355744984,838230.0
2024-04-25,499.27356481953854,570.4238239273062,223.9049096713537,217.6582248349821,1910918.0
2024-04-26,522.6660212107265,264.6778213095947,555.4397121748609,596.8368748115281,1446120.0
2024-04-27,543.2093084028917,586.332927887333,331.62951178429114,252.1406718859167,1734912.0
2024-04-28,599.0513189608625,282.3177507957687,325.8350533656266,518.4274101587749,1772052.0
2024-04-29,296.59859410274714,496.6264433867318,404.8354306794656,357.91012670867315,345822.0
2024-04-30,216.14033074387987,418.6709059589247,576.2760750892927,396.88647331498674,1116397.0
2024-05-01,364.4766071978344,,219.11254587256207,,515559.0
2024-05-02,252.0322679315788,,340.8923900282981,,1065780.0
2024-05-03,208.97035566482205,,542.6287954733343,,978169.0
2024-05-04,344.17073085659445,,358.4217909741867,,798826.0
2024-05-05,513.4953004300946,,279.66275903882683,,251464.0
2024-05-06,426.4722764900283,,369.9176725325647,,856246.0
2024-05-07,325.11119568414165,,354.2210005966677,,1087169.0
2024-05-08,461.7368021970879,,566.1664805866814,,964468.0
2024-05-09,292.8072721235243,,504.7737502972389,,213260.0
2024-05-10,205.752578428834,,402.0462222976025,,120064.0
2024-05-11,505.74135457457095,,595.3482266886284,,497492.0
2024-05-12,449.4972339456036,,386.1110125103693,,58365.0
2024-05-13,504.921049800384,,223.2951323281101,,1818508.0
2024-05-14,215.57520667506623,,304.90972872599394,,922947.0
2024-05-15,534.8478511322609,,374.42819208772505,,1274087.0
2024-05-16,447.8104800145213,,262.76104965844803,,1545850.0
2024-05-17,425.358140285056,,579.0260505296171,,1474972.0
2024-05-18,449.8456192458126,,506.73955912710926,,1533447.0
2024-05-19,545.7732987473456,,307.31488017110905,,211971.0
2024-05-20,434.7746026235628,,436.3218134071664,,966169.0
2024-05-21,432.3801519552717,,488.5796628438288,,108700.0
2024-05-22,596.2716628263063,,576.5115715627192,,364221.0
2024-05-23,502.6920668274272,,552.6541396701643,,1450257.0
2024-05-24,376.9175221804541,,406.0768904552855,,73247.0
2024-05-25,482.9588000131711,,509.86104791720703,,1236207.0
2024-05-26,355.69218867671543,,424.857901531034,,161270.0
2024-05-27,291.5501849933996,,421.081556018216,,846172.0
2024-05-28,438.74075075510376,,245.89678333527675,,158560.0
2024-05-29,571.2728392455806,,250.45506320646084,,1747451.0
2024-05-30,571.6558080061851,,411.81344600898296,,1563203.0
2024-05-31,336.7621112421961,,307.54461799160265,,1011648.0
2024-06-01,411.070986488678,,208.41476098418747,,1343618.0
2024-06-02,284.6543594279445,,489.1356815600849,,1448711.0
2024-06-03,598.2524437995534,,212.994638676066,,186142.0
2024-06-04,592.4471631471743,,438.1107364416218,,591901.0
2024-06-05,459.8035718829789,,415.6775176509258,,1150283.0
2024-06-06,521.7656238709894,,587.5258762311219,,378921.0
2024-06-07,486.04006451348,,393.68525573905663,,1008639.0
2024-06-08,437.2632876157873,,225.4405745511189,,1005005.0
2024-06-09,221.33919879555907,,420.6751871225847,,52003.0
2024-06-10,381.9057370210644,,536.4384682464406,,1626342.0
2024-06-11,469.9145208669642,,598.739713712576,,412650.0
2024-06-12,471.0126455534739,,372.13726947562895,,968750.0
2024-06-13,349.2490473689534,,328.119496998697,,1483441.0
2024-06-14,576.6767946632121,,562.6613187807995,,1636894.0
2024-06-15,266.9428128947124,,276.49685163044853,,713421.0
2024-06-16,400.1437784862243,,446.17156601317066,,1448791.0
2024-06-17,476.3535906203291,,362.2857696723791,,1199497.0
2024-06-18,478.8543223567237,,216.4329459822221,,1523231.0
2024-06-19,459.4555827075262,,338.9153897222791,,775448.0
2024-06-20,310.11528538074407,,306.09140900106985,,1559796.0
2024-06-21,262.4826274746488,,474.4364615773948,,844232.0
2024-06-22,454.37613073068434,316.7644693991229,579.5161990767672,251.5915631708661,796877.0
2024-06-23,439.72084645577513,499.4434834327329,307.2188749514551,387.3844948348346,1726976.0
2024-06-24,271.7424041156964,393.0404942646082,524.5863756606727,439.3224302784075,513524.0
2024-06-25,482.05565822822535,286.4125761572289,222.1439267753638,212.38824136900405,1840254.0
2024-06-26,382.06879669346256,586.908476148119,415.2484040159253,309.9582633028351,1084729.0
2024-06-27,467.1042366412612,486.0500079267552,228.22002548395784,213.1199497107584,1845220.0
2024-06-28,534.9468319080603,582.8539330159185,573.6131964522558,368.1341556781996,139411.0
2024-06-29,267.89137143076925,370.8420181441373,506.54051222295607,558.0400116264977,585526.0
2024-06-30,207.65794719873463,390.0401362766882,463.1799644818369,593.0609645974278,417610.0
2024-07-01,511.6410345583147,559.1820864740077,529.5585526498658,454.819021401451,1369591.0
2024-07-02,443.8789700610464,410.0197360981539,459.0079182280653,264.6550775138367,892104.0
2024-07-03,479.8558278488487,482.9115647622669,587.5777588697165,562.3397559997222,1524514.0
2024-07-04,535.261989995457,300.869150998212,485.5831791459086,406.4991292800242,301751.0
2024-07-05,521.1243739298002,378.6905874810562,569.8634438328987,261.4997248411672,57055.0
2024-07-06,584.3680587715298,249.37994632414205,406.8527568042553,568.6906677806646,1158085.0
2024-07-07,414.3740315408473,282.3920143507847,246.82576519274505,502.9876202892412,1189043.0
2024-07-08,395.39825306396216,200.37736610705244,411.2710885692069,492.6821090892606,656666.0
2024-07-09,360.754879956292,215.7060206594641,250.7491312252373,483.67228151776186,1462082.0
2024-07-10,261.47641713768184,590.9135292707717,436.997391670562,280.1359284385769,1141263.0
2024-07-11,429.042893152809,296.94147805470493,392.9972242110652,284.40267668301044,1380798.0
2024-07-12,310.80500973039153,465.3242838016008,449.0301591331127,475.317199370902,1450483.0
2024-07-13,568.5230048851902,535.6398795198446,204.01879242193263,287.88910004415874,405686.0
2024-07-14,433.2763217108391,420.2641836946257,277.9361966621457,375.46867872121953,1974921.0
2024-07-15,437.13607220324405,261.2578000335825,396.5321727648524,512.8007302375765,1156228.0
2024-07-16,341.969864350804,491.24657493446654,580.2014246356539,513.5810072391364,330341.0
2024-07-17,220.795740791083,440.1005640398332,353.4436161420634,381.3047090103439,1633637.0
2024-07-18,212.69750614919545,492.5002357389501,369.74881042145387,516.875975310098,940280.0
2024-07-19,369.33405766127896,507.89864914283487,485.8784356026489,535.4487184792226,1573422.0
2024-07-20,233.8261512388952,590.164147073898,441.5171029144472,461.9103005137041,207668.0
2024-07-21,442.73878221605565,429.425312010684,319.5704600393333,291.3703409233681,1958951.0
2024-07-22,552.389202255863,336.65644507624074,364.3265582269711,309.604712154219,1605448.0
2024-07-23,553.1659266074889,459.3858227600948,287.079919542893,325.9364621634941,1822765.0
2024-07-24,463.61816405289295,227.37628369705044,586.4085836520834,246.7216430935808,1451092.0
2024-07-25,284.4927325891724,558.9589273286344,252.2537526229439,309.263848147978,1843346.0
2024-07-26,545.1987325435489,247.7524045352787,348.73471382656777,283.80768972501284,1116177.0
2024-07-27,554.4373741252832,331.1371351543273,210.33558888800448,382.13149992344086,141559.0
2024-07-28,278.66143398118345,526.2981522504483,288.71179677341854,563.375019148906,41282.0
2024-07-29,494.9704343082709,438.9249513322848,512.188455352062,241.79212670158324,1279713.0
2024-07-30,314.6078195708492,357.4542081109768,280.4700929155518,488.10716957895823,1431167.0
2024-07-31,521.0561249411719,389.3742637500086,232.02536101158623,474.9132017652511,625086.0
2024-08-01,598.8951599614411,541.8189572808722,389.7812719378093,238.30167946534303,1708827.0
2024-08-02,212.0104021317572,336.00175442395687,203.9876938938074,569.02896196232,1948619.0
2024-08-03,558.9463463163727,547.8598739248685,233.90646177053327,427.38888086272783,164876.0
2024-08-04,449.0522134394632,235.2537723906766,523.0503478251901,345.49020845427367,670275.0
2024-08-05,589.3530476659284,510.7193748834523,508.58933794384257,502.61543339812266,1326878.0
2024-08-06,386.0038070105711,539.0190532218945,566.0555281619584,302.9461833606536,210229.0
2024-08-07,538.9551722285495,272.7270611349355,541.8061743642997,477.40393481852817,15547.0
2024-08-08,224.9576274393109,372.13861294888017,473.2702252959272,215.8844830288989,1404433.0
2024-08-09,334.1116200313183,266.19990986546225,220.9331429202652,535.7632150437088,1034293.0
2024-08-10,226.806615100484,482.6416515976871,513.139447194663,379.2683388085274,1318179.0
2024-08-11,590.1372533916283,414.13910722466267,538.2043243362242,454.6771657431767,1999848.0
2024-08-12,526.7895629087348,454.1293386833284,519.6328583087818,288.4951279226735,68146.0
2024-08-13,541.0189684983882,278.59478678248445,403.3916141232104,470.8294850633792,1419297.0
2024-08-14,575.1860925735577,284.6983448209678,293.16073545979265,508.89611035731065,637049.0
2024-08-15,234.0413944479141,216.5989302039625,538.1319902754907,389.2852747537595,1419447.0
2024-08-16,354.23903700533333,328.8270140782919,490.86512389605537,447.0907696247177,1366180.0
2024-08-17,228.41395561760083,423.89786453346994,592.3044697555406,382.53036952895945,87970.0
2024-08-18,284.31724062001143,543.1739655989315,262.2770391023732,557.6365477031381,721177.0
2024-08-19,291.7463108150689,466.7709789834723,290.265833220822,399.1476722057277,1222895.0
2024-08-20,387.6428844190315,374.15852935990057,284.7192599526011,536.7234836115276,544707.0
2024-08-21,307.42486698145706,581.2480457576551,517.0159070485347,520.5408233080994,1023057.0
2024-08-22,240.39124272710444,487.6980802303327,274.76291858004726,364.2019285393426,564865.0
2024-08-23,266.9964356376431,572.06608114502,226.66393192932244,292.03379674299003,1056497.0
2024-08-24,258.91022542083635,411.0351893088663,599.4243226342514,362.4328530239084,927180.0
2024-08-25,589.2307191649193,303.5617099172558,209.92688457805968,530.4869503100881,484177.0
2024-08-26,503.71700276738943,221.1306745458888,534.0976240635463,291.05301432775696,1023225.0
2024-08-27,587.1045861078248,490.43394059354017,346.1467366202611,409.7745383430997,1496476.0
2024-08-28,375.8961946031634,248.5211992022137,536.646183903126,522.4386991842989,149535.0
2024-08-29,311.34739266506267,321.11005130878686,421.848196484458,341.39099005135154,526317.0
2024-08-30,519.3172788836746,412.98836315355896,560.6524917945441,456.8838548010789,1734410.0
2024-08-31,330.50156721645874,425.7666351118991,570.4771945658506,298.2526296195258,1880943.0
2024-09-01,319.7533494821393,440.2332787948544,203.6392725123104,243.711778147264,654822.0
2024-09-02,293.00239688313246,266.50213213988025,230.1648703971153,517.7536900371425,1513797.0
2024-09-03,251.87159128969407,351.89496192865954,300.1434918283422,239.5874493634828,1834736.0
2024-09-04,302.5852244067064,446.87769084678666,467.72616654540064,308.5525580318338,77828.0
2024-09-05,342.12789938955507,587.927545853514,555.3088786046023,542.0437687989761,652937.0
2024-09-06,469.59768325829214,491.0524550798755,383.9767805175851,338.5877148314669,1013449.0
2024-09-07,225.02593688778063,569.0415028375832,442.7892465097062,589.2181398056645,1404782.0
2024-09-08,284.2027758661372,504.8848233256708,275.39994111822443,591.8937339095439,60152.0
2024-09-09,523.6094561166706,436.6867875569602,521.9867335526742,307.31040818142264,1273649.0
2024-09-10,258.7687694335083,276.8093476545378,586.931244541388,216.39128889995607,363635.0
2024-09-11,337.05805860900864,466.6742607570053,307.43957316583896,482.0253136821517,228393.0
2024-09-12,545.8635687432561,449.3518263839628,397.9303806402185,380.3946010593375,91569.0
2024-09-13,261.97012445737704,440.9876681829066,234.44644420254951,240.30113758383047,1912475.0
2024-09-14,233.094734247276,395.9143471952963,423.65466258518734,483.0091275912171,989131.0
2024-09-15,393.81519803200433,411.46264159571024,401.1133767386722,212.46996364476848,686132.0
2024-09-16,320.96780451141456,333.7770108472416,257.77459366203107,548.0786761968968,1463155.0
2024-09-17,425.3633457935416,407.7250770569213,376.8264852472301,255.4610116453215,688850.0
2024-09-18,521.52195619339,279.02236227139133,333.6418608346253,250.92475149869,1505796.0
2024-09-19,254.8593952610973,522.0697589441506,408.7323501220757,270.2689191874338,127537.0
2024-09-20,432.279633821714,274.3107818794831,434.26173417151966,584.1065433968266,58806.0
2024-09-21,402.2035041559456,233.98651595578656,203.3982314428838,477.2677441015384,1971340.0
2024-09-22,257.63151440527986,374.498410542863,504.4023931798221,520.5486141854547,1653856.0
2024-09-23,449.599394211593,463.3229758024248,485.2057167446963,359.0539942931012,1338040.0
2024-09-24,309.45616714430867,375.0867299734165,346.5145544826089,334.5250910019822,1394691.0
2024-09-25,395.133727417605,310.70165278052343,221.1743742275273,293.793602713268,1836716.0
2024-09-26,232.9089297108248,423.26847355617633,501.97301591402015,392.2592113249636,1226793.0
2024-09-27,383.8336228854493,338.80093416488,582.070064191253,420.7314934136674,1248336.0
2024-09-28,322.58538721712813,573.1470760506533,296.0606384088057,452.7099374611022,1364301.0
2024-09-29,528.9524844741418,569.0580558414288,329.4098454948152,302.8474015994778,1015065.0
2024-09-30,222.7914907989473,400.9487279888382,273.525155792726,579.4616323611963,885077.0
2024-10-01,367.442909967332,331.15359760730337,430.77444933793583,267.9033992828544,550042.0
2024-10-02,383.3725696525752,494.85296558265566,261.936557858982,586.2612699065648,74837.0
2024-10-03,490.0024305196475,214.68517739322667,342.4775773845517,205.9424490030015,1716143.0
2024-10-04,429.7150300360844,389.9076024174605,478.8052055737052,392.4502767267383,950424.0
2024-10-05,466.8849348776725,334.5293577081334,424.0463932037394,333.3471352466251,223811.0
2024-10-06,510.8197142607024,568.2143540410218,354.5850257311741,379.6493655721004,1963754.0
2024-10-07,544.8811894632755,204.801210909073,368.0998407230168,428.2658315923157,644068.0
2024-10-08,325.5501986889882,421.1259502873396,424.84435304929184,374.2356632050836,616369.0
2024-10-09,415.2090821455612,496.2654324266504,202.3458911548645,365.938740120638,1864024.0
2024-10-10,536.04323137568,394.0071950096165,231.403947381444,493.0893661653226,1019138.0
2024-10-11,595.7804523860226,234.16121206508865,552.5032271052046,474.35051003458585,1376242.0
2024-10-12,555.8077244175053,588.9845560111609,231.1515956365163,533.3085128143391,1571023.0
2024-10-13,348.5869050497507,407.2041725504392,482.72143848420205,299.98359249579823,1960904.0
2024-10-14,278.0666068874602,445.67449772760455,568.015265643621,443.8114039016255,996596.0
2024-10-15,395.7570149626355,294.64391308300293,308.27344172069246,434.0779141571416,1165675.0
2024-10-16,496.6565807344169,393.3992340427216,348.1965748238057,347.8951243490755,1729038.0
2024-10-17,397.0276283013191,371.6597967833287,427.5685623378865,394.4230167610724,1944437.0
2024-10-18,393.2723453254674,229.9583368007935,552.6835878554339,325.5128573222915,1841932.0
2024-10-19,535.2921684327202,242.46414141898688,576.762234904168,256.73775904679405,90015.0
2024-10-20,344.56151162687456,534.9890078475098,495.8252992445072,285.5204842650932,634275.0
2024-10-21,543.9178699246582,295.9279808826361,234.6479043418776,242.20545856048045,583621.0
2024-10-22,362.7219203806894,277.98330859945224,467.6616622139403,473.22783007604966,1793394.0
2024-10-23,331.29324227133577,401.9645805000557,364.1214887490648,464.2909572436606,1046680.0
2024-10-24,381.5959644798796,507.4988525450052,388.2803997964246,580.2425486319491,1230747.0
2024-10-25,504.97878346994736,224.7786074315952,219.6593561380708,491.8713654588965,717706.0
2024-10-26,250.4008111455977,430.7231678553024,276.4248557385433,220.81833550245256,655660.0
2024-10-27,278.56768634880694,247.68417713622927,516.2054430134591,553.6980695715818,1784417.0
2024-10-28,580.5779302652368,214.58442033024733,381.5835332191439,545.0700651782903,398522.0
2024-10-29,270.19665095254294,221.09758086488696,320.6648966524596,377.3281283090795,355639.0
2024-10-30,427.09092717242186,533.6656432833765,353.60762958598326,434.3452202111686,599055.0
2024-10-31,431.7257866647751,247.18899345122463,541.759805330272,590.4313329890076,1157908.0
2024-11-01,395.8497848200979,218.0605457649168,499.5996069619828,412.9217455392665,1721143.0
2024-11-02,457.8980994307274,375.1599548571649,308.9261588724331,562.1287313504358,1879434.0
2024-11-03,291.93069031904736,537.5973887768099,247.00073608494927,233.2155031240746,535624.0
2024-11-04,421.0649071106993,304.9633505957208,300.79928865762867,276.4207474834731,379344.0
2024-11-05,348.86930209875885,368.6850470103666,568.3025804218935,376.30197737652713,735526.0
2024-11-06,464.6669038516756,215.9690130255005,432.6355351399021,433.9027233349219,1332976.0
2024-11-07,256.4894173492598,379.6314056539503,413.3920834979132,526.4911407451201,759805.0
2024-11-08,428.3509667357905,431.04523225485343,438.55743987698463,595.3048460572747,185889.0
2024-11-09,274.1081421533295,428.3628215008579,346.41130629860606,355.5405985896466,1553496.0
2024-11-10,311.45722524601456,332.97067686974606,522.842808127805,218.966254456034,300863.0
2024-11-11,287.4839201294333,326.2132722652542,409.3144997200999,520.4686013181299,1882025.0
2024-11-12,273.13511194752687,242.6494475746392,246.69916110751825,441.7522876331233,50704.0
2024-11-13,530.2843806242668,346.71932825850735,251.6260499316252,279.41714354728066,821445.0
2024-11-14,314.28302706435613,239.79786754918587,414.74365860104734,397.9313826485681,347135.0
2024-11-15,570.8495127457797,506.6383778848207,574.6280872283357,496.92409821348974,1910266.0
2024-11-16,587.9706101380764,586.5097190992743,323.3408486704795,508.1647148274575,1394068.0
2024-11-17,428.5041879748389,588.0297826666828,,399.8473647995048,231884.0
2024-11-18,257.20044906629056,546.0284397501575,,322.08581205154366,1221424.0
2024-11-19,349.8192973518325,440.3168597358476,,589.4970328153975,1325780.0
2024-11-20,519.0929053392856,480.346278897552,,465.3450443825972,1525384.0
2024-11-21,346.9562914788282,314.08232107216566,,363.2950077385195,1052640.0
2024-11-22,234.80688732111548,452.3081680690483,,312.185289681861,929159.0
2024-11-23,422.7139643712752,382.259819775951,,492.4411932014249,748470.0
2024-11-24,538.0483405984139,392.806935910773,,296.8733782375071,317067.0
2024-11-25,518.370554857401,503.1106241500632,,268.6839955894753,83563.0
2024-11-26,270.0492560521413,312.76734223890065,,411.9335555848281,1712966.0
2024-11-27,469.10584576498667,327.2158446778079,,315.99495705765673,1143355.0
2024-11-28,288.20170537425884,569.8567164514546,,451.562057969446,1742225.0
2024-11-29,287.28301382086886,222.4897179403889,,247.1754699496934,942243.0
2024-11-30,549.6287093220741,394.25371936533617,,461.97644182692864,104704.0
2024-12-01,299.86758109609207,565.1203201631447,,313.3186111990809,1315333.0
2024-12-02,305.2989386072045,444.1452031272628,,200.09717377380508,1969165.0
2024-12-03,200.26135630451984,418.5628296848528,,250.7744230696705,115234.0
2024-12-04,548.2676136502071,299.89767169174206,,573.4461511340376,1377407.0
2024-12-05,517.0379252836539,337.31019562577933,,546.9418556461432,41491.0
2024-12-06,450.9315740362712,540.8193663218772,,293.4436128144947,755909.0
2024-12-07,500.1063055755369,423.68725270738327,,511.34876181819646,1912123.0
2024-12-08,260.8194269697967,405.896877502712,,443.4286372695897,909367.0
2024-12-09,383.32943783503015,239.8318854160116,,588.3618845799479,1399498.0
2024-12-10,340.48775493951234,206.4112625820493,,349.44226381362364,927285.0
2024-12-11,237.5106105028066,585.4740754748196,,472.5842450068685,1074024.0
2024-12-12,394.4521940859696,350.79446691473663,,225.41428896956745,509393.0
2024-12-13,568.2958601370542,441.2852248398017,,358.4989387265624,1367270.0
2024-12-14,216.02364762027776,231.886029274914,,585.5270644752723,1627158.0
2024-12-15,316.5843653975176,473.2457142892186,,415.5923497800482,288590.0
2024-12-16,283.0163744822814,573.0266834823844,,315.15180133393784,343723.0
2024-12-17,295.2586614662785,430.2661011989679,,248.1083852514428,745749.0
2024-12-18,563.3738207517501,250.44612895016425,,481.4113360726122,906111.0
2024-12-19,387.22762169371606,432.68861098939067,,457.9424173718907,1139191.0
2024-12-20,386.5197651759276,506.53888524186095,,349.57548544150984,22101.0
2024-12-21,504.2302569821129,362.5666146296074,,580.3765407463337,988682.0
2024-12-22,261.7968816019703,551.9350991765871,,208.88112519514013,295160.0
2024-12-23,394.90614164002034,459.4731813429458,,321.48954065273034,1727868.0
2024-12-24,371.9940856484239,559.699567315681,,568.4277945198326,1491445.0
2024-12-25,438.7642762186624,449.4021244989349,,328.37417532777613,619769.0
2024-12-26,599.8230813001754,252.5151888019297,,300.9011335420681,582090.0
2024-12-27,507.7795576328188,323.87668444207566,,413.68816397249896,1847557.0
2024-12-28,359.1462812069709,280.71797930098273,,529.5206999682152,215005.0
2024-12-29,531.0212209096187,563.5305990867449,,241.2587043513444,1734298.0
2024-12-30,268.28334532499207,504.16002691499307,,577.2082838582944,1625706.0
2024-12-31,212.18547452358405,470.5593475640024,,518.0291524724656,51539.0
2025-01-01,281.77934898570925,320.38652785264867,,272.5001022206208,1611581.0
2025-01-02,336.16462244570386,273.6179088200854,,484.803184479265,977100.0
2025-01-03,404.232302983824,502.5804351955648,,353.98348905502286,775569.0
2025-01-04,446.05165621648,389.6631783516319,,360.91787123052745,421232.0
2025-01-05,564.2422868857686,290.3158208602516,,513.3160369755466,1239848.0
2025-01-06,403.9416038201831,446.6487912661101,,585.1139231922929,1527060.0
2025-01-07,400.5102578502917,216.1335408553808,,250.6623491388776,1507079.0
2025-01-08,220.0972039291929,330.46810165130137,338.6875044943645,368.25209475152775,120042.0
2025-01-09,213.9646210624896,387.42279783645387,498.5808515428456,392.37664323372144,132922.0
2025-01-10,420.4639847665488,259.18333364376235,557.4039885573272,350.52472678199905,97447.0
2025-01-11,375.2714452993378,593.8617910363358,502.7156891609588,345.27564948649,1399122.0
2025-01-12,535.6721579921194,283.6389458358457,332.8002808470717,220.9074670246386,1358327.0
2025-01-13,264.27183388473804,252.1412520173062,497.7768671350215,474.2154482250493,1212269.0
2025-01-14,209.98866484681983,281.4139495547586,260.79207298962046,374.48576684801816,1066399.0
2025-01-15,379.6155071720504,507.6244532638897,252.1271952365164,277.9175210575707,1083562.0
2025-01-16,294.991422700903,370.2022637087371,338.2508148144636,526.4134009208274,650970.0
2025-01-17,219.8457493355349,426.1663759010152,523.0809476176228,521.0242992606511,1642189.0
2025-01-18,489.8393147390516,208.4036627945443,298.53929889692074,394.5566512355575,1563695.0
2025-01-19,244.637199982899,213.77252342932584,225.30136355947184,319.3802644591042,1443645.0
2025-01-20,443.3278000031087,378.3302199308065,252.68381408254203,455.23709031858095,255476.0
2025-01-21,312.41990006675564,526.6620972806494,543.4979874118321,315.26085431096124,1111347.0
2025-01-22,269.39842014200883,554.0955514830262,453.51331389891504,294.4031721294848,1108549.0
2025-01-23,351.900609167727,234.6826270382561,301.2804653479907,492.2058616105306,1723626.0
2025-01-24,520.5783104891815,415.34524084040913,422.1183301312725,216.13009588838028,1879115.0
2025-01-25,356.83743076182907,565.2918745117082,411.0318489701401,237.9073884138376,1635752.0
2025-01-26,500.3078596844223,355.18910175915454,462.1743913762645,202.71526960943592,1588820.0
2025-01-27,250.19451871966027,531.8263325713474,293.2750217686465,261.17727459017044,1140415.0
2025-01-28,509.1085678660317,253.47826175977448,545.7611948777591,227.59600348418377,172605.0
2025-01-29,294.77332996265943,574.1577958671195,323.74742483200515,598.3209471119674,1017714.0
2025-01-30,470.9572519555491,500.56932701252106,477.65266159049474,315.52398798163586,521754.0
2025-01-31,426.3126219363985,576.5337571147606,206.449858548886,259.7072050676989,1154707.0
2025-02-01,571.657886884675,470.6468934210026,349.0628519576589,296.3985031983672,1383314.0
2025-02-02,354.9290071901256,345.3615727997708,340.68392718352334,574.4502286160539,717261.0
2025-02-03,226.4660755337761,575.2724690098889,417.39377143320576,408.0640892097583,540807.0
2025-02-04,207.6621942205012,310.2267105236714,229.0945047108786,345.9272385231428,691475.0
2025-02-05,530.7434243891012,332.869008824693,516.0525494904433,549.3565831636877,988770.0
2025-02-06,409.89425506457286,480.3233672006961,287.1123207070274,357.996108219613,6832.0
2025-02-07,510.0976207339797,506.1265198101545,470.81512595280407,334.0034279830783,963872.0
2025-02-08,293.77024000460585,571.7613935396615,521.2848492976373,282.9130090198942,1535217.0
2025-02-09,338.0334982052935,281.9209636224838,424.7507824966052,351.1187295637646,1691786.0
2025-02-10,212.0415488845276,519.1992140876896,496.3532826887942,326.67374240677043,110474.0
2025-02-11,584.5969298296449,495.4184213587854,464.7441248860022,470.9215837192564,599003.0
2025-02-12,467.1471626803254,225.5178225014392,342.21191886080305,315.83308186829083,863267.0
2025-02-13,573.2820351037225,354.8892564840828,523.5434156134261,430.8798985690246,1651230.0
2025-02-14,306.1985629716289,313.1061828240394,317.8805479542112,226.35686601278908,42570.0
2025-02-15,444.5854444902643,321.7961697416122,428.4851671006069,276.51566267860574,486193.0
2025-02-16,471.3999873170552,593.1787518218803,498.1590956566158,362.9621086445395,666975.0
2025-02-17,327.01988010303535,457.1109653919712,351.58236392500305,574.7797015634782,1091887.0
2025-02-18,539.2436940062521,487.0704631173998,321.10704304697003,350.90079428627814,1405965.0
2025-02-19,578.8645851600991,590.6470549260036,383.7384040691291,465.6296484799336,632475.0
2025-02-20,553.9420470784017,350.88071298305545,527.1853977396614,302.03488896855924,1863442.0
2025-02-21,495.626790375749,520.7360673811224,571.9687052582659,250.8134303892927,1140455.0
2025-02-22,310.9858718899816,373.81238532179816,418.0333651439561,223.4146400320201,545027.0
2025-02-23,312.6464168422527,547.8134687259919,464.5864821294608,322.16539941710056,71202.0
2025-02-24,585.3441281784152,272.2630165245213,561.3094488955657,263.0644107187632,103580.0
2025-02-25,204.11379837427685,,239.41874056517696,,1802355.0
2025-02-26,486.4199892968578,,292.831431146466,,1133175.0
2025-02-27,482.4984650221049,,483.560002500633,,694009.0
2025-02-28,449.075816379919,,529.4977847649199,,760724.0
2025-03-01,596.0435384347463,,542.8116113322312,,969949.0
2025-03-02,324.7517743054901,,366.04287074197305,,1694634.0
2025-03-03,335.98874551729926,,235.7359609167468,,1355190.0
2025-03-04,231.57576117862223,,375.112590919848,,1390685.0
2025-03-05,377.119254617495,,292.2938360828215,,1441052.0
2025-03-06,304.41941049393927,,316.4785819986497,,708981.0
2025-03-07,337.35468087105767,,508.90702273500233,,1445401.0
2025-03-08,533.8287161022511,,230.21083441035475,,955430.0
2025-03-09,574.1938054109983,,531.0324869922808,,1838915.0
2025-03-10,274.2932288020743,,371.0676343296676,,1692164.0
2025-03-11,349.00357262138635,,438.42557244023806,,305141.0
2025-03-12,571.4522248461576,,235.8608924942716,,196012.0
2025-03-13,224.72338427568903,,334.9436313429119,,701084.0
2025-03-14,236.9442112445514,,235.88036760593832,,889237.0
2025-03-15,265.11639568249177,,584.6174891524438,,167776.0
2025-03-16,438.08513365074987,,522.9046597305002,,389346.0
2025-03-17,260.18890840239897,,383.8531017425841,,1475183.0
2025-03-18,587.2305525802934,,289.4410193294684,,1012227.0
2025-03-19,378.68581090340814,,573.3820420999409,,771230.0
2025-03-20,400.6071841400666,,337.8386382907887,,7526.0
2025-03-21,298.6634463221626,,264.3937726749499,,947190.0
2025-03-22,388.3841009738934,,425.2657553815819,,1913347.0
2025-03-23,464.7654530548046,,577.5096481379264,,1322294.0
2025-03-24,500.4708547816171,,201.53211620012905,,275877.0
2025-03-25,501.5472330839652,,295.2499373015995,,317434.0
2025-03-26,431.15644507763534,,575.3790561641631,,339937.0
2025-03-27,561.7439099975429,,268.43438674286483,,41051.0
2025-03-28,526.9631389224437,,245.29738065592795,,20909.0
2025-03-29,502.8192458794502,,428.0748863199218,,487898.0
2025-03-30,222.24220867218423,,544.737529317932,,1130914.0
2025-03-31,202.7511848878597,,390.84392707757047,,1913440.0
2025-04-01,284.9789108781892,,597.8257026738099,,1574127.0
2025-04-02,465.4094375653809,,471.6686798151972,,1343853.0
2025-04-03,364.4789955530183,,229.6299628841791,,1760507.0
2025-04-04,360.9625037197247,,597.1328526727901,,608350.0
2025-04-05,553.8347552918456,,363.15769471207614,,1235556.0
2025-04-06,558.2251392527355,,314.961013538193,,409494.0
2025-04-07,563.6701056214342,,423.1516734311542,,378690.0
2025-04-08,325.5512306060109,,321.72303672834573,,1629322.0
2025-04-09,476.4223250957047,,234.5830028480609,,986769.0
2025-04-10,308.65327250974786,,200.5713372316707,,1895423.0
2025-04-11,276.24393322977994,,379.8333411681049,,751447.0
2025-04-12,273.85298293894766,,534.7453688906369,,845592.0
2025-04-13,336.84304834543764,,428.9260742520306,,1370119.0
2025-04-14,371.9830479119287,,599.6829195773763,,816730.0
2025-04-15,532.3796684220274,,314.73865825888,,236946.0
2025-04-16,247.95643738908484,,312.1820259040221,,682551.0
2025-04-17,493.97033895795767,,263.8997840935777,,1503756.0
2025-04-18,412.5819656757221,,265.6254353061341,,1217740.0
2025-04-19,315.178137070397,,314.07463840401914,,94407.0
2025-04-20,397.1278338131298,,517.1360181094109,,1259905.0
2025-04-21,319.97682791080905,,562.3027162545791,,502165.0
2025-04-22,438.4327820953224,,590.0348678830726,,1640377.0
2025-04-23,373.5375691420977,,292.9158616385811,,842529.0
2025-04-24,265.7622116315515,,552.5190182456367,,952783.0
2025-04-25,246.63322982227868,,331.30203571093483,,1723340.0
2025-04-26,418.6782728288521,,245.13621780675376,,468238.0
2025-04-27,560.9652133144414,,548.0099702080663,,564486.0
2025-04-28,337.58307462307425,,454.4422538574474,,1278871.0
2025-04-29,493.20004288904926,,265.89235843242466,,1040702.0
2025-04-30,463.4645419759068,,371.93250300520106,,1890005.0
2025-05-01,572.6219657237924,,314.9030779508271,,1001196.0
2025-05-02,528.3924069196564,,494.7178274840788,,1971647.0
2025-05-03,426.6421035621852,,381.3664922497072,,983536.0
2025-05-04,462.81219929364295,,595.7119780425539,,1842187.0
2025-05-05,559.354586633614,,221.8979929038381,,1055595.0
2025-05-06,359.8075138347739,,342.00610645449865,,610743.0
2025-05-07,330.71788234311094,,392.76006684399096,,745599.0
2025-05-08,204.32443345407853,,401.2534218993279,,154776.0
2025-05-09,530.6204296765857,,326.3743289542547,,1202678.0
2025-05-10,520.392280161346,,491.6960996390272,,394027.0
2025-05-11,241.7818072400605,,549.8988293955899,,860877.0
2025-05-12,430.7429524530801,,575.4877207911452,,864983.0
2025-05-13,385.5926792667549,,522.0373507198105,,8420.0
2025-05-14,247.4836382036446,,540.2320789226397,,851307.0
2025-05-15,592.2272908242894,,420.2181202479982,,183725.0
2025-05-16,285.8783549853422,,530.3552905707259,,546028.0
2025-05-17,226.89367203622447,,321.4015636591809,,1380983.0
2025-05-18,437.9389518007639,,359.39150484368577,,1683653.0
2025-05-19,495.5466708532131,,326.7652055274177,,1018368.0
2025-05-20,212.9773784188748,,386.9549341791702,,987063.0
2025-05-21,463.48705549080887,,314.23184649545453,,548753.0
2025-05-22,412.9167503805818,,584.6445769017787,,449648.0
2025-05-23,241.30600355001937,,325.13785120226726,,1581995.0
2025-05-24,269.00955077854485,,239.2178152443759,,539940.0
2025-05-25,427.1897189264322,,410.7268664201654,,463189.0
2025-05-26,318.5430454053153,,222.8396313780705,,1795979.0
2025-05-27,575.3262914605264,,244.21726652343224,,314815.0
2025-05-28,527.4960917936203,,287.75575567849853,,1298865.0
2025-05-29,593.4268826054652,,385.7400999528567,,94342.0
2025-05-30,303.8683355801656,,373.3003729236111,,1334891.0
2025-05-31,587.8894531191909,,519.8767448011165,,1270777.0
2025-06-01,372.49354791662313,,495.7898615536453,,1313396.0
2025-06-02,339.00751812550186,,370.5273175962805,,1240340.0
2025-06-03,220.13981078774128,,333.481683030252,,63541.0
2025-06-04,221.10610314384104,,326.5875136245994,,14470.0
2025-06-05,476.8045023786619,,509.5980349176036,,1037657.0
2025-06-06,383.1715977736112,,220.8289624885079,,1770280.0
2025-06-07,290.6086504144423,,205.12865980424232,,573596.0
2025-06-08,445.5881225300931,,518.2177567706592,,1992406.0
2025-06-09,301.14324730004444,,390.8585503956197,,140669.0
2025-06-10,431.052701737769,,252.3524554214304,,1680704.0
2025-06-11,343.6834987930761,,294.2263738378005,,166860.0
2025-06-12,529.4208906447276,,573.001581238953,,987524.0
2025-06-13,528.2784643067117,,543.8011902499592,,1103053.0
2025-06-14,390.9401592489605,,483.914020089589,,637549.0
2025-06-15,340.32764373400624,,392.8900921349306,,631754.0
2025-06-16,345.0239186236378,,408.1294504765543,,300215.0
2025-06-17,522.2858102672872,,590.0978141135835,,468819.0
2025-06-18,331.2717931190448,,586.3081775537148,,1508715.0
2025-06-19,283.6237494827384,,286.1076183143337,,75560.0
2025-06-20,233.8753367501228,,524.4418265221273,,784680.0
2025-06-21,386.6772483537634,,278.89706646680673,,1839142.0
2025-06-22,392.8528395679367,,285.41499115358056,,1504284.0
2025-06-23,536.3634841611629,,470.4372136658307,,1478562.0
2025-06-24,288.4954785784256,,362.00043943501936,,1392482.0
2025-06-25,352.39650946736,,572.617762842608,,1220047.0
2025-06-26,523.3622955574764,,235.60389395840355,,519295.0
2025-06-27,529.4494442995895,,404.6102563237972,,1297989.0
2025-06-28,353.8444303915073,,567.4086121772484,,1242087.0
2025-06-29,383.6496093146724,,561.645464191802,,1983649.0
2025-06-30,321.3143563397132,,262.61168536629646,,1580233.0
2025-07-01,573.0219513677248,,346.6550800385826,,1425683.0
2025-07-02,247.4575062966321,,447.6485600186785,,1282205.0
2025-07-03,573.4997692005879,,263.75795390856086,,791960.0
2025-07-04,473.5465807341373,,587.2088688182955,,1162382.0
2025-07-05,412.6288610746925,,565.8997314910641,,1214962.0
2025-07-06,213.0636243137984,,266.78007161378764,,632267.0
2025-07-07,390.2384767288033,,248.46218450439417,,940551.0
2025-07-08,363.0992420010929,,234.1633931233061,,1859756.0
2025-07-09,264.487524790049,,563.7774656146524,,1088685.0
2025-07-10,462.5638414002628,,277.4495239181843,,1591783.0
2025-07-11,588.4603629473143,,366.5139714177419,,1363218.0
2025-07-12,424.87552442581006,,379.5405462608012,,1371528.0
2025-07-13,485.90131057757833,,439.6044176854271,,741152.0
2025-07-14,227.38018102640672,,228.69413749897,,1648305.0
2025-07-15,367.0667983267979,,290.7034469602064,,380987.0
2025-07-16,246.5433940657984,,572.5961547675704,,511775.0
2025-07-17,445.11833421460415,,563.3640429074278,,1390140.0
2025-07-18,575.3928632856619,,512.5162589622769,,1475698.0
2025-07-19,464.7110929886554,,207.76049824728616,,1423167.0
2025-07-20,230.7212193257686,,330.8027073984408,,469702.0
2025-07-21,341.8664819940332,,451.1834941371631,,1120472.0
2025-07-22,420.2653517763406,,310.0760847093903,,1157007.0
2025-07-23,361.2831024533009,,563.8346780215109,,420162.0
2025-07-24,533.4576041900689,,453.5557847329768,,1624884.0
2025-07-25,525.8684018839956,,228.76268692657823,,1258914.0
2025-07-26,444.7324080412886,,563.6022355342811,,1570491.0
2025-07-27,349.38317805308213,,583.106663270489,,813593.0
2025-07-28,302.1345495052976,,231.08496735669016,,32738.0
2025-07-29,242.34972728525173,,412.944093944526,,1712861.0
2025-07-30,341.9590733946216,,321.3457128856681,,1455255.0
2025-07-31,365.2690068830878,,357.1356305925609,,62153.0
2025-08-01,470.3291700416294,,271.86048718213675,,1791884.0
2025-08-02,463.26392971902936,,431.228840804965,,66009.0
2025-08-03,228.0432558565028,,583.1917412995563,,1927946.0
2025-08-04,358.1037261724631,,401.2290401086436,,890978.0
2025-08-05,272.7115468869448,,233.16583255779247,,489469.0
2025-08-06,262.72508212672227,,448.00053339096337,,1750488.0
2025-08-07,530.9208598948983,,336.0891977805028,,1371991.0
2025-08-08,216.766086686503,,542.3700758365192,,801229.0
2025-08-09,367.6731503608485,,373.8712593265881,,1401850.0
2025-08-10,267.2814623066073,,277.13584357689825,,76942.0
2025-08-11,551.7320862713896,,276.442249076458,,123065.0
2025-08-12,422.8162053100141,,507.50567228846415,,1329685.0
2025-08-13,292.55225455073924,,306.235039322944,,1329453.0
2025-08-14,400.9709148665506,,506.8933576636892,,451439.0
2025-08-15,492.5945438812464,,282.35492430663976,,1442902.0
2025-08-16,583.2472035677736,,328.67454748052376,,1573366.0
2025-08-17,288.1784016981676,,386.19478897587976,,687286.0
2025-08-18,554.472708851738,,577.2783398773803,,689143.0
2025-08-19,573.7216456669961,,572.6925699015299,,612648.0
2025-08-20,566.5682178128266,,282.74875016891514,,1221042.0
2025-08-21,454.165742744764,,343.2876164972291,,1424098.0
2025-08-22,451.92826177388304,,259.7597553815089,,725156.0
2025-08-23,361.2842532735291,,403.9940317253988,,295431.0
2025-08-24,500.9591529215152,,384.2330202778667,,1135680.0
2025-08-25,412.5176073403728,,560.304064980293,,1739372.0
2025-08-26,470.9752284913178,,572.0021511164291,,1402636.0
2025-08-27,371.3831615395181,,353.42695640291686,,1799268.0
2025-08-28,492.5985856172557,,396.69517720759575,,1520359.0
2025-08-29,529.7886070418197,,558.4944996584533,,1534275.0
2025-08-30,258.57450264112646,,522.6831230980246,,1843196.0
2025-08-31,533.1718862296912,,201.4625245378597,,1669069.0
2025-09-01,416.1186127161229,,328.023825673433,,237321.0
2025-09-02,537.8663636360898,,368.7096967744503,,1937357.0
2025-09-03,372.5206825364058,,291.88651347329267,,142837.0
2025-09-04,351.616194153214,,279.8286463583755,,449842.0
2025-09-05,566.0242930068889,,215.11380263827184,,749067.0
2025-09-06,300.46770701936055,,457.3478900279042,,146879.0
2025-09-07,537.6849301144573,,305.00411619326627,,15204.0
2025-09-08,393.6082290037616,,220.93887137252523,,1801538.0
2025-09-09,405.6381770205039,,292.39172421122544,,718304.0
2025-09-10,323.3873125957936,,520.7655811344506,,1882128.0
2025-09-11,429.21688024760624,,540.5956726586187,,107903.0
2025-09-12,330.08447851048453,,393.226498077321,,420874.0
2025-09-13,215.7077656966609,,,,
2025-09-14,308.7994421377424,,,,
2025-09-15,202.55161736263628,,,,
2025-09-16,591.3419148227426,,,,
2025-09-17,586.2988839278989,,,,
2025-09-18,358.062118988922,,,,
2025-09-19,491.3483417358584,,,,
2025-09-20,338.32243936417,,,,
2025-09-21,468.4372628343904,,,,
2025-09-22,522.1720172183916,,,,
2025-09-23,578.7024978768964,,,,
2025-09-24,360.0849103398688,,,,
2025-09-25,513.3191931824191,,,,
2025-09-26,306.3713802528476,,,,
2025-09-27,596.1329215174594,,,,
2025-09-28,210.30783950574045,,,,
2025-09-29,441.4115226004484,,,,
2025-09-30,463.80239266053087,,,,
2025-10-01,475.2182228296516,,,,
2025-10-02,248.1550315156356,,,,
2025-10-03,575.4119133892522,,,,
2025-10-04,272.4733116200331,,,,
2025-10-05,449.1013612959365,,,,
2025-10-06,289.070431649234,,,,
2025-10-07,322.88656680850835,,,,
2025-10-08,418.58341669124974,,,,
2025-10-09,366.8773674258306,,,,
2025-10-10,264.0902403906025,,,,
2025-10-11,268.3745609683393,,,,
2025-10-12,367.2579152651199,,,,
2025-10-13,502.9131913102003,,,,
2025-10-14,559.1858587391155,,,,
2025-10-15,233.6510649037532,,,,
2025-10-16,357.2415630237604,,,,
2025-10-17,240.09822548915065,,,,
2025-10-18,206.63699225303915,,,,
2025-10-19,464.6874730575826,,,,
2025-10-20,440.9797767866351,,,,
2025-10-21,265.2076455259545,,,,
2025-10-22,293.52513323722565,,,,
2025-10-23,209.4831014578073,,,,
2025-10-24,533.9788822777615,,,,
2025-10-25,589.8762384194206,,,,
2025-10-26,254.18381471787632,,,,
2025-10-27,292.59008550611924,,,,
2025-10-28,547.3638095787736,,,,
2025-10-29,570.585519182474,,,,
2025-10-30,367.85095312272415,,,,
2025-10-31,220.24898890762967,,,,
2025-11-01,215.75673347712777,,,,
2025-11-02,429.57994642760417,,,,
2025-11-03,357.15804355727164,,,,
2025-11-04,211.4609710310618,,,,
2025-11-05,433.3009569250227,,,,
2025-11-06,204.521014635609,,,,
2025-11-07,514.9487832597092,,,,
2025-11-08,322.5731290813486,,,,
2025-11-09,216.10320120369283,,,,
2025-11-10,435.34088839326137,,,,
2025-11-11,359.0737657732219,,,,
2025-11-12,589.5201653428599,,,,
2025-11-13,417.6794650014809,,,,
2025-11-14,310.0956724148033,,,,
2025-11-15,483.7755458535899,,,,
2025-11-16,308.59680101708454,,,,
2025-11-17,561.6973165630261,,,,
2025-11-18,349.88878820295054,,,,
2025-11-19,419.9474251104821,,,,
2025-11-20,220.2292415296916,,,,
2025-11-21,370.44849518089234,,,,
2025-11-22,532.945415864398,,,,
2025-11-23,522.2595221453367,,,,
2025-11-24,289.72742354141053,,,,
2025-11-25,290.4316284042251,,,,
2025-11-26,526.9221248852947,,,,
2025-11-27,572.1593680677302,,,,
2025-11-28,238.14436850920143,,,,
2025-11-29,380.0234557704901,,,,
2025-11-30,334.9817115856916,,,,
2025-12-01,548.2753821829758,,,,
2025-12-02,233.4099658720075,,,,
2025-12-03,284.45037702321497,,,,
2025-12-04,500.9873350345977,,,,
2025-12-05,220.51753959248623,,,,
2025-12-06,397.0141522857157,,,,
2025-12-07,376.842813871888,,,,
2025-12-08,333.76047159549944,,,,
2025-12-09,357.8289261275695,,,,
2025-12-10,411.9762347720932,,,,
2025-12-11,264.5469433553533,,,,
2025-12-12,428.79835131343714,,,,
2025-12-13,522.1729317199945,,,,
2025-12-14,504.0643719160637,,,,
2025-12-15,261.55996187750947,,,,
2025-12-16,259.6997878965896,,,,
2025-12-17,307.26974709796536,,,,
2025-12-18,344.42989053641486,,,,
2025-12-19,363.382232563393,,,,
2025-12-20,471.8788867333381,,,,
2025-12-21,222.67217286633417,,,,
2025-12-22,213.86908169042653,,,,
2025-12-23,356.7642251775636,,,,
2025-12-24,478.8654768551922,,,,
2025-12-25,277.374137182593,,,,
2025-12-26,456.6017925025007,,,,
2025-12-27,303.9312551761198,,,,
2025-12-28,554.4344435254066,,,,
2025-12-29,558.2759777066466,,,,
2025-12-30,318.9148817125306,,,,
2025-12-31,291.9975015852962,,,,
2026-01-01,364.5215888264925,,,,
2026-01-02,296.2126340720595,,,,
2026-01-03,468.95353731668143,,,,
2026-01-04,530.4258738193142,,,,
2026-01-05,469.2368523644868,,,,
2026-01-06,529.7401788997398,,,,
2026-01-07,358.79686488298967,,,,
2026-01-08,262.5267882835444,,,,
2026-01-09,495.1803789590369,,,,
2026-01-10,344.18980205662155,,,,
2026-01-11,468.508330091653,,,,
2026-01-12,308.25757679270623,,,,
2026-01-13,232.4918539226691,,,,
2026-01-14,597.0327181951054,,,,
2026-01-15,262.48060317223974,,,,
2026-01-16,595.3683975853924,,,,
2026-01-17,590.9119730265788,,,,
2026-01-18,517.5272415632159,,,,
2026-01-19,463.7691848327991,,,,
2026-01-20,431.1228201004338,,,,
2026-01-21,546.4406181511339,,,,
2026-01-22,315.7758086477952,,,,
2026-01-23,387.0724849939508,,,,
2026-01-24,447.7559877466008,,,,
2026-01-25,364.4761903477964,,,,
2026-01-26,370.9945816361072,,,,
2026-01-27,332.1138670008337,,,,
2026-01-28,425.6927266738144,,,,
2026-01-29,540.2298112060464,,,,
2026-01-30,280.6113512025252,,,,
2026-01-31,573.7732155013766,,,,
2026-02-01,475.6350614992919,,,,
2026-02-02,529.309285072012,,,,
2026-02-03,422.4762770520047,,,,
2026-02-04,511.80668056962537,,,,
2026-02-05,206.48015893578687,,,,
2026-02-06,527.3521699118141,,,,
2026-02-07,216.0555436341466,,,,
2026-02-08,555.9653505451449,,,,
2026-02-09,596.7850988954574,,,,
2026-02-10,317.6269848707111,,,,
2026-02-11,284.12742251431746,599.0689053058636,,558.9676200312695,
2026-02-12,506.1453455432163,305.42059179871114,,462.4584367389769,
2026-02-13,301.2105363681013,311.65218830970787,,552.7419203282732,
2026-02-14,546.2249532688813,572.2689022249593,,394.11228684407934,
2026-02-15,241.13703686299067,209.85776185452903,,416.8133380388808,
2026-02-16,250.3820785517433,478.6755951492788,,567.6153108114685,
2026-02-17,591.6606220402462,490.13055629435127,,559.9638173418687,
2026-02-18,469.5355593080018,534.5514309641597,,379.2643493476008,
2026-02-19,538.7548897715811,589.7757242553901,,309.7650526542727,
2026-02-20,329.7317509406072,590.240767662661,,357.2681738257057,
2026-02-21,470.59349980824175,226.11070302658555,,355.1057314118999,
2026-02-22,437.6967309234389,528.735729101161,,314.7467499931176,
2026-02-23,441.2600480491788,458.5239734629525,,307.4318417331866,
2026-02-24,473.0129838150886,458.9368537492365,,544.4251745918878,
2026-02-25,430.1436692516394,251.3399706458779,,227.94476827386467,
2026-02-26,371.6249477210664,460.0748665782613,,471.0444728398377,
2026-02-27,310.36907775221874,592.9930322404991,,269.1280205825809,
2026-02-28,507.4325323652808,564.7274278157788,,337.8023573576253,
2026-03-01,290.5089720012745,375.6522643219402,,224.61721365393475,
2026-03-02,476.94172246176566,215.9791893144377,,307.9894547421848,
2026-03-03,293.33312905973065,344.9173960000819,,507.36842844689687,
2026-03-04,450.1320679817816,530.5561246402222,,554.0061298189034,
2026-03-05,498.83130685161154,480.5996405860664,,288.6108607609468,
2026-03-06,287.4855555626157,383.7374622375826,,385.4191357035687,
2026-03-07,223.9773203445233,222.04061406353244,,388.1296191748826,
2026-03-08,252.38949719766964,370.757891129321,,549.4301223038937,
2026-03-09,442.3987869084102,387.6099758871534,,505.1196211503222,
2026-03-10,539.7785624902942,571.4222131576544,,405.23088734722,
2026-03-11,217.9987284941697,456.43444143286376,,468.29888018870935,
2026-03-12,493.6605036166585,324.6611666618596,,538.9420215637467,
2026-03-13,336.52745838002085,410.12730578028857,,203.815581610218,
2026-03-14,391.411347967809,226.42212312886403,,361.15601242001947,
2026-03-15,571.5438199382263,589.0272942598947,,562.8972669108315,
2026-03-16,332.78860189433817,344.0239607722904,,496.1252123375805,
2026-03-17,386.1347735757944,391.1469419652543,,417.13654973362986,
2026-03-18,205.47296590427243,342.1135896947691,,411.8578108140534,
2026-03-19,232.6394880019353,473.0046920464801,,339.1080390417751,
2026-03-20,303.4366364539136,464.8928633318372,,408.2082134566058,
2026-03-21,211.14089632842976,486.12892421165424,,462.1532797853813,
2026-03-22,452.5501304193004,307.2572918447684,,367.34521537151727,
2026-03-23,370.559342720649,326.2673924656264,,485.6612585568696,
2026-03-24,419.2580810912089,250.1004924384832,,544.4928909041544,
2026-03-25,269.8588743585318,462.20398873844505,,261.8739392739445,
2026-03-26,318.37281177464644,215.91885093426103,,380.6188091269698,
2026-03-27,465.52978994109,439.0729342093836,,363.2080365140324,
2026-03-28,586.1210894521599,547.8783539406536,,474.98592161989126,
2026-03-29,220.1667094408837,556.3328593158534,,299.9469861031717,
2026-03-30,556.1537283421064,379.6151041479847,,456.1003659809105,
2026-03-31,430.7524805244834,383.72147528522953,,550.9956966925952,
2026-04-01,425.5678267022495,230.7876732032069,,367.2526399174491,
2026-04-02,400.11141408310414,468.3060101772143,,564.406279991688,
2026-04-03,227.75763436167333,528.5037681491382,,597.2654955733914,
2026-04-04,235.95074069446423,297.8620218418852,,242.43681997918085,
2026-04-05,440.3648022636344,368.52035265334587,,293.2212751939435,
2026-04-06,336.38342857422333,535.5357347061081,,580.1519005928373,
2026-04-07,566.9072266310723,550.8481870649152,,583.3310745925547,
2026-04-08,362.6362149437889,297.2719921056904,,239.0829101547034,
2026-04-09,257.31258348105644,420.2282538165457,,205.99940015085468,
2026-04-10,485.8875334008144,276.99726025433085,,264.4400093025689,
2026-04-11,317.341368576404,240.75150565582263,,598.4051133528993,
2026-04-12,410.18812294235727,564.448200556783,,271.9998466442747,
2026-04-13,479.133114202068,528.2030016928436,,401.0190426888093,
2026-04-14,560.1056444808282,504.0139607212696,,539.3670905722045,
2026-04-15,516.8764779206704,219.50652752525616,,208.1606442752825,
2026-04-16,470.5444271490896,537.491517084103,,441.7955929033838,
2026-04-17,471.8532729580575,375.2176303621535,,310.8101795478497,
2026-04-18,578.3698576128346,336.95804931834385,,544.9339665758926,
2026-04-19,318.3296389986144,418.5905444101506,,313.3844597056317,
2026-04-20,200.44483767847493,236.5412970894224,,474.70228811276354,
2026-04-21,308.78182375927946,502.6586197409595,,469.68785297895874,
2026-04-22,287.1565518506976,432.9740307553184,,288.597419543856,
2026-04-23,464.7338340455993,274.636038749267,,213.9196799473401,
2026-04-24,453.4846399062116,275.29287990761827,,363.6998295141589,
2026-04-25,437.3845530818895,273.6994606290697,,315.6772607863479,
2026-04-26,206.49737728378147,222.8009550207736,,523.5910998454834,
2026-04-27,491.511221780259,435.1193797486739,,520.145675382138,
2026-04-28,329.4121649941966,536.1392710354032,,382.80958087705017,
2026-04-29,466.02239560265247,206.99928559495544,,442.6048901292876,
2026-04-30,422.6313714008613,219.6018579885094,,441.7038063947701,
2026-05-01,337.0923701711629,429.1081106747784,,530.8632593710494,
2026-05-02,253.8305068416431,527.7982741544209,,370.000965649279,
2026-05-03,237.7675590641924,330.69555622745344,,310.1786719162036,
2026-05-04,532.6073332448894,339.8457595230889,,306.01396725621896,
2026-05-05,567.3590168326232,438.5385989987104,,414.4769117128816,
2026-05-06,459.91521870571984,309.6851556496588,,379.65928109288507,
2026-05-07,241.37364594419336,210.64334643107367,,376.0483083939745,
2026-05-08,360.8108867552963,494.0914072406384,,236.4549356358829,
2026-05-09,491.5756800420629,450.2599651765812,,487.4414962760782,
2026-05-10,511.9283536040272,432.3023996222637,,285.49467519276425,
2026-05-11,247.28744891643544,496.67365159672926,,278.78145208348855,
2026-05-12,200.0122875381529,470.092335024815,,365.10332811095736,
2026-05-13,484.854818352242,282.35279527132843,,291.11133664712054,
2026-05-14,342.6384703944823,340.99241877734045,,433.54330692320616,
2026-05-15,301.7925326473041,250.44405667145,,348.5853357337886,
2026-05-16,205.15898791581017,251.9428053671524,,379.56468903711607,
2026-05-17,416.1197627045999,470.4782985426157,,414.8677286416115,
2026-05-18,540.4602941703927,543.4400427929993,,281.4142089927219,
2026-05-19,583.0526585090352,585.0930335444557,,262.3006491462119,
2026-05-20,426.29798024531567,451.33884701977775,,552.1687611494419,
2026-05-21,405.7845310959577,273.6405293443828,,373.4894811325684,
2026-05-22,234.02255419569644,242.26013817957227,,364.83744385301566,
2026-05-23,419.5491206170399,525.1403886147032,,214.2448601091366,
2026-05-24,351.99163158615784,431.5025905439997,,399.1905210349573,
2026-05-25,442.8541123534308,447.3140084054879,,421.6678886444,
2026-05-26,355.4905391506187,512.5848355018836,,423.53634838186656,
2026-05-27,296.1196493801467,481.3108910929806,,482.81246772915375,
2026-05-28,237.9861100913506,533.7833011424386,,270.9927339964047,
2026-05-29,325.9673778355583,222.4855621839514,,300.8892536922475,
2026-05-30,238.6579337151009,499.008254698602,,524.2921860921651,
2026-05-31,270.7587803295936,540.3411029288382,,578.8682467373576,
2026-06-01,594.9344634318184,314.45401698332574,,254.37309894692825,
2026-06-02,377.6414227626474,456.17890959730113,,399.0598218020873,
2026-06-03,412.7487066020066,325.66482553478886,,285.6705010958348,
2026-06-04,549.4474114948862,583.1884265929816,,224.0292673419929,
2026-06-05,598.2275601962751,213.3694289742015,,330.2013352504542,
2026-06-06,433.0857797378726,431.917137533182,,257.4750500736851,
2026-06-07,524.9895284176687,266.60141881980604,,483.9732293736985,
2026-06-08,330.7764097346701,484.88808207086345,,413.49016546857774,
2026-06-09,322.29758297891647,270.35611336746484,,257.53378839612435,
2026-06-10,361.0814883978241,294.15330475934303,,203.6966353622057,
2026-06-11,469.0029050694597,397.7483244183032,,523.262819609685,
2026-06-12,472.8766757020395,565.9339799987513,,270.477762465699,
2026-06-13,326.0957738597803,284.6857488591883,,442.4866568883064,
2026-06-14,253.28396965465143,257.6960084472414,,334.76876523069825,
2026-06-15,452.9585025862034,503.5907327416122,,434.1943753260142,
2026-06-16,251.3303448755058,400.2478129335724,,326.2614507929296,
2026-06-17,431.39700329173206,564.7140449527085,,234.7758242769017,
2026-06-18,477.3688512225236,258.6458228639369,,289.1800034231014,
2026-06-19,480.2445985577807,458.3711572092157,,275.22342659163024,
2026-06-20,501.3888442638387,293.151658460726,,371.2077409758575,
2026-06-21,549.1437686262658,262.70417146065574,,463.3135133704629,
2026-06-22,399.9835967859154,473.3717660629082,,305.522429978543,
2026-06-23,492.0996758118285,437.4738479634933,,204.8279741202472,
2026-06-24,447.6690941463347,501.9309833449325,,407.5749457059028,
2026-06-25,274.65597591907306,323.78503057847297,,442.3037957435888,
2026-06-26,210.27585794776328,379.188662552876,,585.1481976007238,
2026-06-27,313.8165542707735,362.1886705321674,,435.7883212372988,
2026-06-28,377.2134825350478,593.6357855866056,,388.4690237512567,
2026-06-29,446.8423777714625,316.8995826957552,,429.3606503590816,
2026-06-30,539.9837322012821,317.92689533870674,,571.1602519448109,
2026-07-01,278.49828668246624,341.8192835314429,,531.3512582406586,
2026-07-02,250.21991595939085,425.83763251612856,,329.1914933455232,
2026-07-03,585.391978989731,300.92909770549807,,294.90174546285493,
2026-07-04,243.21782375056284,566.1159761517096,,305.05344494642947,
2026-07-05,391.3964280428757,306.2742259465054,,401.7684158860852,
2026-07-06,434.22549151732073,558.326292624078,,497.61978049143113,
2026-07-07,416.5497683629753,241.39002545863383,,401.2876828731849,
2026-07-08,234.4128628131773,462.62508095986095,,227.11855833124503,
2026-07-09,222.8107656014477,562.7942073752974,,489.4322801759924,
